FIPS,COUNTY,ST_ABBR,RPL_THEMES,RPL_THEME1,RPL_THEME2,RPL_THEME3,RPL_THEME4,EP_NOVEH,EP_AFAM,EP_UNINSUR,EP_LIMENG,EP_POV150,EP_UNEMP,EP_NOHSDP,EP_HISP,EP_MUNIT,EP_HBURD,EP_DISABL,EP_MINRTY,ANNUAL_CHECKUP,DEPRESSION_PREV,DIABETES_PREV,FOOD_INSECURITY,HIGH_CHOL_PREV,MAMMOGRAPHY,OBESITY_PREV,RURAL_CODE,REGION_Northeast,REGION_South,REGION_West
01001,Autauga County,AL,0.2663,0.2367,0.3675,0.6354,0.2358,4.0,19.6,7.4,0.4,20.2,2.8,9.6,3.2,3.9,19.7,16.4,27.4,80.2,25.5,12.350000000000001,16.75,38.8,80.80000000000001,39.65,3.0,0,1,0
01003,Baldwin County,AL,0.3487,0.3433,0.2883,0.489,0.4308,2.3,8.3,9.3,0.8,18.3,3.4,8.4,4.8,16.6,23.2,13.9,17.7,79.1,23.2,11.9,13.7,39.099999999999994,74.9,35.1,4.0,0,1,0
01005,Barbour County,AL,0.9927,0.9399,0.9399,0.8941,0.9959,11.7,46.9,10.7,2.0,37.7,5.8,23.5,4.8,1.4,25.1,18.1,55.4,80.35,22.5,18.05,31.3,39.75,75.15,46.95,5.0,0,1,0
01007,Bibb County,AL,0.8451,0.8893,0.4954,0.6185,0.8931,7.5,20.7,8.4,0.3,29.0,8.7,21.1,2.9,2.7,23.2,19.6,25.8,78.25,24.7,15.05,23.9,39.55,69.35,43.8,2.0,0,1,0
01009,Blount County,AL,0.6166,0.6866,0.7884,0.413,0.3532,4.8,1.2,10.2,2.2,22.9,6.0,18.2,9.7,0.9,19.4,17.0,14.3,78.25,25.4,12.55,17.2,38.95,70.15,36.05,2.0,0,1,0
01011,Bullock County,AL,0.8985,0.8654,0.5138,0.9809,0.9491,10.4,68.9,12.2,1.8,47.4,3.7,26.6,8.8,4.1,23.3,11.2,79.4,81.19999999999999,21.4,22.950000000000003,43.45,40.150000000000006,75.15,51.15,6.0,0,1,0
01013,Butler County,AL,0.6872,0.8441,0.6106,0.8661,0.217,5.0,44.6,11.0,0.1,33.8,6.8,12.4,1.7,0.8,22.5,16.2,49.1,81.44999999999999,23.15,17.049999999999997,27.65,39.7,76.65,40.55,6.0,0,1,0
01015,Calhoun County,AL,0.8145,0.854,0.65,0.658,0.7114,5.6,21.7,10.8,0.5,28.7,6.9,14.9,4.1,3.7,23.0,20.2,29.5,78.44999999999999,24.950000000000003,13.850000000000001,21.0,37.9,76.25,38.85,4.0,0,1,0
01017,Chambers County,AL,0.8295,0.7171,0.5317,0.8396,0.9469,7.0,40.8,10.8,0.3,28.8,3.6,16.5,3.3,7.2,23.1,20.8,45.7,80.2,23.299999999999997,16.2,25.35,38.3,76.55,41.55,5.0,0,1,0
01019,Cherokee County,AL,0.406,0.6077,0.6494,0.2628,0.1152,3.2,4.0,10.2,0.9,25.6,4.0,18.1,1.9,1.2,19.9,20.3,9.3,78.35,26.05,13.9,17.65,41.349999999999994,74.8,39.4,6.0,0,1,0
01021,Chilton County,AL,0.5336,0.5924,0.6837,0.5425,0.2698,3.3,9.4,11.5,2.1,22.8,5.3,17.8,8.1,0.5,16.0,19.4,20.9,78.05,24.9,13.05,19.049999999999997,40.5,73.65,39.9,2.0,0,1,0
01023,Choctaw County,AL,0.6548,0.6901,0.798,0.8151,0.2539,5.7,39.9,8.2,0.3,31.9,5.2,17.6,1.1,0.9,19.3,23.6,43.5,81.44999999999999,24.3,17.55,26.35,40.849999999999994,75.44999999999999,44.45,6.0,0,1,0
01025,Clarke County,AL,0.8365,0.8412,0.7264,0.8641,0.6462,10.6,45.4,9.5,0.1,29.7,12.5,18.6,1.5,1.4,20.0,19.6,48.8,81.15,23.25,16.65,26.6,38.5,75.9,44.05,6.0,0,1,0
01027,Clay County,AL,0.6223,0.7235,0.3688,0.5269,0.5851,6.4,12.6,8.1,0.0,29.1,5.7,16.7,3.1,0.7,20.6,19.6,19.9,79.05000000000001,25.2,14.7,20.9,40.55,73.15,42.45,6.0,0,1,0
01029,Cleburne County,AL,0.5196,0.4938,0.6739,0.1985,0.5482,6.8,2.7,10.1,0.4,27.7,2.6,17.5,2.6,0.3,17.8,21.4,7.8,77.75,26.2,13.149999999999999,17.45,39.7,74.45,37.25,6.0,0,1,0
01031,Coffee County,AL,0.6802,0.6497,0.9488,0.6806,0.2323,4.0,16.1,10.9,1.7,26.2,4.8,13.4,8.4,1.6,20.6,18.3,31.2,78.5,24.65,13.75,19.950000000000003,37.75,75.0,40.9,5.0,0,1,0
01033,Colbert County,AL,0.4467,0.4944,0.6984,0.5644,0.16,4.7,16.0,7.9,0.9,23.1,3.4,13.6,3.2,3.1,22.9,17.3,22.3,79.2,25.15,13.55,18.15,39.3,71.45,37.45,4.0,0,1,0
01035,Conecuh County,AL,0.5122,0.5272,0.5332,0.8727,0.2482,7.0,48.0,8.6,0.0,38.6,4.4,10.6,0.7,1.3,17.9,20.9,50.3,81.3,23.200000000000003,19.450000000000003,31.5,40.5,73.35,46.599999999999994,6.0,0,1,0
01037,Coosa County,AL,0.4808,0.3513,0.328,0.7321,0.6427,3.8,30.2,6.2,0.0,22.2,4.4,16.5,2.7,0.1,15.3,25.6,35.8,80.15,23.25,16.05,22.15,39.95,77.44999999999999,41.75,5.0,0,1,0
01039,Covington County,AL,0.7121,0.7509,0.7821,0.4839,0.5075,6.4,12.3,10.3,0.1,30.1,5.5,14.2,2.0,1.0,20.9,20.8,17.5,79.30000000000001,25.15,14.55,19.75,40.6,75.4,38.0,6.0,0,1,0
01041,Crenshaw County,AL,0.685,0.7588,0.6201,0.6656,0.4575,7.3,22.9,8.5,0.5,28.4,6.1,17.9,2.5,0.4,20.7,16.9,30.1,79.75,24.4,15.0,22.4,39.05,73.0,40.4,6.0,0,1,0
01043,Cullman County,AL,0.4909,0.5323,0.713,0.2587,0.3341,2.9,1.1,10.6,0.8,23.3,4.3,15.4,4.6,2.7,18.6,18.2,9.2,78.1,25.95,12.2,16.049999999999997,38.35,74.1,36.3,5.0,0,1,0
01045,Dale County,AL,0.7766,0.8648,0.9014,0.7003,0.2736,5.2,20.4,10.0,0.9,29.6,7.8,14.3,7.0,1.7,23.3,20.8,32.7,79.0,25.15,14.75,21.75,39.400000000000006,74.19999999999999,41.4,5.0,0,1,0
01047,Dallas County,AL,0.9189,0.9555,0.867,0.9698,0.594,14.6,68.7,9.5,0.2,40.8,9.1,14.7,1.1,1.7,28.4,19.8,73.0,83.0,20.85,20.25,34.95,40.400000000000006,78.8,46.4,5.0,0,1,0
01049,DeKalb County,AL,0.756,0.7996,0.8139,0.5425,0.5017,4.2,1.5,14.6,4.7,33.6,3.9,22.3,15.4,1.1,20.6,15.4,20.9,77.1,26.75,14.5,23.15,39.55,71.55000000000001,38.6,5.0,0,1,0
01051,Elmore County,AL,0.4397,0.3185,0.3869,0.6373,0.5667,4.3,20.8,8.2,0.7,18.7,4.2,11.5,3.1,3.2,18.5,15.2,27.6,79.6,23.3,12.2,17.6,38.150000000000006,76.69999999999999,38.8,3.0,0,1,0
01053,Escambia County,AL,0.8473,0.9462,0.7353,0.7814,0.4986,6.1,30.2,12.3,0.4,38.3,9.2,17.7,2.6,0.7,22.4,20.3,39.8,79.5,24.45,17.05,29.25,39.7,71.1,43.9,6.0,0,1,0
01055,Etowah County,AL,0.672,0.7961,0.7544,0.574,0.2911,4.2,15.0,11.7,0.9,27.2,6.0,13.9,4.4,3.1,22.1,17.4,22.9,78.95,25.5,14.850000000000001,20.25,39.25,74.5,43.7,4.0,0,1,0
01057,Fayette County,AL,0.7458,0.8514,0.4788,0.4556,0.6914,10.7,12.7,10.1,0.1,34.5,9.6,16.3,0.4,2.6,19.7,23.5,16.1,79.05,26.5,14.850000000000001,20.65,39.599999999999994,72.0,40.6,6.0,0,1,0
01059,Franklin County,AL,0.7576,0.6675,0.9491,0.6045,0.4846,9.2,4.2,12.5,4.2,33.3,3.8,19.9,18.4,2.2,16.6,17.0,24.8,77.4,25.5,15.149999999999999,24.4,40.7,72.8,42.2,5.0,0,1,0
01061,Geneva County,AL,0.5822,0.6729,0.6427,0.5161,0.3509,6.8,8.9,12.1,0.6,32.0,3.9,16.6,4.4,0.4,18.9,23.9,19.2,78.6,26.4,14.7,21.549999999999997,39.900000000000006,77.0,42.25,4.0,0,1,0
01063,Greene County,AL,0.9157,0.9211,0.8425,0.9857,0.7254,13.2,81.8,13.9,0.0,50.0,4.5,18.1,0.3,3.5,25.1,28.2,82.9,83.45,21.2,24.1,42.849999999999994,40.650000000000006,75.7,53.05,3.0,0,1,0
01065,Hale County,AL,0.8826,0.9341,0.5072,0.9259,0.8148,11.5,56.8,7.0,0.2,35.9,7.6,19.4,0.2,0.9,28.6,25.0,61.6,81.45,21.75,18.0,30.85,38.8,79.85,47.7,3.0,0,1,0
01067,Henry County,AL,0.6195,0.6519,0.5695,0.6726,0.4677,7.6,25.1,9.6,0.3,25.9,5.3,18.5,2.7,0.8,18.3,20.6,30.5,79.95,23.9,14.75,20.55,39.8,74.8,41.25,4.0,0,1,0
01069,Houston County,AL,0.7175,0.7703,0.7499,0.7251,0.3936,6.2,27.1,11.7,0.5,27.8,5.0,12.4,3.6,4.1,24.0,16.8,35.1,80.4,25.35,14.399999999999999,20.95,37.2,75.05,40.5,4.0,0,1,0
01071,Jackson County,AL,0.7194,0.8552,0.8136,0.328,0.3783,4.6,3.2,11.0,0.7,31.0,6.0,18.0,3.2,1.1,21.9,21.7,11.2,78.3,27.45,14.35,20.200000000000003,39.55,72.65,39.2,5.0,0,1,0
01073,Jefferson County,AL,0.7251,0.6802,0.6109,0.8766,0.6017,6.9,42.6,9.0,1.0,24.6,5.4,8.9,4.2,13.9,28.3,14.9,51.1,80.6,22.95,14.3,20.450000000000003,37.45,84.45,37.5,2.0,0,1,0
01075,Lamar County,AL,0.4731,0.5654,0.4718,0.413,0.3395,5.7,11.0,7.8,0.1,26.7,5.0,17.9,0.5,2.5,17.3,22.4,14.3,78.85,25.6,14.8,20.55,41.0,77.5,40.8,6.0,0,1,0
01077,Lauderdale County,AL,0.4919,0.4687,0.4219,0.4636,0.5568,6.1,9.7,9.5,0.9,24.4,3.6,11.2,3.0,7.1,20.8,15.3,16.6,78.7,24.7,11.95,15.600000000000001,37.65,75.15,36.150000000000006,4.0,0,1,0
01079,Lawrence County,AL,0.3624,0.4652,0.3878,0.5867,0.1833,5.1,10.2,9.1,0.6,27.2,3.0,17.3,2.5,1.0,16.9,21.4,23.7,78.5,25.5,14.0,20.15,39.3,75.35,39.35,4.0,0,1,0
01081,Lee County,AL,0.6446,0.5609,0.2046,0.7038,0.9023,4.8,22.1,8.6,1.3,27.0,3.8,8.3,3.9,12.7,27.3,13.2,33.1,79.15,23.5,12.6,17.3,35.8,78.69999999999999,39.15,4.0,0,1,0
01083,Limestone County,AL,0.3233,0.3,0.2574,0.6115,0.399,3.1,13.0,8.2,1.0,18.4,4.1,12.7,6.3,3.6,16.7,14.3,25.3,78.75,23.95,11.7,15.25,38.05,76.25,39.3,3.0,0,1,0
01085,Lowndes County,AL,0.9042,0.9679,0.7642,0.9755,0.5813,11.1,74.8,8.9,0.0,45.0,7.5,16.7,0.2,0.0,36.2,22.4,75.4,82.65,21.45,21.75,39.3,39.2,74.7,51.25,3.0,0,1,0
01087,Macon County,AL,0.9656,0.9618,0.6185,0.9866,0.9765,10.8,78.8,11.1,0.4,36.7,12.5,17.3,2.4,5.0,24.7,18.4,83.9,83.0,21.15,18.85,32.25,37.05,79.15,47.900000000000006,4.0,0,1,0
01089,Madison County,AL,0.3509,0.2813,0.3369,0.7423,0.3723,4.1,24.3,7.8,1.1,17.8,4.2,7.8,5.3,10.2,21.4,13.5,36.5,79.8,21.8,11.5,13.5,36.85,79.80000000000001,40.0,3.0,0,1,0
01091,Marengo County,AL,0.6691,0.5434,0.7741,0.8953,0.4932,8.6,50.8,9.3,0.0,32.5,2.8,10.9,2.8,2.1,22.1,22.6,55.5,81.8,22.9,17.950000000000003,28.1,40.8,75.80000000000001,43.150000000000006,6.0,0,1,0
01093,Marion County,AL,0.6946,0.8565,0.4368,0.2587,0.6507,5.0,3.8,11.0,0.3,30.1,6.5,19.4,2.7,1.4,21.0,25.7,9.2,78.1,26.5,13.9,19.65,40.45,72.45,42.45,6.0,0,1,0
01095,Marshall County,AL,0.6201,0.6223,0.9087,0.5425,0.2504,4.8,2.7,11.1,3.4,26.6,3.8,15.6,15.1,1.9,20.6,14.1,20.9,77.2,25.799999999999997,13.45,18.75,39.65,73.4,37.6,5.0,0,1,0
01097,Mobile County,AL,0.8304,0.8629,0.623,0.8212,0.7095,6.7,36.0,11.3,0.9,28.3,5.9,11.9,3.0,10.1,28.3,13.8,44.2,78.85,22.4,15.100000000000001,21.9,37.75,77.7,39.0,3.0,0,1,0
01099,Monroe County,AL,0.7416,0.9119,0.2997,0.8473,0.4871,6.3,42.3,11.0,0.1,34.2,12.2,16.3,0.2,1.4,21.6,16.4,46.3,81.05,23.45,17.65,28.65,39.3,76.05,43.849999999999994,6.0,0,1,0
01101,Montgomery County,AL,0.929,0.9036,0.8762,0.9542,0.8069,6.9,58.9,10.6,1.4,30.0,6.8,12.0,3.8,9.1,30.4,16.4,68.4,82.5,21.2,15.6,25.200000000000003,36.05,81.05000000000001,46.2,3.0,0,1,0
01103,Morgan County,AL,0.6787,0.5396,0.8142,0.6179,0.6258,5.1,12.9,11.0,2.5,23.4,4.2,14.8,8.8,5.1,19.1,16.7,25.7,78.15,24.45,13.5,18.35,38.849999999999994,75.1,38.55,4.0,0,1,0
01105,Perry County,AL,0.9214,0.9456,0.7976,0.9653,0.7324,10.4,70.1,6.6,0.0,49.2,15.7,20.4,1.0,0.5,26.4,25.2,71.6,83.0,22.75,22.55,40.65,39.95,75.6,53.45,6.0,0,1,0
01107,Pickens County,AL,0.8918,0.7646,0.9268,0.8482,0.8387,7.8,39.2,8.5,1.8,33.6,5.3,15.1,5.2,2.3,22.1,24.1,46.4,80.2,22.700000000000003,16.6,27.299999999999997,39.6,79.65,48.0,3.0,0,1,0
01109,Pike County,AL,0.8002,0.8218,0.2634,0.8279,0.8906,6.7,37.2,8.9,0.8,34.0,4.9,12.1,2.4,5.4,30.5,15.1,44.7,79.6,24.65,14.35,24.25,35.900000000000006,76.1,41.8,5.0,0,1,0
01111,Randolph County,AL,0.559,0.4998,0.6857,0.6128,0.4598,5.3,19.0,8.4,0.2,27.2,3.2,18.0,3.0,0.9,18.7,19.0,25.4,79.75,25.1,14.4,19.95,40.65,74.7,37.9,6.0,0,1,0
01113,Russell County,AL,0.8963,0.9504,0.8925,0.8976,0.4897,8.8,44.5,11.7,0.6,32.0,6.5,14.8,5.9,4.8,33.1,21.0,55.9,80.0,24.1,16.3,27.7,38.75,76.25,42.85,3.0,0,1,0
01115,St. Clair County,AL,0.2587,0.3048,0.1893,0.4378,0.3287,3.3,9.6,8.2,0.1,16.5,4.3,12.7,2.5,1.1,17.9,16.3,15.4,78.85,25.45,11.95,15.75,39.75,76.4,39.400000000000006,2.0,0,1,0
01117,Shelby County,AL,0.1238,0.0735,0.2453,0.5927,0.1842,2.6,13.0,6.4,1.3,11.6,3.1,6.2,5.9,7.1,18.9,12.0,24.1,78.85,21.950000000000003,10.399999999999999,11.35,38.0,80.5,31.65,2.0,0,1,0
01119,Sumter County,AL,0.9255,0.9185,0.6997,0.9736,0.9004,7.7,72.3,9.7,0.5,44.1,8.2,11.2,0.7,2.1,26.9,20.3,74.8,82.75,21.7,18.95,33.05,37.8,79.4,48.6,6.0,0,1,0
01121,Talladega County,AL,0.908,0.889,0.8291,0.7579,0.8689,7.7,31.8,9.4,0.6,29.7,8.4,16.8,2.5,1.9,23.4,21.5,37.7,80.6,23.2,15.7,23.05,38.900000000000006,76.65,45.5,5.0,0,1,0
01123,Tallapoosa County,AL,0.8692,0.8139,0.9526,0.6847,0.6637,6.9,26.5,9.5,1.0,27.4,10.4,18.1,2.4,3.9,19.9,20.8,31.4,80.7,24.35,14.75,20.1,40.8,74.55000000000001,39.55,5.0,0,1,0
01125,Tuscaloosa County,AL,0.651,0.6319,0.1371,0.776,0.8584,5.7,32.0,6.7,0.7,25.9,5.5,9.4,4.0,16.9,27.3,12.5,39.5,80.94999999999999,24.85,12.2,19.8,37.5,78.6,42.1,3.0,0,1,0
01127,Walker County,AL,0.6398,0.741,0.8352,0.3649,0.3166,4.7,6.0,12.1,0.5,28.0,5.7,17.3,2.9,0.8,18.1,24.3,12.4,78.6,27.200000000000003,13.649999999999999,19.55,38.5,69.5,35.75,2.0,0,1,0
01129,Washington County,AL,0.3217,0.5962,0.1158,0.72,0.1145,4.1,23.4,9.2,0.0,30.2,6.3,11.7,1.7,0.0,15.0,15.6,34.7,79.55,24.8,15.15,21.65,39.55,75.30000000000001,41.05,6.0,0,1,0
01131,Wilcox County,AL,0.9819,0.9609,0.9691,0.9685,0.8479,13.6,70.2,9.4,0.5,44.2,10.7,22.3,0.2,0.1,24.1,21.2,72.6,82.44999999999999,22.049999999999997,21.450000000000003,39.099999999999994,39.9,73.25,51.55,6.0,0,1,0
01133,Winston County,AL,0.6125,0.6946,0.8352,0.1928,0.4079,5.3,1.1,11.3,0.9,29.4,4.4,20.0,3.2,1.1,18.6,22.5,7.7,78.25,27.1,14.6,20.7,41.7,72.19999999999999,39.05,6.0,0,1,0
02013,Aleutians East Borough,AK,0.7754,0.651,0.1184,0.987,0.9898,25.0,5.0,39.7,14.5,23.7,4.4,19.0,11.9,3.6,15.7,10.4,84.3,64.4,12.3,12.850000000000001,21.3,33.6,62.4,30.25,6.0,0,0,1
02016,Aleutians West Census Area,AK,0.5033,0.2555,0.0159,0.9787,0.9955,9.9,3.9,17.2,10.0,15.4,3.0,10.5,15.4,19.0,12.6,7.5,76.6,64.15,13.2,11.100000000000001,16.799999999999997,32.8,63.75,31.2,6.0,0,0,1
02020,Anchorage Municipality,AK,0.6052,0.4044,0.3901,0.8291,0.8241,5.7,5.1,10.5,2.1,15.8,5.2,5.8,9.7,11.8,24.6,11.2,44.8,70.7,21.25,8.850000000000001,12.8,30.5,69.35,35.0,3.0,0,0,1
02050,Bethel Census Area,AK,0.9424,0.8963,0.6392,0.9949,0.9777,61.9,1.2,14.0,1.3,39.5,16.2,17.3,2.2,4.8,17.2,11.5,91.2,64.25,20.65,14.25,37.3,30.85,57.150000000000006,39.25,6.0,0,0,1
02060,Bristol Bay Borough,AK,0.2332,0.1171,0.0019,0.896,0.9516,10.2,0.4,19.1,0.0,10.5,2.7,5.0,8.7,2.3,7.4,14.9,55.6,66.44999999999999,19.3,10.2,14.15,32.25,65.75,34.7,6.0,0,0,1
02063,Chugach Census Area,AK,0.6876,0.4292,0.3627,0.658,0.9844,5.7,1.6,14.7,1.7,10.6,8.8,5.5,5.9,10.1,20.1,15.9,29.5,66.95,18.7,8.8,11.8,32.4,67.8,30.9,6.0,0,0,1
02066,Copper River Census Area,AK,0.5247,0.4881,0.6017,0.8571,0.3019,7.0,0.0,19.6,0.0,21.4,6.5,7.6,6.5,1.1,13.3,19.0,47.6,68.15,20.450000000000003,10.15,14.55,32.6,69.75,33.35,6.0,0,0,1
02068,Denali Borough,AK,0.0353,0.0013,0.0003,0.6045,0.7009,3.2,2.3,3.0,0.4,9.3,1.9,3.3,1.7,3.2,15.6,11.5,24.8,66.5,19.6,8.15,12.0,31.3,68.85,30.6,6.0,0,0,1
02070,Dillingham Census Area,AK,0.8931,0.7798,0.7436,0.9895,0.9278,36.2,1.6,18.1,1.7,27.3,11.3,11.9,3.3,3.0,16.9,11.3,85.7,63.6,20.05,12.75,27.45,30.9,62.650000000000006,38.5,6.0,0,0,1
02090,Fairbanks North Star Borough,AK,0.4925,0.3493,0.2319,0.6949,0.77,4.8,3.9,8.6,0.8,13.4,5.5,5.3,8.3,8.5,24.6,12.6,32.2,66.3,20.3,8.100000000000001,11.25,31.700000000000003,59.05,35.55,4.0,0,0,1
02100,Haines Borough,AK,0.4594,0.2717,0.2759,0.6332,0.7916,9.0,0.0,9.1,0.0,15.0,4.3,2.3,8.2,1.6,24.4,15.1,27.2,69.5,19.65,9.25,10.95,33.95,70.35,33.65,6.0,0,0,1
02105,Hoonah-Angoon Census Area,AK,0.6376,0.5698,0.2743,0.8727,0.7534,33.1,0.0,19.5,0.6,24.2,14.0,6.0,9.9,1.1,15.7,19.9,50.3,69.35,19.5,12.600000000000001,18.75,35.0,67.75,36.75,6.0,0,0,1
02110,Juneau City and Borough,AK,0.3528,0.1365,0.0531,0.7617,0.9313,9.6,1.0,6.9,1.0,12.3,4.5,4.6,7.2,14.0,20.0,11.5,38.2,67.65,21.25,8.35,11.65,32.95,68.65,34.75,5.0,0,0,1
02122,Kenai Peninsula Borough,AK,0.4725,0.5345,0.1985,0.5581,0.5307,4.8,0.6,12.7,0.4,19.1,7.2,5.8,4.4,2.5,22.3,15.5,22.0,64.25,20.2,8.850000000000001,13.0,34.65,61.75,32.15,6.0,0,0,1
02130,Ketchikan Gateway Borough,AK,0.5027,0.3331,0.1047,0.7607,0.908,11.8,0.6,9.4,0.7,16.6,4.1,5.3,5.6,11.6,25.6,14.1,38.1,68.2,19.2,9.35,13.25,32.05,67.45,37.55,5.0,0,0,1
02150,Kodiak Island Borough,AK,0.637,0.364,0.2529,0.8877,0.9644,8.9,0.8,12.9,7.2,15.0,5.7,8.8,8.8,10.0,16.6,9.2,54.0,67.35,17.2,9.55,14.75,33.25,69.2,31.45,6.0,0,0,1
02158,Kusilvak Census Area,AK,0.8568,0.9042,0.5679,0.9994,0.7035,85.9,0.8,14.1,0.3,53.1,20.9,18.6,0.9,0.4,16.1,13.7,96.9,65.05,23.1,17.25,46.2,31.2,48.65,46.75,6.0,0,0,1
02164,Lake and Peninsula Borough,AK,0.7926,0.6923,0.6246,0.9857,0.7623,42.0,2.2,31.5,0.7,26.9,14.0,9.2,0.1,0.1,8.9,13.7,82.9,67.45,20.25,13.6,25.950000000000003,32.1,63.0,39.0,6.0,0,0,1
02170,Matanuska-Susitna Borough,AK,0.4792,0.552,0.4082,0.5797,0.3474,3.7,1.3,13.3,0.7,16.6,7.0,5.8,5.6,2.2,24.3,13.9,23.3,70.35,22.0,8.65,13.05,33.8,64.7,37.25,3.0,0,0,1
02180,Nome Census Area,AK,0.8683,0.8785,0.3449,0.9898,0.9214,57.2,1.0,14.7,0.3,35.7,16.5,11.8,2.0,3.2,19.8,9.9,86.1,64.65,20.4,13.35,32.05,31.2,58.75,38.7,6.0,0,0,1
02185,North Slope Borough,AK,0.7747,0.4283,0.4604,0.9551,0.9946,36.5,1.8,15.0,1.4,12.7,6.8,9.3,3.9,12.1,16.4,11.4,68.7,64.94999999999999,17.85,10.9,18.4,30.95,65.9,41.75,6.0,0,0,1
02188,Northwest Arctic Borough,AK,0.8734,0.8304,0.3611,0.9943,0.9602,65.3,1.2,19.2,0.3,31.3,15.5,13.9,2.6,4.7,15.4,10.3,90.4,66.5,20.5,14.35,32.3,30.9,62.6,40.75,6.0,0,0,1
02195,Petersburg Borough,AK,0.6857,0.3929,0.7445,0.8352,0.8072,12.6,1.2,9.6,6.8,12.4,4.4,13.0,9.1,3.6,21.1,19.0,45.4,66.80000000000001,18.7,9.5,12.45,33.45,69.25,30.8,6.0,0,0,1
02198,Prince of Wales-Hyder Census Area,AK,0.818,0.5978,0.6341,0.9001,0.9523,8.3,0.4,18.9,0.3,25.6,7.5,7.5,4.1,3.4,15.8,21.3,56.3,68.4,20.85,12.5,21.15,32.95,64.80000000000001,38.05,6.0,0,0,1
02220,Sitka City and Borough,AK,0.4442,0.3029,0.0827,0.7843,0.8237,10.5,0.6,12.3,0.9,11.7,5.0,4.8,7.4,6.0,21.3,14.2,40.1,67.75,19.450000000000003,9.15,11.899999999999999,30.9,71.80000000000001,29.75,6.0,0,0,1
02230,Skagway Municipality,AK,0.3328,0.3042,0.0283,0.5829,0.7875,6.3,3.1,9.7,1.1,13.0,11.0,7.3,2.5,1.2,12.9,14.3,23.5,67.45,19.799999999999997,8.45,11.7,31.95,66.80000000000001,35.6,6.0,0,0,1
02240,Southeast Fairbanks Census Area,AK,0.6755,0.4906,0.6939,0.6449,0.7798,5.7,0.9,16.4,2.2,22.2,6.6,6.3,7.1,2.7,17.3,19.1,28.2,65.05000000000001,19.5,9.6,15.3,30.950000000000003,62.2,35.35,6.0,0,0,1
02275,Wrangell City and Borough,AK,0.5342,0.4187,0.6806,0.825,0.3939,6.3,0.0,16.5,0.1,16.6,3.4,12.9,5.8,1.7,19.0,23.1,44.4,68.5,19.25,11.0,14.95,35.6,64.5,34.9,6.0,0,0,1
02282,Yakutat City and Borough,AK,0.3723,0.1416,0.1079,0.9577,0.8116,12.6,2.1,23.2,1.5,15.5,1.8,6.0,6.6,1.0,6.1,9.6,69.3,67.1,18.65,12.149999999999999,19.200000000000003,34.3,63.55,35.0,6.0,0,0,1
02290,Yukon-Koyukuk Census Area,AK,0.8807,0.839,0.7394,0.98,0.8037,46.9,0.2,21.0,0.1,35.4,11.1,13.0,2.7,0.6,15.2,17.8,78.2,68.05000000000001,20.200000000000003,15.2,30.1,34.95,62.7,36.75,6.0,0,0,1
04001,Apache County,AZ,0.965,0.8902,0.9284,0.9841,0.9402,12.7,0.9,23.6,4.8,47.1,9.5,16.0,7.0,0.6,12.9,14.0,81.8,70.9,20.7,16.4,34.4,31.2,58.35,35.9,6.0,0,0,1
04003,Cochise County,AZ,0.9325,0.7121,0.9574,0.8473,0.9714,6.0,3.3,7.7,3.7,27.0,6.8,11.1,35.7,6.4,23.1,17.9,46.3,73.1,20.549999999999997,12.149999999999999,17.6,37.05,64.15,31.5,4.0,0,0,1
04005,Coconino County,AZ,0.8031,0.8097,0.0595,0.8533,0.9917,5.4,1.5,11.2,2.1,26.7,7.0,8.5,14.7,9.7,28.7,12.7,47.0,68.8,22.35,9.55,16.5,31.15,63.75,24.450000000000003,4.0,0,0,1
04007,Gila County,AZ,0.847,0.8466,0.6131,0.7668,0.8352,6.9,0.7,9.8,0.6,30.6,6.9,12.9,19.2,1.2,24.2,21.2,38.8,74.3,21.799999999999997,12.75,19.05,35.45,64.4,31.8,5.0,0,0,1
04009,Graham County,AZ,0.8486,0.7,0.6596,0.8702,0.9513,4.9,1.9,8.5,1.5,25.9,6.0,15.4,33.5,2.9,20.7,12.9,49.6,70.5,20.35,11.15,21.049999999999997,31.8,68.5,36.15,5.0,0,0,1
04011,Greenlee County,AZ,0.3598,0.0974,0.6726,0.8934,0.4407,2.7,1.8,2.3,0.9,16.5,3.0,14.1,48.3,2.8,10.8,12.5,55.3,70.9,19.25,10.35,16.4,33.45,71.1,33.05,6.0,0,0,1
04012,La Paz County,AZ,0.9195,0.9236,0.9701,0.818,0.5775,4.8,0.4,15.2,5.1,30.9,10.7,17.4,28.2,0.5,20.7,23.2,43.9,74.3,19.549999999999997,14.5,21.4,36.95,66.15,34.650000000000006,6.0,0,0,1
04013,Maricopa County,AZ,0.713,0.6201,0.5705,0.8521,0.6907,5.2,5.4,11.0,4.4,19.0,4.8,10.8,31.7,15.8,26.6,11.7,46.8,72.65,18.75,10.1,15.45,34.75,75.0,30.5,1.0,0,0,1
04015,Mohave County,AZ,0.8489,0.8285,0.8419,0.5994,0.762,4.4,1.1,9.1,1.5,27.1,7.5,12.2,17.4,4.2,25.9,22.3,24.5,71.35,20.35,11.95,17.1,36.55,62.25,33.0,4.0,0,0,1
04017,Navajo County,AZ,0.9806,0.8902,0.9863,0.9103,0.9446,8.5,0.9,14.5,2.4,38.8,9.7,14.4,11.9,1.4,18.8,17.9,58.1,69.85,22.75,13.7,25.35,33.0,63.45,37.75,5.0,0,0,1
04019,Pima County,AZ,0.888,0.7493,0.7356,0.8711,0.9663,7.2,3.1,9.1,3.5,24.1,5.9,10.5,38.1,14.1,28.5,15.0,49.9,74.5,23.200000000000003,10.25,15.1,35.349999999999994,72.7,31.650000000000002,1.0,0,0,1
04021,Pinal County,AZ,0.797,0.6347,0.8374,0.833,0.7521,3.5,4.4,9.6,2.8,20.0,6.4,11.5,31.2,2.2,22.8,16.1,45.2,74.05000000000001,20.200000000000003,11.9,17.700000000000003,37.4,70.95,38.55,2.0,0,0,1
04023,Santa Cruz County,AZ,0.9383,0.987,0.9395,0.9879,0.4092,6.0,0.2,14.0,21.6,33.4,9.8,22.0,83.1,2.0,27.5,12.9,84.9,71.6,16.3,14.35,26.65,36.2,71.4,34.5,5.0,0,0,1
04025,Yavapai County,AZ,0.5991,0.5752,0.5488,0.546,0.6026,3.9,0.6,10.9,1.5,21.4,4.9,7.9,15.2,4.0,25.9,18.1,21.2,73.35,20.450000000000003,10.05,12.65,35.6,62.900000000000006,27.3,4.0,0,0,1
04027,Yuma County,AZ,0.9978,0.9819,0.9736,0.9612,0.98,5.3,1.5,13.5,13.9,31.7,8.3,23.8,65.3,4.2,26.8,12.9,70.8,72.55000000000001,18.25,13.7,25.35,33.5,69.45,38.2,4.0,0,0,1
05001,Arkansas County,AR,0.7226,0.6787,0.5078,0.6901,0.7585,9.7,25.7,6.3,0.3,27.7,6.5,14.0,3.8,2.6,21.7,20.9,31.8,79.44999999999999,24.049999999999997,13.649999999999999,21.25,36.1,71.5,39.05,6.0,0,1,0
05003,Ashley County,AR,0.8237,0.8171,0.9262,0.6971,0.5062,8.9,24.8,8.4,1.3,37.6,6.0,14.1,6.1,2.2,22.9,22.9,32.4,79.80000000000001,26.5,16.25,25.65,38.3,67.9,45.150000000000006,6.0,0,1,0
05005,Baxter County,AR,0.4333,0.6131,0.3618,0.2109,0.3366,4.4,0.2,6.5,0.1,28.9,5.1,10.4,2.7,3.1,24.1,26.1,8.0,79.35,27.2,12.65,16.25,35.95,71.15,37.95,5.0,0,1,0
05007,Benton County,AR,0.3268,0.182,0.5892,0.7286,0.3115,2.8,1.8,9.4,3.7,14.9,2.9,9.9,17.4,8.0,17.2,10.0,35.4,78.2,23.75,10.05,13.149999999999999,31.549999999999997,72.45,35.2,3.0,0,1,0
05009,Boone County,AR,0.2647,0.4053,0.4563,0.1508,0.1674,5.5,0.3,7.4,0.2,22.9,4.4,9.4,2.9,2.7,21.6,20.0,7.0,77.75,26.15,11.75,15.5,36.7,70.3,40.75,5.0,0,1,0
05011,Bradley County,AR,0.8864,0.8778,0.895,0.8365,0.6901,8.6,26.0,12.5,1.1,33.0,5.6,14.2,16.0,1.0,23.7,20.0,45.5,79.35,23.75,15.950000000000001,27.05,38.35,71.8,42.55,6.0,0,1,0
05013,Calhoun County,AR,0.4967,0.5205,0.6545,0.6487,0.2307,3.3,20.8,8.1,1.2,21.1,9.1,14.7,4.9,0.4,9.9,24.5,28.6,78.8,23.8,12.95,17.6,37.25,72.75,39.150000000000006,5.0,0,1,0
05015,Carroll County,AR,0.6421,0.6618,0.6608,0.6287,0.4722,5.0,0.4,12.4,4.4,26.3,3.1,14.2,15.6,2.1,23.4,13.9,26.8,77.55,24.95,13.2,18.9,37.85,68.75,37.650000000000006,6.0,0,1,0
05017,Chicot County,AR,0.9987,0.98,0.9866,0.9243,0.9889,11.4,53.6,9.8,1.1,43.1,10.9,20.4,6.1,4.3,27.4,24.4,61.4,80.44999999999999,22.1,18.3,31.25,37.95,73.9,47.25,6.0,0,1,0
05019,Clark County,AR,0.8339,0.6583,0.5422,0.6971,0.9908,6.3,24.0,9.3,0.5,31.7,4.1,10.3,5.1,7.1,24.3,21.1,32.4,79.1,26.0,12.9,20.950000000000003,34.6,73.85,41.6,5.0,0,1,0
05021,Clay County,AR,0.3929,0.7168,0.5135,0.0932,0.1101,5.9,0.7,8.0,0.0,28.7,5.6,15.7,0.8,0.7,21.1,20.4,5.9,76.85,27.65,12.6,18.05,37.400000000000006,68.85,40.2,6.0,0,1,0
05023,Cleburne County,AR,0.3532,0.5406,0.4792,0.1861,0.1785,3.1,0.4,7.2,0.3,26.8,6.0,12.1,2.7,0.2,18.3,22.0,7.6,78.2,26.05,12.899999999999999,16.6,37.7,71.5,37.95,6.0,0,1,0
05025,Cleveland County,AR,0.286,0.1782,0.6888,0.4537,0.2574,7.0,13.1,3.5,0.0,31.8,0.8,8.1,0.0,0.1,19.0,22.4,16.0,78.3,25.450000000000003,13.3,18.15,36.900000000000006,69.65,42.3,5.0,0,1,0
05027,Columbia County,AR,0.7598,0.5192,0.6596,0.7929,0.9163,4.2,35.6,7.4,0.6,31.3,3.2,11.7,3.0,3.3,22.3,18.8,40.9,79.55,23.95,13.95,24.3,34.099999999999994,73.25,38.8,5.0,0,1,0
05029,Conway County,AR,0.7461,0.6879,0.9634,0.5218,0.427,7.5,11.0,7.3,0.9,33.8,7.1,10.8,4.4,1.7,20.3,24.4,19.5,78.1,25.6,14.0,21.05,37.8,70.19999999999999,41.25,6.0,0,1,0
05031,Craighead County,AR,0.8342,0.7369,0.8836,0.6316,0.7824,6.8,16.2,8.6,0.9,28.9,5.9,9.8,5.5,7.9,25.3,18.4,27.0,77.4,26.5,11.399999999999999,18.549999999999997,35.05,67.1,39.35,4.0,0,1,0
05033,Crawford County,AR,0.7531,0.6822,0.9532,0.5011,0.4944,4.8,1.2,8.9,1.4,28.1,5.3,14.5,8.5,3.0,20.6,19.1,18.4,77.19999999999999,26.6,11.95,18.299999999999997,37.9,68.69999999999999,38.75,4.0,0,1,0
05035,Crittenden County,AR,0.9205,0.9345,0.8368,0.9192,0.7461,9.6,50.1,8.6,0.4,32.5,10.4,14.4,3.0,6.1,29.6,17.5,59.8,80.80000000000001,24.15,15.65,29.25,36.95,73.95,46.75,2.0,0,1,0
05037,Cross County,AR,0.9227,0.9128,0.9504,0.6402,0.7801,9.3,19.5,7.4,0.6,34.3,8.1,16.5,2.1,1.5,26.9,19.1,27.9,78.44999999999999,25.85,14.75,24.3,37.25,70.85,44.9,6.0,0,1,0
05039,Dallas County,AR,0.6885,0.3366,0.6179,0.8603,0.9421,7.7,44.1,5.4,0.2,21.8,6.0,11.6,1.3,3.7,14.6,28.2,48.1,80.05,22.65,14.9,21.9,37.099999999999994,75.65,42.0,6.0,0,1,0
05041,Desha County,AR,0.9749,0.9173,0.999,0.9007,0.7369,14.6,47.6,8.9,2.0,44.7,5.2,21.0,6.8,2.9,26.7,20.4,56.4,80.19999999999999,23.85,19.15,35.650000000000006,38.3,69.75,46.6,6.0,0,1,0
05043,Drew County,AR,0.7668,0.4028,0.8263,0.7245,0.9548,7.6,26.7,4.7,0.9,33.0,3.2,12.6,4.0,5.0,20.5,19.0,35.0,79.2,24.55,14.35,24.05,36.3,72.4,44.4,6.0,0,1,0
05045,Faulkner County,AR,0.5326,0.4585,0.2071,0.5444,0.8266,4.8,11.3,7.8,0.7,25.8,3.3,7.0,4.4,11.0,27.7,14.1,21.1,77.45,26.35,10.850000000000001,15.15,34.900000000000006,74.0,40.45,3.0,0,1,0
05047,Franklin County,AR,0.6198,0.6688,0.6678,0.3446,0.5317,5.6,0.6,6.7,0.3,33.9,5.1,13.8,3.6,1.1,21.6,24.2,11.7,77.3,27.75,13.149999999999999,19.200000000000003,38.05,70.15,39.8,6.0,0,1,0
05049,Fulton County,AR,0.6535,0.72,0.7,0.1572,0.6262,5.4,0.2,10.6,0.1,39.9,1.7,13.1,0.6,0.6,26.2,23.7,7.1,78.6,27.5,14.75,20.95,38.85,69.85,39.650000000000006,6.0,0,1,0
05051,Garland County,AR,0.8661,0.713,0.9723,0.5161,0.8326,6.2,7.9,9.2,1.4,26.4,5.7,9.4,6.2,7.0,25.7,22.1,19.2,78.25,25.0,12.95,17.1,35.3,69.45,39.2,4.0,0,1,0
05053,Grant County,AR,0.1852,0.154,0.4588,0.2399,0.223,2.4,2.6,6.1,0.1,19.9,3.3,7.4,3.2,3.5,19.0,19.6,8.8,76.95,25.45,10.9,14.0,36.5,72.45,36.75,3.0,0,1,0
05055,Greene County,AR,0.6917,0.7932,0.6898,0.2692,0.5654,4.9,2.5,9.1,0.2,28.6,7.5,12.1,3.1,3.9,22.9,20.0,9.5,77.25,28.15,11.75,18.3,36.3,72.15,42.3,5.0,0,1,0
05057,Hempstead County,AR,0.8998,0.748,0.9914,0.8508,0.6927,7.8,30.9,11.3,3.7,32.8,4.4,16.1,13.6,1.6,20.8,20.1,46.7,78.5,22.65,15.100000000000001,25.15,36.2,73.15,45.7,6.0,0,1,0
05059,Hot Spring County,AR,0.6437,0.5278,0.4458,0.4998,0.868,5.9,11.4,7.7,0.1,30.0,4.6,11.5,3.8,1.2,19.6,24.7,18.2,77.2,24.299999999999997,12.75,19.45,37.4,65.55,37.0,5.0,0,1,0
05061,Howard County,AR,0.8797,0.8342,0.9949,0.7521,0.4423,4.4,21.7,12.4,2.8,28.6,6.4,11.6,13.4,0.8,24.0,18.4,37.4,78.45,24.9,13.85,21.65,36.2,71.75,39.55,6.0,0,1,0
05063,Independence County,AR,0.8241,0.7655,0.7843,0.4314,0.8912,6.1,1.9,10.1,1.1,30.1,5.2,13.2,7.1,2.5,23.2,19.6,15.1,77.65,26.55,12.4,18.7,37.5,67.25,41.8,5.0,0,1,0
05065,Izard County,AR,0.671,0.8043,0.3541,0.3592,0.6885,7.2,1.8,6.8,0.0,34.2,7.5,16.8,2.7,0.9,21.6,26.2,12.2,77.65,26.55,13.95,20.450000000000003,37.95,67.4,41.3,6.0,0,1,0
05067,Jackson County,AR,0.7101,0.8667,0.4534,0.5927,0.4874,8.0,12.2,8.4,0.1,36.0,10.9,13.7,3.2,0.9,22.5,23.2,24.1,77.2,26.6,14.55,26.15,37.0,66.85,43.9,6.0,0,1,0
05069,Jefferson County,AR,0.9096,0.7951,0.8015,0.931,0.9453,7.7,56.0,6.2,0.7,31.9,7.8,10.9,2.4,6.9,27.0,19.1,62.2,81.44999999999999,21.9,16.35,27.799999999999997,36.7,75.55,46.099999999999994,5.0,0,1,0
05071,Johnson County,AR,0.895,0.8769,0.98,0.5679,0.6478,5.2,1.4,8.2,3.6,37.7,4.8,19.5,14.4,1.8,27.2,20.6,22.6,76.6,25.799999999999997,13.5,21.55,37.65,68.2,37.45,6.0,0,1,0
05073,Lafayette County,AR,0.8075,0.8622,0.6408,0.8031,0.6064,7.4,33.3,9.3,1.2,36.6,8.7,18.9,3.5,0.7,19.6,21.7,42.2,79.45,24.95,17.950000000000003,30.25,38.8,70.05,46.15,6.0,0,1,0
05075,Lawrence County,AR,0.7003,0.763,0.7636,0.1572,0.6408,5.5,1.4,8.8,0.2,33.2,6.7,17.7,1.8,2.0,18.2,23.4,7.1,77.4,27.9,13.2,20.1,37.3,71.15,43.900000000000006,6.0,0,1,0
05077,Lee County,AR,0.9714,0.958,0.9144,0.917,0.8829,21.7,55.1,7.6,1.0,40.1,14.3,16.5,2.9,1.4,31.1,24.8,59.4,79.05,21.6,18.4,34.1,36.900000000000006,72.9,46.95,6.0,0,1,0
05079,Lincoln County,AR,0.5864,0.6058,0.1409,0.749,0.7372,4.8,29.8,8.2,0.4,28.7,4.0,16.5,4.5,1.1,20.7,17.8,37.2,76.1,21.95,13.65,24.65,35.75,71.05,42.7,6.0,0,1,0
05081,Little River County,AR,0.4197,0.3643,0.538,0.6468,0.3255,4.9,18.6,4.9,0.1,25.0,8.0,9.4,4.0,0.0,14.1,18.3,28.3,78.80000000000001,25.25,14.05,21.35,37.15,71.65,41.3,4.0,0,1,0
05083,Logan County,AR,0.5444,0.4967,0.6802,0.335,0.5603,5.2,1.6,6.7,0.4,29.0,5.5,11.8,3.2,1.5,17.2,22.1,11.4,77.80000000000001,26.55,12.850000000000001,17.85,37.599999999999994,71.1,37.900000000000006,6.0,0,1,0
05085,Lonoke County,AR,0.4063,0.3684,0.7063,0.4445,0.2536,4.9,5.5,7.5,0.6,19.7,4.5,10.1,4.8,2.0,20.9,16.2,15.7,77.85,26.0,10.7,15.4,37.0,71.94999999999999,35.900000000000006,3.0,0,1,0
05087,Madison County,AR,0.5272,0.6096,0.6411,0.5953,0.2405,3.2,0.0,10.4,0.0,30.1,4.8,15.0,6.3,1.1,16.5,19.8,24.2,76.9,26.25,12.600000000000001,19.55,37.15,66.75,40.7,3.0,0,1,0
05089,Marion County,AR,0.4588,0.6726,0.5495,0.182,0.2246,4.2,0.5,7.3,0.3,30.1,7.0,12.3,2.5,1.2,19.9,25.0,7.5,77.80000000000001,26.25,13.75,17.65,38.4,70.85,37.849999999999994,6.0,0,1,0
05091,Miller County,AR,0.9354,0.908,0.7136,0.7028,0.9812,8.9,25.2,10.2,0.1,33.4,7.7,13.3,3.8,5.7,25.3,19.3,33.0,78.9,24.950000000000003,14.2,24.25,35.55,69.05,38.05,4.0,0,1,0
05093,Mississippi County,AR,0.9335,0.9007,0.9456,0.8151,0.7878,10.4,34.7,8.3,0.8,33.8,9.8,17.2,4.7,3.3,23.3,20.8,43.5,79.1,25.1,14.3,25.65,35.25,75.65,46.650000000000006,5.0,0,1,0
05095,Monroe County,AR,0.9341,0.9147,0.7773,0.8447,0.9275,15.6,43.5,8.7,0.0,34.7,11.0,19.8,0.0,3.3,22.4,24.6,46.1,80.25,23.85,16.700000000000003,26.45,38.4,71.5,43.6,6.0,0,1,0
05097,Montgomery County,AR,0.5765,0.7455,0.8314,0.2959,0.1954,4.6,0.7,11.7,1.2,31.7,7.3,13.3,4.9,0.8,16.2,26.9,10.2,78.75,26.5,13.899999999999999,18.35,40.099999999999994,64.85,41.0,6.0,0,1,0
05099,Nevada County,AR,0.8527,0.7913,0.8731,0.7502,0.7448,4.6,33.7,4.9,0.1,37.0,7.8,10.4,1.5,2.4,29.0,22.4,37.3,79.5,24.950000000000003,16.25,26.75,38.5,73.05000000000001,44.05,6.0,0,1,0
05101,Newton County,AR,0.1985,0.4359,0.2275,0.2109,0.0961,2.2,0.1,6.1,0.0,23.5,3.8,15.1,1.8,1.6,20.8,19.4,8.0,78.15,25.95,13.100000000000001,16.549999999999997,38.7,70.9,38.650000000000006,5.0,0,1,0
05103,Ouachita County,AR,0.7464,0.6767,0.8912,0.8377,0.4298,12.4,41.0,6.5,0.1,32.1,6.5,11.8,2.7,0.8,21.2,26.9,45.6,80.5,23.9,15.8,24.85,37.15,72.55,43.45,5.0,0,1,0
05105,Perry County,AR,0.4292,0.286,0.6284,0.2692,0.5991,6.1,2.3,5.3,0.3,29.4,4.6,9.0,3.3,0.2,14.3,23.5,9.5,77.4,25.9,12.45,17.0,37.85,70.80000000000001,38.75,3.0,0,1,0
05107,Phillips County,AR,0.9628,0.9526,0.9402,0.9453,0.7633,13.9,61.9,7.6,0.0,44.4,13.3,18.0,2.2,4.2,27.3,22.5,66.2,82.0,23.3,19.45,34.95,37.35,70.05000000000001,48.5,6.0,0,1,0
05109,Pike County,AR,0.5972,0.4706,0.7598,0.4248,0.6449,4.9,4.2,10.2,1.4,29.1,3.1,11.3,6.8,0.9,19.1,24.0,14.8,77.95,26.4,12.9,18.6,38.2,69.4,38.25,6.0,0,1,0
05111,Poinsett County,AR,0.7381,0.8234,0.8546,0.4273,0.4127,8.7,4.3,9.3,0.1,35.2,5.1,18.2,3.6,1.4,22.7,23.6,14.9,77.25,27.35,13.35,22.1,37.7,66.8,41.349999999999994,4.0,0,1,0
05113,Polk County,AR,0.6863,0.7506,0.8447,0.377,0.4174,5.3,0.1,9.5,0.9,30.9,9.0,12.0,6.6,2.4,19.3,21.9,12.9,77.9,25.9,13.65,19.25,38.35,71.85,40.1,6.0,0,1,0
05115,Pope County,AR,0.8171,0.7817,0.8727,0.489,0.727,4.5,2.4,8.5,1.8,31.5,4.8,14.7,9.9,3.4,25.1,18.9,17.7,75.85,24.85,12.05,18.75,36.05,71.65,44.95,5.0,0,1,0
05117,Prairie County,AR,0.4601,0.4178,0.7674,0.4496,0.2844,4.6,10.5,7.2,0.7,26.3,4.1,14.4,2.1,2.2,16.4,23.3,15.8,78.75,24.8,13.2,18.15,37.599999999999994,71.44999999999999,40.4,6.0,0,1,0
05119,Pulaski County,AR,0.7811,0.6573,0.8011,0.8702,0.6844,7.4,37.2,8.8,1.5,26.6,5.2,7.9,6.4,15.3,28.2,15.6,49.6,80.1,23.35,12.2,18.8,34.3,74.75,40.55,3.0,0,1,0
05121,Randolph County,AR,0.7051,0.7696,0.7941,0.2816,0.5336,6.0,1.4,7.5,0.9,35.1,7.5,12.6,2.4,1.3,21.2,22.3,9.8,77.2,27.450000000000003,13.45,20.55,37.05,69.3,41.4,6.0,0,1,0
05123,St. Francis County,AR,0.9777,0.9421,0.943,0.924,0.9284,12.9,53.3,8.7,2.2,42.9,6.6,15.8,5.5,3.0,30.3,20.9,61.3,79.55,21.95,17.75,32.7,34.6,72.85,48.05,5.0,0,1,0
05125,Saline County,AR,0.2864,0.1502,0.6459,0.5011,0.3312,3.7,8.3,5.8,0.9,17.3,3.8,8.1,5.4,4.7,18.7,15.8,18.4,78.4,25.15,10.4,14.05,35.85,73.5,34.45,3.0,0,1,0
05127,Scott County,AR,0.7537,0.7146,0.9001,0.4658,0.5759,9.3,1.2,10.5,1.8,28.0,5.7,16.2,8.3,1.3,18.7,20.3,16.7,77.25,25.9,13.25,19.3,37.5,65.05,37.1,6.0,0,1,0
05129,Searcy County,AR,0.517,0.6847,0.5011,0.3484,0.3086,7.7,0.4,5.7,0.3,38.4,5.2,18.0,3.0,1.9,20.5,26.5,11.8,78.05,27.25,15.05,21.25,39.9,66.6,39.8,6.0,0,1,0
05131,Sebastian County,AR,0.8696,0.7957,0.9675,0.6962,0.6491,6.3,5.9,11.2,3.4,28.7,5.2,15.0,15.1,8.7,22.9,20.9,32.3,76.9,25.2,12.3,18.799999999999997,37.75,72.15,36.3,4.0,0,1,0
05133,Sevier County,AR,0.825,0.8256,0.8864,0.833,0.4804,4.7,4.5,18.4,8.8,32.0,4.6,26.5,34.3,0.8,19.3,14.0,45.2,76.05000000000001,24.3,14.45,27.35,37.0,65.4,41.45,6.0,0,1,0
05135,Sharp County,AR,0.5838,0.728,0.7808,0.2364,0.2959,4.8,1.0,5.8,0.1,31.3,6.2,15.4,2.6,1.5,22.4,24.3,8.7,78.8,27.25,13.95,19.4,38.75,65.1,39.45,6.0,0,1,0
05137,Stone County,AR,0.7709,0.7731,0.8336,0.2733,0.7299,7.6,0.1,8.6,0.0,39.1,5.4,13.9,2.0,1.4,21.8,27.9,9.6,78.35,26.65,14.5,20.299999999999997,39.3,69.0,39.95,6.0,0,1,0
05139,Union County,AR,0.6682,0.5485,0.7668,0.7798,0.5479,5.2,32.4,6.2,0.8,28.8,3.7,12.8,4.1,1.2,23.8,16.3,39.6,79.55,24.15,14.5,22.950000000000003,37.15,69.05,39.4,5.0,0,1,0
05141,Van Buren County,AR,0.7763,0.8101,0.8661,0.2164,0.6678,6.4,0.7,9.4,0.5,34.6,4.7,15.6,3.5,3.1,24.3,26.4,8.1,78.15,26.05,13.85,19.45,38.55,68.69999999999999,39.55,6.0,0,1,0
05143,Washington County,AR,0.7658,0.7407,0.4871,0.7178,0.8094,4.6,3.4,12.2,4.6,25.6,4.3,13.0,17.3,14.5,25.4,11.0,34.5,75.44999999999999,24.4,10.399999999999999,17.05,32.95,66.05000000000001,36.05,3.0,0,1,0
05145,White County,AR,0.8482,0.7716,0.7878,0.4057,0.9488,6.3,4.3,9.6,0.5,29.6,5.2,13.7,4.7,5.5,23.7,18.7,14.0,76.6,26.700000000000003,11.75,19.0,36.7,68.9,39.85,5.0,0,1,0
05147,Woodruff County,AR,0.7671,0.7859,0.6767,0.6752,0.6303,10.9,27.5,6.9,0.3,33.4,6.7,15.6,0.5,2.0,22.1,18.1,30.7,79.25,25.5,16.0,25.45,38.15,70.69999999999999,39.25,6.0,0,1,0
05149,Yell County,AR,0.7738,0.5714,0.8276,0.6211,0.8591,5.8,1.9,8.2,5.8,30.9,3.9,22.6,21.1,4.7,16.8,18.2,26.1,76.4,25.6,13.45,20.75,38.2,68.65,41.95,5.0,0,1,0
06001,Alameda County,CA,0.5129,0.2962,0.0862,0.9605,0.9205,9.3,9.9,4.0,7.4,14.1,4.9,10.8,22.2,23.0,23.5,9.5,70.7,72.0,18.75,10.55,14.05,31.85,74.2,22.65,1.0,0,0,1
06003,Alpine County,CA,0.4044,0.1429,0.6402,0.8008,0.5352,3.4,0.0,6.4,1.7,18.3,4.9,6.7,14.1,21.5,11.5,13.5,41.9,72.9,22.6,10.05,11.65,34.3,73.9,28.549999999999997,5.0,0,0,1
06005,Amador County,CA,0.5647,0.4477,0.398,0.6096,0.7725,5.4,1.6,4.8,1.1,14.8,6.0,9.5,15.1,3.7,29.5,18.1,25.1,71.15,22.45,10.2,12.600000000000001,34.65,75.25,29.55,6.0,0,0,1
06007,Butte County,CA,0.8225,0.7706,0.4843,0.6806,0.9437,6.1,1.7,6.6,2.5,28.2,7.1,9.7,18.0,8.9,32.3,16.4,31.2,71.44999999999999,25.8,10.3,16.5,32.25,73.69999999999999,29.950000000000003,4.0,0,0,1
06009,Calaveras County,CA,0.3357,0.5425,0.4706,0.552,0.0614,2.1,1.0,5.8,0.6,21.4,6.2,7.4,13.6,1.4,32.2,21.3,21.7,73.5,24.4,11.149999999999999,14.0,35.85,74.19999999999999,29.8,6.0,0,0,1
06011,Colusa County,CA,0.84,0.8931,0.9026,0.9465,0.3315,4.6,1.4,9.1,14.6,22.6,7.4,26.7,60.9,2.2,27.6,13.1,66.5,68.85,21.75,12.8,24.6,32.95,74.8,35.15,6.0,0,0,1
06013,Contra Costa County,CA,0.4785,0.3223,0.4343,0.917,0.5113,5.1,8.4,4.7,5.9,13.5,5.8,10.3,26.4,13.1,22.4,11.2,59.4,71.45,19.4,10.45,13.5,33.75,75.95,27.9,2.0,0,0,1
06015,Del Norte County,CA,0.9004,0.7814,0.6395,0.7735,0.9927,7.3,2.7,6.1,1.6,25.3,6.3,16.8,20.4,4.7,27.6,19.3,39.3,71.05000000000001,23.9,11.35,18.299999999999997,34.0,73.4,30.95,5.0,0,0,1
06017,El Dorado County,CA,0.1896,0.1836,0.2008,0.5994,0.2186,3.8,0.7,4.2,1.2,13.7,4.6,5.3,13.5,4.4,25.1,12.3,24.5,72.9,23.1,9.4,10.8,32.55,76.15,27.549999999999997,2.0,0,0,1
06019,Fresno County,CA,0.9618,0.943,0.8772,0.9685,0.875,7.4,4.2,7.2,10.2,30.8,8.6,21.7,54.2,9.7,33.6,12.9,72.6,70.75,21.35,12.55,25.0,31.650000000000002,71.19999999999999,37.8,1.0,0,0,1
06021,Glenn County,CA,0.8622,0.945,0.6443,0.8734,0.5937,3.6,0.3,10.9,8.0,25.9,7.7,22.2,43.3,9.8,28.7,12.7,50.4,70.25,22.9,11.85,21.3,33.0,71.85,32.25,6.0,0,0,1
06023,Humboldt County,CA,0.8269,0.7805,0.6538,0.6475,0.8851,7.0,1.2,6.1,1.7,29.8,9.2,8.7,12.6,4.5,37.2,17.9,28.4,70.9,26.450000000000003,10.7,17.0,33.3,72.35,31.700000000000003,5.0,0,0,1
06025,Imperial County,CA,0.9936,0.9682,0.9392,0.9943,0.979,6.3,2.3,6.8,19.8,35.5,13.2,28.7,85.4,7.5,34.8,14.2,90.4,68.65,19.95,14.8,31.1,33.65,71.55,34.95,4.0,0,0,1
06027,Inyo County,CA,0.6147,0.4162,0.5234,0.7881,0.7716,5.2,0.6,6.7,0.9,19.7,4.9,6.9,23.9,2.1,27.2,16.7,40.4,72.6,23.0,10.9,14.25,33.55,75.4,28.35,5.0,0,0,1
06029,Kern County,CA,0.9685,0.957,0.8339,0.9545,0.9265,6.4,4.9,7.8,10.0,32.2,8.4,23.4,55.3,6.3,34.1,11.4,68.5,70.80000000000001,22.700000000000003,13.3,26.8,32.05,73.15,36.1,3.0,0,0,1
06031,Kings County,CA,0.9507,0.9354,0.839,0.9593,0.8753,4.8,6.0,7.4,10.2,27.8,9.2,25.5,56.1,6.6,31.1,12.4,69.9,68.35,20.9,12.5,26.7,31.4,72.85,34.8,4.0,0,0,1
06033,Lake County,CA,0.9055,0.8696,0.9236,0.7089,0.7999,5.6,2.2,6.5,3.1,28.5,10.4,13.4,23.0,3.3,32.4,19.8,33.5,71.9,24.8,12.399999999999999,19.15,34.95,72.4,32.75,5.0,0,0,1
06035,Lassen County,CA,0.8231,0.861,0.3748,0.7464,0.8769,5.1,7.9,7.4,2.3,23.6,7.9,19.5,20.4,3.4,28.1,17.9,37.0,69.25,23.0,11.05,19.65,32.6,72.95,34.25,5.0,0,0,1
06037,Los Angeles County,CA,0.8629,0.895,0.2825,0.9736,0.9176,8.7,7.6,9.0,12.5,22.7,7.0,19.7,48.7,27.7,33.9,10.6,74.8,71.25,19.15,12.1,20.85,35.2,74.25,26.45,1.0,0,0,1
06039,Madera County,CA,0.9593,0.9567,0.9036,0.9532,0.7859,4.3,2.5,7.6,12.4,30.9,11.1,27.9,59.7,4.6,30.3,13.9,68.3,69.4,21.85,13.15,28.25,32.85,73.0,36.6,2.0,0,0,1
06041,Marin County,CA,0.37,0.1616,0.3637,0.6764,0.6682,4.6,2.2,3.7,4.3,10.4,5.8,6.6,16.6,13.0,20.9,9.6,30.8,71.94999999999999,21.35,8.85,9.3,33.45,77.85,21.3,2.0,0,0,1
06043,Mariposa County,CA,0.8613,0.6542,0.922,0.5711,0.9465,5.2,0.8,7.2,2.4,24.4,6.2,8.1,13.0,3.3,29.2,18.9,22.7,72.95,23.8,11.45,14.0,35.75,69.05,30.7,6.0,0,0,1
06045,Mendocino County,CA,0.9726,0.8934,0.9803,0.749,0.9418,8.0,0.6,9.2,4.4,25.4,9.1,13.2,26.8,4.4,33.4,18.7,37.2,71.9,23.75,12.05,18.9,35.1,73.75,29.4,5.0,0,0,1
06047,Merced County,CA,0.973,0.973,0.888,0.9736,0.8517,7.2,2.7,9.0,13.7,30.0,10.7,28.6,61.9,4.6,31.8,12.8,74.8,69.1,21.4,13.15,28.7,34.15,68.95,34.05,3.0,0,0,1
06049,Modoc County,CA,0.8186,0.693,0.8998,0.5927,0.7852,5.7,1.9,8.7,2.6,27.2,7.6,11.7,15.3,2.8,20.1,17.4,24.1,73.25,25.2,12.600000000000001,17.5,36.1,73.5,32.099999999999994,6.0,0,0,1
06051,Mono County,CA,0.3891,0.4143,0.02,0.7321,0.7375,2.4,0.2,14.7,4.0,15.6,1.9,12.8,27.1,18.1,22.1,8.0,35.8,71.35,23.1,9.7,13.55,32.7,77.0,31.049999999999997,6.0,0,0,1
06053,Monterey County,CA,0.8686,0.8272,0.581,0.964,0.8724,4.8,2.1,9.9,16.9,21.5,5.3,26.6,59.9,11.3,28.8,9.2,71.4,71.05,19.299999999999997,12.05,22.25,33.55,72.3,31.25,3.0,0,0,1
06055,Napa County,CA,0.6831,0.4983,0.4127,0.8702,0.8692,4.9,1.8,6.1,7.5,14.1,5.2,15.6,35.1,10.4,25.0,12.2,49.6,72.15,21.3,10.350000000000001,14.45,33.5,73.6,28.049999999999997,4.0,0,0,1
06057,Nevada County,CA,0.2148,0.3013,0.2444,0.4699,0.1632,4.1,0.4,5.6,1.2,17.4,4.4,4.9,10.0,4.0,31.9,13.7,16.9,73.5,24.15,9.75,10.899999999999999,33.95,76.30000000000001,27.55,5.0,0,0,1
06059,Orange County,CA,0.5692,0.5412,0.1791,0.9252,0.6605,4.6,1.5,6.9,8.8,16.1,5.4,13.2,33.9,20.0,25.8,9.1,61.5,72.55000000000001,19.2,10.8,15.25,34.6,79.5,23.9,1.0,0,0,1
06061,Placer County,CA,0.1992,0.1212,0.3182,0.6793,0.2469,3.8,1.6,3.3,1.7,11.0,4.3,5.1,14.9,7.7,23.6,11.2,31.1,72.9,21.9,8.850000000000001,10.35,33.5,79.6,27.25,2.0,0,0,1
06063,Plumas County,CA,0.4088,0.3659,0.3672,0.4948,0.4903,4.5,1.1,5.0,0.6,18.0,8.0,5.9,10.0,2.2,23.8,18.2,18.0,73.7,24.85,11.25,13.1,36.05,79.2,30.0,6.0,0,0,1
06065,Riverside County,CA,0.8199,0.7948,0.6736,0.9504,0.6822,4.0,6.1,8.1,7.5,19.7,6.7,16.9,50.8,7.7,30.2,11.6,67.6,71.19999999999999,21.85,11.850000000000001,20.7,34.95,79.35,36.9,1.0,0,0,1
06067,Sacramento County,CA,0.7509,0.6255,0.636,0.9084,0.7343,6.2,9.2,5.2,6.3,20.9,6.3,11.6,24.0,13.2,30.8,12.3,57.8,69.80000000000001,22.6,10.75,16.450000000000003,32.15,71.55000000000001,29.55,1.0,0,0,1
06069,San Benito County,CA,0.5094,0.5072,0.6685,0.9564,0.1639,3.2,0.8,6.2,9.1,14.4,6.2,16.3,61.4,2.4,22.3,10.7,69.0,68.95,20.25,10.9,19.049999999999997,32.65,74.5,31.4,2.0,0,0,1
06071,San Bernardino County,CA,0.8858,0.8896,0.7563,0.9726,0.7464,4.5,7.5,8.6,7.5,23.5,7.2,18.6,55.0,10.5,32.3,11.4,74.1,69.5,19.55,11.95,23.1,32.95,73.80000000000001,33.3,2.0,0,0,1
06073,San Diego County,CA,0.7057,0.6281,0.2202,0.9007,0.8759,5.4,4.5,7.3,6.0,17.5,6.3,11.3,34.5,22.3,29.3,10.4,56.4,72.25,21.15,9.7,15.1,32.05,76.05,25.35,1.0,0,0,1
06075,San Francisco County,CA,0.482,0.2876,0.0302,0.9284,0.9561,29.9,4.9,3.6,10.8,16.2,5.4,11.2,15.5,39.2,21.1,10.8,61.7,72.25,19.6,9.75,12.2,33.6,78.4,17.15,1.0,0,0,1
06077,San Joaquin County,CA,0.8718,0.8075,0.8174,0.9637,0.7509,5.2,6.7,6.5,9.3,21.8,7.2,19.8,42.5,8.6,29.3,12.2,71.3,70.35,19.65,12.0,21.25,32.35,76.6,30.65,3.0,0,0,1
06079,San Luis Obispo County,CA,0.5227,0.4254,0.2256,0.7038,0.7553,3.8,1.2,5.9,3.0,18.2,5.0,7.9,23.4,5.9,29.1,13.0,33.1,70.75,23.25,9.3,13.2,31.75,76.19999999999999,26.85,3.0,0,0,1
06081,San Mateo County,CA,0.2899,0.1292,0.0655,0.9351,0.7121,5.6,2.1,3.8,6.6,10.3,4.5,9.4,23.9,22.1,19.2,8.7,63.0,70.4,18.4,9.8,11.75,35.05,79.19999999999999,22.15,2.0,0,0,1
06083,Santa Barbara County,CA,0.8667,0.8419,0.3401,0.9065,0.9599,6.3,1.7,9.6,10.2,22.6,6.0,17.9,46.6,14.2,29.3,10.9,57.4,70.1,21.75,10.55,18.15,31.1,70.6,26.85,3.0,0,0,1
06085,Santa Clara County,CA,0.3614,0.1349,0.0859,0.9612,0.8206,5.8,2.3,4.0,8.7,11.0,4.4,10.7,24.9,23.2,18.3,8.6,70.8,70.80000000000001,17.85,10.15,11.7,32.85,78.7,21.9,1.0,0,0,1
06087,Santa Cruz County,CA,0.6131,0.4948,0.1327,0.8225,0.9182,5.2,0.8,5.4,6.3,17.9,5.9,11.3,34.2,8.3,25.2,11.7,44.3,70.35,23.05,9.6,14.0,32.85,77.75,26.3,3.0,0,0,1
06089,Shasta County,CA,0.7649,0.6096,0.833,0.5679,0.7919,6.1,1.0,6.6,1.0,21.6,6.6,8.1,11.0,5.0,30.9,18.1,22.6,72.05,24.950000000000003,10.55,14.5,35.8,72.9,29.3,4.0,0,0,1
06091,Sierra County,CA,0.3522,0.5994,0.2599,0.3888,0.1654,3.0,0.2,10.9,0.8,19.8,5.6,6.4,11.4,1.3,30.6,14.8,13.4,73.35,24.6,12.7,16.25,36.6,77.85,32.45,6.0,0,0,1
06093,Siskiyou County,CA,0.7884,0.7649,0.7458,0.6185,0.7206,5.6,1.5,7.1,1.3,26.9,7.4,9.4,13.5,3.3,30.7,18.0,25.8,72.95,25.1,11.9,16.2,35.5,73.85,31.9,6.0,0,0,1
06095,Solano County,CA,0.6201,0.4499,0.5186,0.9415,0.6787,4.6,12.9,4.9,4.9,14.8,5.9,11.1,28.0,9.9,26.1,12.4,64.5,71.6,19.65,11.3,16.8,33.4,76.65,31.25,3.0,0,0,1
06097,Sonoma County,CA,0.5562,0.4108,0.4025,0.7706,0.7146,4.8,1.4,5.6,5.5,14.4,5.2,10.8,28.0,10.4,25.7,11.8,39.1,71.45,23.4,9.649999999999999,13.0,31.95,76.7,26.1,3.0,0,0,1
06099,Stanislaus County,CA,0.8511,0.8482,0.8323,0.9252,0.5889,5.4,2.7,6.1,9.1,23.7,8.2,19.7,48.6,7.1,31.7,12.7,61.5,70.65,20.95,11.55,21.25,33.15,77.19999999999999,36.5,3.0,0,0,1
06101,Sutter County,CA,0.8641,0.8444,0.8874,0.9036,0.5883,5.4,1.8,6.2,9.6,23.6,7.6,20.4,32.3,8.7,31.1,13.8,56.9,70.55000000000001,21.75,12.100000000000001,21.1,33.95,72.2,29.6,4.0,0,0,1
06103,Tehama County,CA,0.9271,0.8253,0.9892,0.7213,0.7728,6.2,0.9,6.6,3.5,28.0,7.4,12.9,26.9,2.9,30.4,18.7,34.8,70.7,24.65,11.8,19.450000000000003,33.4,72.4,31.700000000000003,5.0,0,0,1
06105,Trinity County,CA,0.7206,0.769,0.7388,0.5444,0.5107,4.4,1.4,13.2,2.8,34.0,7.4,4.7,7.5,0.6,24.2,15.7,21.1,73.45,26.25,13.3,18.1,37.05,72.4,33.25,6.0,0,0,1
06107,Tulare County,CA,0.9147,0.9602,0.8524,0.9707,0.5705,4.7,1.3,7.9,12.7,31.5,9.0,26.5,66.1,4.9,32.7,11.8,73.5,67.95,22.200000000000003,13.1,27.45,33.05,73.5,35.15,3.0,0,0,1
06109,Tuolumne County,CA,0.6319,0.5501,0.622,0.5415,0.6876,5.5,1.5,6.0,0.6,17.9,8.3,7.5,12.9,3.0,32.6,21.3,20.8,73.5,24.55,10.5,13.05,34.8,77.1,29.1,5.0,0,0,1
06111,Ventura County,CA,0.6249,0.5921,0.3312,0.9017,0.6293,4.2,1.7,8.2,8.9,15.6,5.3,14.6,43.6,11.0,25.6,11.3,56.5,72.69999999999999,20.85,10.65,15.65,33.75,74.75,25.7,3.0,0,0,1
06113,Yolo County,CA,0.7366,0.6198,0.1572,0.8966,0.9653,7.8,2.5,4.7,6.3,24.7,5.3,12.1,32.2,16.1,30.0,10.4,55.7,70.9,23.450000000000003,9.7,16.55,31.15,71.65,26.799999999999997,2.0,0,0,1
06115,Yuba County,CA,0.9268,0.8651,0.9109,0.8616,0.8651,6.4,3.4,6.9,4.4,25.5,7.4,17.3,29.8,7.4,32.3,16.0,48.4,69.9,23.65,11.15,20.25,32.35,76.05,30.85,4.0,0,0,1
08001,Adams County,CO,0.7264,0.6825,0.6758,0.8832,0.545,4.6,3.4,10.8,5.5,16.9,4.6,15.2,41.4,15.0,29.1,11.1,52.5,70.4,20.5,9.8,15.25,30.45,64.9,33.1,2.0,0,0,1
08003,Alamosa County,CO,0.8253,0.5721,0.7658,0.889,0.9411,6.2,1.0,8.4,2.3,28.5,3.4,10.2,48.0,8.0,25.2,15.8,54.3,69.35,22.6,11.25,15.25,30.9,68.6,31.200000000000003,5.0,0,0,1
08005,Arapahoe County,CO,0.4661,0.4101,0.4038,0.8031,0.4117,5.0,10.6,8.7,4.0,13.8,4.6,7.8,20.2,23.1,27.8,10.5,42.2,69.85,21.75,8.25,15.25,29.05,72.65,26.0,1.0,0,0,1
08007,Archuleta County,CO,0.3484,0.5237,0.1473,0.5969,0.2304,2.5,0.3,11.0,0.3,19.8,4.8,5.5,18.5,3.0,30.7,15.6,24.3,72.05,22.15,9.85,15.25,33.45,68.25,27.4,6.0,0,0,1
08009,Baca County,CO,0.5472,0.5463,0.4566,0.4839,0.5832,5.1,0.3,6.6,0.2,33.6,1.7,14.2,12.1,4.1,23.8,17.4,17.5,71.5,25.25,11.7,15.25,33.650000000000006,64.45,30.1,6.0,0,0,1
08011,Bent County,CO,0.8804,0.8937,0.2692,0.8377,0.9838,7.9,4.2,7.0,1.3,40.0,5.5,16.6,32.8,3.1,31.0,21.0,45.6,68.45,22.25,13.899999999999999,15.25,32.8,64.05,33.85,6.0,0,0,1
08013,Boulder County,CO,0.209,0.2202,0.0169,0.5892,0.5962,5.2,0.8,4.4,1.3,16.3,4.4,4.3,13.9,19.2,28.0,8.5,23.8,68.85,23.4,6.9,15.25,28.75,72.3,17.049999999999997,3.0,0,0,1
08014,Broomfield County,CO,0.0436,0.0353,0.0557,0.6128,0.1088,3.6,1.2,5.2,1.3,7.6,3.2,3.7,13.2,24.7,19.1,7.9,25.4,71.05,21.5,6.8,15.25,30.200000000000003,75.75,22.200000000000003,2.0,0,0,1
08015,Chaffee County,CO,0.6096,0.5657,0.693,0.4378,0.5915,4.0,1.1,8.2,1.6,20.3,6.0,7.0,10.1,1.4,28.7,13.0,15.4,71.6,22.25,9.0,15.25,32.05,69.75,25.549999999999997,6.0,0,0,1
08017,Cheyenne County,CO,0.0837,0.0843,0.4197,0.5294,0.0334,0.8,0.9,7.2,2.1,18.5,2.1,7.0,11.9,0.3,14.2,11.2,20.0,71.65,23.6,10.0,15.25,32.9,71.45,28.75,6.0,0,0,1
08019,Clear Creek County,CO,0.1394,0.3245,0.0356,0.4018,0.1677,4.0,1.8,9.2,0.9,13.4,4.7,3.4,7.9,4.6,26.3,12.1,13.9,72.25,22.0,7.9,15.25,31.15,74.2,23.549999999999997,2.0,0,0,1
08021,Conejos County,CO,0.8377,0.8062,0.8311,0.8931,0.608,6.5,0.1,14.4,1.3,31.4,7.2,10.2,51.2,1.0,20.9,18.5,55.2,70.9,21.1,12.4,15.25,32.55,67.19999999999999,30.4,5.0,0,0,1
08023,Costilla County,CO,0.8727,0.8511,0.9965,0.9462,0.2466,5.3,1.1,8.0,3.6,38.5,6.6,11.7,59.9,0.3,26.1,26.4,66.4,72.1,20.45,14.55,15.25,34.3,66.15,31.65,5.0,0,0,1
08025,Crowley County,CO,0.86,0.8823,0.5864,0.8571,0.8059,5.7,4.1,6.6,1.2,32.4,7.2,19.0,32.8,2.7,25.6,21.3,47.6,66.6,20.4,11.15,15.25,30.65,65.15,31.6,6.0,0,0,1
08027,Custer County,CO,0.1012,0.2905,0.0404,0.377,0.083,2.5,1.4,10.9,0.1,21.5,4.9,3.1,6.4,0.7,18.2,14.2,12.9,73.85,23.45,10.1,15.25,34.55,71.15,26.450000000000003,6.0,0,0,1
08029,Delta County,CO,0.581,0.6312,0.7086,0.5383,0.3344,4.2,0.6,11.0,1.3,23.9,4.4,10.0,15.5,1.1,25.4,19.4,20.6,71.05,24.700000000000003,10.600000000000001,15.25,33.7,66.15,26.799999999999997,6.0,0,0,1
08031,Denver County,CO,0.5603,0.546,0.057,0.8447,0.8486,9.9,8.5,9.1,4.2,18.0,4.7,9.5,29.2,38.9,29.4,9.9,46.1,70.35,22.299999999999997,7.449999999999999,15.25,28.299999999999997,73.44999999999999,21.6,1.0,0,0,1
08033,Dolores County,CO,0.1858,0.0923,0.2673,0.5819,0.3439,5.0,0.0,8.3,7.4,19.1,3.1,4.7,13.7,1.6,12.6,8.0,23.4,71.35,23.45,10.15,15.25,32.650000000000006,68.7,27.200000000000003,6.0,0,0,1
08035,Douglas County,CO,0.022,0.0083,0.078,0.5383,0.064,2.1,1.3,3.6,0.8,5.1,3.4,2.1,9.5,14.0,16.3,7.5,20.6,73.9,21.3,6.4,15.25,29.799999999999997,77.30000000000001,24.950000000000003,2.0,0,0,1
08037,Eagle County,CO,0.3497,0.4219,0.0719,0.7321,0.4445,4.0,1.0,10.4,5.3,13.3,4.4,7.6,29.4,27.5,27.4,6.2,35.8,70.8,20.5,8.0,15.25,29.6,70.6,23.950000000000003,5.0,0,0,1
08039,Elbert County,CO,0.0006,0.0038,0.0127,0.4445,0.001,1.1,0.3,5.0,0.6,9.1,2.3,3.3,8.2,0.1,14.9,8.1,15.7,71.9,22.299999999999997,7.9,15.25,31.25,70.8,24.450000000000003,2.0,0,0,1
08041,El Paso County,CO,0.4604,0.4168,0.3153,0.7038,0.5052,3.6,5.6,7.5,1.1,16.2,5.7,5.2,18.2,13.0,28.5,12.5,33.1,73.65,25.35,8.55,15.25,32.1,70.35,28.4,3.0,0,0,1
08043,Fremont County,CO,0.6688,0.5889,0.4286,0.5542,0.8511,5.2,3.6,6.9,0.7,24.3,4.8,10.2,13.7,4.7,27.2,18.9,21.8,70.15,23.6,10.350000000000001,15.25,31.700000000000003,69.19999999999999,30.5,5.0,0,0,1
08045,Garfield County,CO,0.6058,0.5002,0.5247,0.7191,0.6634,4.5,0.5,17.5,6.2,14.5,3.2,10.7,29.5,7.3,25.1,9.1,34.6,70.25,21.15,8.5,15.25,30.3,73.65,23.9,5.0,0,0,1
08047,Gilpin County,CO,0.0967,0.2491,0.0064,0.4416,0.2727,5.2,0.2,8.7,0.0,14.2,2.1,5.6,9.6,2.9,29.9,12.0,15.6,71.94999999999999,22.5,8.45,15.25,31.25,70.4,24.8,2.0,0,0,1
08049,Grand County,CO,0.1565,0.3891,0.0089,0.4932,0.2456,2.5,0.8,12.3,0.7,14.3,4.6,5.3,9.8,16.6,25.2,6.7,17.9,71.19999999999999,23.05,8.15,15.25,31.55,70.1,24.05,6.0,0,0,1
08051,Gunnison County,CO,0.1222,0.2116,0.0022,0.4273,0.5997,2.1,0.5,7.2,0.7,16.0,3.6,1.7,10.0,9.3,25.1,7.4,14.9,70.25,23.200000000000003,7.1,15.25,28.9,69.7,24.25,6.0,0,0,1
08053,Hinsdale County,CO,0.0869,0.2335,0.4419,0.2984,0.0054,1.5,1.0,12.6,0.0,10.5,1.9,1.5,2.4,0.3,25.9,17.2,10.3,74.19999999999999,21.7,8.2,15.25,33.05,73.75,23.7,6.0,0,0,1
08055,Huerfano County,CO,0.5383,0.5778,0.5075,0.7636,0.3236,5.3,0.0,6.1,0.7,24.6,6.4,7.1,33.1,1.7,27.9,20.6,38.5,72.35,21.75,11.65,15.25,35.0,69.4,27.7,6.0,0,0,1
08057,Jackson County,CO,0.3751,0.8781,0.049,0.3824,0.1085,5.9,0.6,10.0,0.2,32.9,8.2,14.3,11.5,0.0,22.6,12.7,13.2,71.4,24.0,11.850000000000001,15.25,34.15,68.75,29.75,6.0,0,0,1
08059,Jefferson County,CO,0.0948,0.1193,0.0337,0.5829,0.2164,3.9,1.1,5.2,1.1,11.1,3.9,4.8,15.8,16.5,22.7,10.5,23.5,72.30000000000001,23.35,7.75,15.25,31.4,73.25,23.0,2.0,0,0,1
08061,Kiowa County,CO,0.3312,0.5024,0.4785,0.2214,0.1724,2.7,0.6,8.4,2.7,28.9,0.0,8.8,6.1,3.2,28.7,9.6,8.2,72.2,24.4,10.05,15.25,33.15,63.5,27.35,6.0,0,0,1
08063,Kit Carson County,CO,0.6825,0.5756,0.9211,0.5829,0.4604,5.7,0.0,12.1,1.2,22.6,2.6,12.3,18.9,2.9,25.1,15.9,23.5,69.95,24.0,10.25,15.25,32.15,67.35,29.549999999999997,6.0,0,0,1
08065,Lake County,CO,0.1152,0.2342,0.0165,0.776,0.1368,3.5,0.1,16.4,4.7,13.0,2.4,5.7,30.6,1.6,21.6,11.0,39.5,69.65,21.6,8.1,15.25,29.950000000000003,71.15,23.799999999999997,5.0,0,0,1
08067,La Plata County,CO,0.258,0.2965,0.0108,0.5797,0.7031,2.0,0.2,9.5,0.3,18.8,3.2,4.2,13.0,8.8,25.4,10.1,23.3,71.55,22.4,8.4,15.25,30.5,71.44999999999999,20.85,5.0,0,0,1
08069,Larimer County,CO,0.1524,0.2676,0.0105,0.5161,0.3824,3.8,0.9,5.9,1.0,16.6,4.6,3.7,12.2,12.7,27.1,10.0,19.2,69.4,24.9,7.1,15.25,29.1,68.4,23.95,3.0,0,0,1
08071,Las Animas County,CO,0.9068,0.8645,0.9065,0.8571,0.7706,8.4,1.0,8.9,1.6,28.7,7.4,11.5,40.8,2.0,29.4,23.3,47.6,70.5,22.4,12.05,15.25,32.55,69.0,32.7,6.0,0,0,1
08073,Lincoln County,CO,0.385,0.4197,0.0528,0.6045,0.6612,5.3,6.6,8.1,1.1,22.3,2.3,11.3,14.8,5.1,23.8,15.0,24.8,69.1,21.950000000000003,10.100000000000001,15.25,31.400000000000002,67.15,29.85,6.0,0,0,1
08075,Logan County,CO,0.6004,0.4327,0.2135,0.5867,0.9593,5.8,1.1,7.2,1.2,26.6,3.2,8.9,16.8,6.4,23.6,14.9,23.7,69.4,23.950000000000003,10.5,15.25,31.6,68.25,30.0,5.0,0,0,1
08077,Mesa County,CO,0.6462,0.5772,0.6497,0.5371,0.6691,5.3,0.7,9.9,1.0,19.8,5.3,7.7,15.1,5.8,28.4,15.3,20.4,70.45,23.95,8.95,15.25,29.200000000000003,67.35,29.950000000000003,4.0,0,0,1
08079,Mineral County,CO,0.056,0.4878,0.0083,0.1654,0.0185,2.9,0.0,14.5,0.0,15.2,4.8,2.2,2.6,0.0,31.6,11.3,7.2,73.15,22.45,8.9,15.25,33.1,75.55000000000001,25.4,6.0,0,0,1
08081,Moffat County,CO,0.8164,0.7003,0.8944,0.5501,0.7913,6.2,0.2,10.1,2.3,25.1,5.4,8.7,16.5,7.2,27.6,15.0,21.6,69.5,24.450000000000003,10.0,15.25,32.3,66.25,28.4,5.0,0,0,1
08083,Montezuma County,CO,0.6061,0.567,0.6382,0.6516,0.5164,4.5,1.3,11.2,0.8,22.7,4.4,8.7,13.0,2.1,24.8,15.0,28.9,71.19999999999999,24.4,10.350000000000001,15.25,31.4,66.75,28.45,6.0,0,0,1
08085,Montrose County,CO,0.5164,0.6013,0.7337,0.6102,0.1591,2.8,0.4,13.3,4.0,19.4,4.3,10.7,20.9,2.6,25.2,13.3,25.2,70.6,23.25,10.0,15.25,32.45,71.44999999999999,27.6,5.0,0,0,1
08087,Morgan County,CO,0.8371,0.706,0.8075,0.8116,0.8346,5.4,3.2,11.6,6.8,21.1,3.7,17.3,36.8,6.6,26.7,10.1,43.2,69.5,21.85,10.4,15.25,31.55,68.0,32.2,5.0,0,0,1
08089,Otero County,CO,0.9535,0.8479,0.9551,0.8651,0.9211,8.6,1.2,8.0,1.8,38.8,5.9,12.0,42.9,5.8,27.5,20.4,48.9,70.8,23.15,13.1,15.25,33.55,63.8,34.85,6.0,0,0,1
08091,Ouray County,CO,0.0834,0.307,0.064,0.2587,0.0423,1.8,0.8,14.6,0.2,11.6,4.2,2.5,4.2,1.6,23.2,15.1,9.2,74.19999999999999,22.35,8.3,15.25,33.5,71.85,23.05,6.0,0,0,1
08093,Park County,CO,0.0032,0.1374,0.0092,0.3592,0.0013,1.4,0.5,8.8,0.2,13.8,3.9,2.4,6.7,0.0,19.5,11.3,12.2,72.25,21.9,8.7,15.25,32.85,72.75,23.0,2.0,0,0,1
08095,Phillips County,CO,0.4203,0.4868,0.5348,0.6624,0.1775,5.3,0.0,8.0,5.1,26.3,1.4,10.9,28.2,1.6,25.5,13.3,29.8,70.55,23.35,10.75,15.25,32.35,68.0,29.15,6.0,0,0,1
08097,Pitkin County,CO,0.0617,0.0897,0.0124,0.5119,0.266,2.4,0.4,4.4,0.4,10.5,2.1,1.8,10.8,24.5,27.0,8.9,19.0,72.25,21.049999999999997,7.45,15.25,31.299999999999997,75.6,20.5,5.0,0,0,1
08099,Prowers County,CO,0.9615,0.8183,0.965,0.8151,0.966,6.6,1.3,10.5,2.9,30.9,4.4,14.5,39.5,5.5,27.7,17.5,43.5,69.05000000000001,22.75,11.7,15.25,31.799999999999997,65.8,29.5,6.0,0,0,1
08101,Pueblo County,CO,0.8533,0.6914,0.8826,0.8686,0.8314,7.9,1.7,6.3,1.1,26.0,5.9,10.0,43.6,7.9,30.1,18.5,49.5,71.6,23.0,11.350000000000001,15.25,29.65,68.44999999999999,32.2,4.0,0,0,1
08103,Rio Blanco County,CO,0.5167,0.5177,0.5937,0.4871,0.4184,2.1,0.3,9.3,0.9,22.1,6.1,7.8,11.1,4.5,21.7,16.5,17.6,70.85,24.1,8.8,15.25,30.85,68.85,26.7,6.0,0,0,1
08105,Rio Grande County,CO,0.7868,0.5463,0.9214,0.8616,0.721,6.9,0.4,14.2,1.6,20.2,6.0,9.9,44.5,2.4,18.6,17.0,48.4,71.55,21.6,10.899999999999999,15.25,32.5,71.8,27.799999999999997,6.0,0,0,1
08107,Routt County,CO,0.1314,0.1985,0.0395,0.4613,0.2596,2.0,0.2,8.5,1.0,12.8,2.9,3.0,7.2,22.5,25.8,6.8,16.5,71.35,22.25,7.550000000000001,15.25,31.1,72.45,23.35,5.0,0,0,1
08109,Saguache County,CO,0.6608,0.8791,0.8177,0.7989,0.0652,1.5,1.3,11.1,2.5,32.5,10.0,11.5,35.5,0.6,23.1,15.3,41.7,72.0,21.85,12.899999999999999,15.25,34.7,68.55,28.950000000000003,6.0,0,0,1
08111,San Juan County,CO,0.4276,0.7595,0.2179,0.5501,0.1168,3.9,0.0,16.5,5.2,26.4,7.3,4.3,18.3,15.9,26.1,6.2,21.6,72.1,22.35,9.0,15.25,31.9,70.0,26.1,6.0,0,0,1
08113,San Miguel County,CO,0.2911,0.3758,0.0509,0.4378,0.5425,6.3,0.5,10.3,2.9,20.2,3.7,1.8,11.4,27.9,27.0,5.3,15.4,72.1,22.25,7.8999999999999995,15.25,31.150000000000002,71.5,25.8,6.0,0,0,1
08115,Sedgwick County,CO,0.6729,0.5059,0.9831,0.5978,0.3296,6.5,0.5,7.8,1.5,26.0,3.3,8.7,19.4,4.4,27.6,19.3,24.4,72.44999999999999,23.2,11.0,15.25,33.45,67.8,28.25,6.0,0,0,1
08117,Summit County,CO,0.1696,0.2533,0.0095,0.5597,0.4725,3.0,0.3,11.0,2.8,14.3,3.7,5.8,14.8,37.5,22.2,6.2,22.1,71.1,22.15,7.550000000000001,15.25,28.35,71.4,24.049999999999997,5.0,0,0,1
08119,Teller County,CO,0.0496,0.2256,0.0223,0.4416,0.0369,1.1,0.9,7.0,0.1,13.2,3.8,3.0,7.9,2.8,27.5,13.8,15.6,72.65,22.9,8.649999999999999,15.25,32.849999999999994,74.44999999999999,23.75,3.0,0,0,1
08121,Washington County,CO,0.2848,0.2004,0.4928,0.4146,0.3805,3.8,1.0,4.6,1.4,19.4,3.5,9.5,10.9,1.4,20.8,11.9,14.4,70.5,23.4,9.35,15.25,32.35,69.94999999999999,26.5,6.0,0,0,1
08123,Weld County,CO,0.5889,0.5269,0.5367,0.7391,0.5457,3.5,1.2,8.5,3.9,16.6,4.9,11.7,30.3,7.5,25.3,11.2,36.3,67.5,22.05,9.4,15.25,30.1,72.6,33.7,3.0,0,0,1
08125,Yuma County,CO,0.6783,0.8202,0.601,0.6475,0.3411,2.7,0.2,15.4,7.4,21.6,5.7,15.2,25.7,1.0,24.9,8.3,28.4,70.0,22.75,10.05,15.25,31.55,67.65,28.549999999999997,6.0,0,0,1
09110,Capitol Planning Region,CT,0.5877,0.3952,0.427,0.7735,0.7891,9.5,11.7,4.0,3.6,16.9,5.6,9.0,17.9,14.2,27.7,11.8,39.3,80.69999999999999,21.8,10.1,16.75,36.6,81.0,32.15,1.0,1,0,0
09120,Greater Bridgeport Planning Region,CT,0.8142,0.7391,0.5924,0.791,0.8673,10.0,10.9,7.6,6.8,19.3,7.7,11.7,20.4,13.4,33.4,12.6,40.6,77.3,18.0,9.75,20.45,35.55,77.85,28.25,3.0,1,0,0
09130,Lower Connecticut River Valley Planning Region,CT,0.1534,0.1145,0.1467,0.5065,0.3229,4.8,4.4,3.2,1.5,11.1,4.1,4.7,7.0,9.3,24.0,10.9,18.7,81.25,23.1,8.35,9.850000000000001,35.25,79.4,29.4,2.0,1,0,0
09140,Naugatuck Valley Planning Region,CT,0.5641,0.4836,0.5746,0.7636,0.5142,9.5,10.5,4.6,3.8,16.8,6.4,9.6,19.1,9.7,29.3,13.5,38.5,79.15,21.450000000000003,9.7,15.9,36.65,78.45,31.6,3.0,1,0,0
09150,Northeastern Connecticut Planning Region,CT,0.2409,0.3894,0.2953,0.5065,0.0955,5.0,1.4,4.3,1.5,14.4,7.4,8.7,11.8,3.3,25.0,13.2,18.7,78.85,24.35,9.15,12.35,35.0,76.0,32.849999999999994,5.0,1,0,0
09160,Northwest Hills Planning Region,CT,0.2727,0.2558,0.3608,0.5597,0.2606,6.1,4.4,4.1,2.2,14.1,5.4,6.8,10.9,4.9,25.1,11.9,22.1,80.15,22.75,8.95,11.3,37.0,78.35,28.7,5.0,1,0,0
09170,South Central Connecticut Planning Region,CT,0.6637,0.4884,0.3681,0.7655,0.9039,11.1,12.4,5.1,3.7,18.1,6.1,8.6,18.8,16.1,30.6,11.3,38.7,79.45,20.65,9.8,16.2,36.1,79.65,33.65,3.0,1,0,0
09180,Southeastern Connecticut Planning Region,CT,0.4865,0.3541,0.4734,0.6128,0.6055,7.3,5.1,4.4,2.5,16.7,5.3,7.6,11.4,9.8,28.6,13.5,25.4,79.6,23.3,9.4,14.75,33.95,77.85,32.8,3.0,1,0,0
09190,Western Connecticut Planning Region,CT,0.4664,0.4034,0.3102,0.7751,0.5008,5.8,9.6,7.4,5.6,12.8,5.6,8.4,20.1,17.5,24.9,8.9,39.4,77.85,18.5,7.95,12.2,35.5,78.75,25.15,3.0,1,0,0
10001,Kent County,DE,0.8151,0.6306,0.8676,0.7964,0.7881,6.8,25.5,6.9,1.7,20.1,6.0,11.1,7.8,7.8,28.6,16.6,41.4,81.55,22.9,13.350000000000001,16.25,36.849999999999994,73.3,43.7,4.0,0,1,0
10003,New Castle County,DE,0.5132,0.3376,0.4018,0.8352,0.6561,7.0,24.7,5.3,2.1,16.5,5.4,7.5,10.8,14.1,25.1,12.4,45.4,78.4,21.25,11.45,14.3,36.2,78.5,33.4,2.0,0,1,0
10005,Sussex County,DE,0.5183,0.4483,0.6904,0.6166,0.3948,3.6,10.7,6.9,2.6,18.5,5.0,9.9,9.5,4.6,24.0,14.5,25.6,81.15,21.4,12.0,13.45,42.95,80.7,34.0,5.0,0,1,0
11001,District of Columbia,DC,0.6262,0.4394,0.1056,0.9386,0.9631,35.7,43.5,3.4,2.1,20.6,7.1,7.3,11.5,48.2,26.3,11.0,63.7,76.4,21.3,8.15,13.850000000000001,33.05,77.2,24.9,1.0,0,1,0
12001,Alachua County,FL,0.6099,0.629,0.0309,0.7881,0.9357,7.1,19.1,7.9,1.1,28.4,5.1,6.4,10.9,20.4,32.6,11.5,40.4,77.6,19.950000000000003,10.85,15.25,34.35,74.4,32.15,3.0,0,1,0
12003,Baker County,FL,0.6188,0.6118,0.4073,0.5558,0.7051,4.0,11.5,11.3,0.3,21.5,4.9,14.9,3.2,0.6,20.5,15.4,21.9,75.4,19.8,11.65,15.25,36.650000000000006,76.15,35.2,2.0,0,1,0
12005,Bay County,FL,0.7407,0.6405,0.8126,0.6083,0.6952,4.0,10.2,13.7,1.8,20.9,4.0,9.6,7.2,20.9,29.5,19.5,25.0,75.15,21.15,10.95,15.25,36.75,73.9,33.3,4.0,0,1,0
12007,Bradford County,FL,0.8867,0.9144,0.3198,0.6354,0.9901,7.0,17.3,10.9,0.1,28.4,5.8,17.9,4.7,4.9,28.4,18.1,27.4,75.85,20.6,13.4,15.25,35.25,70.15,34.95,6.0,0,1,0
12009,Brevard County,FL,0.4817,0.4833,0.4913,0.6424,0.3659,4.7,9.2,10.0,1.3,18.0,4.9,7.3,11.4,12.8,26.3,16.3,28.0,77.75,19.3,11.55,15.25,36.6,77.94999999999999,34.1,3.0,0,1,0
12011,Broward County,FL,0.7814,0.791,0.4935,0.9481,0.6777,6.9,27.6,13.9,7.4,20.9,5.8,10.0,31.5,35.8,36.6,11.1,67.0,78.45,15.899999999999999,12.45,15.25,35.55,76.15,30.5,2.0,0,1,0
12013,Calhoun County,FL,0.8756,0.7989,0.7124,0.6045,0.9628,6.8,12.4,19.6,0.7,33.6,3.7,20.7,6.4,0.7,20.1,24.1,24.8,76.05000000000001,20.299999999999997,14.0,15.25,37.650000000000006,70.1,39.95,6.0,0,1,0
12015,Charlotte County,FL,0.5953,0.5908,0.6554,0.489,0.5145,4.5,5.1,10.2,1.3,18.9,5.7,8.1,8.0,9.4,27.0,21.7,17.7,79.25,17.6,12.7,15.25,39.75,75.7,31.1,4.0,0,1,0
12017,Citrus County,FL,0.5698,0.7321,0.5857,0.3977,0.3264,4.7,2.1,10.8,0.8,24.4,7.2,9.6,6.4,1.4,23.5,21.7,13.8,78.35,19.799999999999997,13.0,15.25,40.0,75.0,32.599999999999994,4.0,0,1,0
12019,Clay County,FL,0.3649,0.2978,0.5087,0.6647,0.2857,3.6,11.2,8.7,1.4,16.7,4.3,7.5,10.8,4.6,21.8,13.4,30.0,77.05,19.25,11.25,15.25,35.9,70.55,34.7,2.0,0,1,0
12021,Collier County,FL,0.6141,0.588,0.4362,0.7636,0.5953,4.6,6.4,11.8,7.4,17.3,4.3,10.5,28.6,27.4,28.7,11.4,38.5,77.2,16.0,11.6,15.25,37.05,72.9,27.3,3.0,0,1,0
12023,Columbia County,FL,0.9138,0.8311,0.818,0.6487,0.9701,4.5,16.6,13.2,0.7,28.2,6.9,14.2,6.8,4.3,21.2,20.2,28.6,76.55000000000001,20.55,13.75,15.25,37.400000000000006,67.85,39.7,5.0,0,1,0
12027,DeSoto County,FL,0.9981,0.992,0.9656,0.8447,0.9876,6.2,12.2,19.6,5.8,40.1,9.7,26.9,32.0,2.1,24.0,19.0,46.1,75.0,19.0,16.15,15.25,40.9,69.25,41.4,5.0,0,1,0
12029,Dixie County,FL,0.7719,0.7681,0.4884,0.4699,0.8944,5.1,8.0,16.0,0.7,32.7,5.1,19.2,4.5,0.2,15.6,25.7,16.9,74.85,20.65,14.200000000000001,15.25,36.55,70.8,34.75,6.0,0,1,0
12031,Duval County,FL,0.7935,0.7105,0.6144,0.8711,0.8062,7.1,28.9,11.7,2.7,23.3,4.7,9.3,11.0,19.3,31.5,13.0,49.9,75.95,19.700000000000003,12.3,15.25,32.5,77.6,34.3,1.0,0,1,0
12033,Escambia County,FL,0.839,0.783,0.644,0.7474,0.8801,6.9,21.5,11.6,1.3,23.9,6.2,9.2,6.1,11.2,29.3,16.8,37.1,76.35,20.75,12.100000000000001,15.25,35.35,74.2,36.099999999999994,3.0,0,1,0
12035,Flagler County,FL,0.3121,0.4559,0.5597,0.6277,0.0554,3.6,9.2,11.3,2.3,17.4,3.8,7.7,11.2,6.9,27.1,15.4,26.7,78.5,19.4,11.5,15.25,39.25,77.1,30.75,3.0,0,1,0
12037,Franklin County,FL,0.9017,0.9644,0.6176,0.5711,0.8902,6.6,10.8,17.7,1.4,33.5,8.9,19.6,5.5,2.2,22.3,23.3,22.7,77.05000000000001,18.950000000000003,13.25,15.25,36.650000000000006,66.65,32.349999999999994,6.0,0,1,0
12039,Gadsden County,FL,0.9742,0.8855,0.971,0.9532,0.9405,9.8,54.5,14.2,2.5,35.5,4.3,19.7,11.1,1.1,23.6,19.9,68.3,79.2,17.0,17.4,15.25,35.3,73.44999999999999,44.55,3.0,0,1,0
12041,Gilchrist County,FL,0.7337,0.455,0.896,0.3697,0.9141,7.5,3.1,13.5,1.7,23.7,3.1,14.0,6.2,0.2,16.4,20.2,12.6,75.6,21.200000000000003,11.5,15.25,37.75,71.25,34.6,3.0,0,1,0
12043,Glades County,FL,0.9058,0.9516,0.7735,0.8088,0.7229,2.0,15.2,20.9,5.7,36.9,5.4,26.9,22.2,0.0,22.8,19.2,43.0,75.4,18.1,16.05,15.25,38.85,66.2,37.5,5.0,0,1,0
12045,Gulf County,FL,0.7082,0.6125,0.6252,0.5667,0.7856,4.0,14.8,9.3,0.5,23.4,4.3,14.3,3.9,2.5,23.0,23.0,22.5,75.85,19.95,12.5,15.25,36.55,74.19999999999999,35.2,6.0,0,1,0
12047,Hamilton County,FL,0.9803,0.9777,0.8622,0.8317,0.9574,6.0,31.3,15.1,1.6,37.2,9.2,22.9,10.7,1.2,22.9,19.4,45.0,76.6,19.450000000000003,16.15,15.25,39.85,63.95,41.75,6.0,0,1,0
12049,Hardee County,FL,0.993,0.9876,0.8979,0.8899,0.9685,4.9,6.4,14.5,7.1,41.6,8.7,22.1,44.3,2.9,25.7,14.3,54.5,74.25,18.15,15.0,15.25,36.6,66.5,40.25,6.0,0,1,0
12051,Hendry County,FL,0.9946,0.993,0.8575,0.9625,0.9761,7.3,10.3,21.7,13.6,37.7,5.8,30.5,57.1,1.5,30.5,12.2,71.1,74.15,16.6,16.450000000000003,15.25,34.75,64.25,37.650000000000006,5.0,0,1,0
12053,Hernando County,FL,0.6602,0.7537,0.7623,0.6185,0.3048,5.1,4.9,12.6,1.4,23.0,5.9,10.6,15.6,2.8,24.9,19.0,25.8,76.9,20.5,13.05,15.25,37.65,74.8,36.25,2.0,0,1,0
12055,Highlands County,FL,0.8673,0.818,0.8664,0.7286,0.7607,5.2,9.0,13.1,3.6,27.2,6.8,13.8,21.5,2.9,21.3,20.3,35.4,78.65,18.049999999999997,15.45,15.25,40.75,73.3,37.55,4.0,0,1,0
12057,Hillsborough County,FL,0.7789,0.7327,0.49,0.8871,0.7897,5.9,15.5,11.9,6.5,22.1,4.8,10.7,29.9,17.7,31.0,11.8,53.7,76.15,16.65,12.0,15.25,37.95,78.4,31.55,1.0,0,1,0
12059,Holmes County,FL,0.8081,0.7786,0.77,0.4248,0.833,5.1,6.5,16.3,0.7,29.6,4.7,17.3,3.2,0.6,19.7,18.8,14.8,75.35,21.3,13.2,15.25,39.75,71.45,36.4,6.0,0,1,0
12061,Indian River County,FL,0.5145,0.5975,0.5803,0.6249,0.2434,4.3,8.2,11.1,1.7,18.5,5.9,8.6,13.2,14.2,24.9,16.2,26.5,78.9,17.700000000000003,11.9,15.25,37.05,73.65,27.05,4.0,0,1,0
12063,Jackson County,FL,0.8085,0.7362,0.8947,0.7213,0.6223,5.2,25.6,9.8,1.2,31.2,4.7,15.8,5.2,0.7,21.5,20.1,34.8,76.1,19.700000000000003,14.35,15.25,35.55,78.0,38.8,6.0,0,1,0
12065,Jefferson County,FL,0.7439,0.7143,0.6325,0.776,0.6666,7.0,32.0,10.0,0.6,26.7,6.7,14.9,4.5,0.4,18.8,20.2,39.5,77.4,18.1,14.25,15.25,38.95,71.69999999999999,35.0,3.0,0,1,0
12067,Lafayette County,FL,0.8409,0.9214,0.4626,0.6726,0.7906,1.8,15.6,15.1,2.0,35.4,8.6,21.5,13.3,0.8,18.7,21.0,30.5,74.3,19.6,13.7,15.25,38.15,69.5,34.95,6.0,0,1,0
12069,Lake County,FL,0.6214,0.6128,0.6481,0.7086,0.4512,4.1,9.7,10.4,2.3,18.3,5.5,9.6,17.4,6.7,26.8,16.3,33.4,77.75,17.85,12.7,15.25,36.5,74.55000000000001,35.55,2.0,0,1,0
12071,Lee County,FL,0.7086,0.6507,0.6067,0.7299,0.671,5.1,7.7,12.8,5.7,19.6,4.5,9.9,23.1,16.6,29.3,13.8,35.6,78.15,17.65,12.65,15.25,36.6,76.1,30.799999999999997,3.0,0,1,0
12073,Leon County,FL,0.6952,0.6659,0.1021,0.8323,0.937,6.9,30.7,8.2,0.9,26.4,5.7,6.7,6.9,20.9,33.3,11.9,45.1,76.25,18.049999999999997,10.95,15.25,34.35,77.1,34.35,3.0,0,1,0
12075,Levy County,FL,0.7582,0.7184,0.9119,0.5616,0.5224,4.7,8.4,15.6,2.1,27.8,4.4,12.4,9.2,1.2,21.6,19.9,22.2,76.7,19.8,14.0,15.25,37.75,69.55,33.8,3.0,0,1,0
12077,Liberty County,FL,0.8266,0.8454,0.6077,0.636,0.8132,7.7,14.8,10.8,0.6,30.5,8.2,19.0,7.8,0.2,19.4,24.2,27.5,74.75,19.15,13.65,15.25,36.05,73.4,44.35,6.0,0,1,0
12079,Madison County,FL,0.8638,0.8011,0.5822,0.8403,0.9338,9.5,35.8,12.8,0.9,33.8,2.7,19.8,6.3,0.9,24.5,15.7,45.8,78.15,19.05,15.05,15.25,37.900000000000006,77.85,37.95,6.0,0,1,0
12081,Manatee County,FL,0.6332,0.6516,0.4906,0.6685,0.5622,4.0,8.0,12.1,3.0,19.6,5.2,9.3,16.9,14.3,27.6,14.6,30.2,78.05,18.25,12.05,15.25,38.1,75.3,32.400000000000006,3.0,0,1,0
12083,Marion County,FL,0.8196,0.7926,0.7891,0.6936,0.7143,4.9,12.0,12.4,2.1,25.0,5.9,10.8,15.0,3.4,25.5,16.4,32.1,78.8,19.85,12.9,15.25,36.849999999999994,74.65,36.75,3.0,0,1,0
12085,Martin County,FL,0.4642,0.4022,0.384,0.5797,0.5415,4.9,5.0,9.6,2.3,17.2,4.4,7.6,14.3,14.6,24.7,14.2,23.3,77.05000000000001,18.15,11.5,15.25,39.5,75.55000000000001,27.45,3.0,0,1,0
12086,Miami-Dade County,FL,0.881,0.9049,0.4365,0.9901,0.8909,9.7,14.9,15.0,20.6,26.3,4.6,17.3,68.8,39.3,39.7,10.2,87.0,74.95,13.75,14.350000000000001,15.25,33.55,76.0,29.4,1.0,0,1,0
12087,Monroe County,FL,0.6822,0.5247,0.3143,0.7378,0.9294,6.7,6.2,15.4,6.1,18.0,3.4,7.8,25.7,12.9,30.3,10.8,36.2,77.1,16.75,11.45,15.25,36.7,73.25,25.65,5.0,0,1,0
12089,Nassau County,FL,0.2539,0.2278,0.4076,0.4273,0.2724,3.0,5.5,7.9,0.4,13.7,4.1,8.2,5.0,6.5,20.7,17.4,14.9,77.35,19.0,10.1,15.25,37.9,76.6,33.55,2.0,0,1,0
12091,Okaloosa County,FL,0.5266,0.4238,0.573,0.6503,0.5358,3.7,9.3,11.4,1.8,18.1,3.3,7.0,10.1,17.0,27.9,15.6,28.7,75.44999999999999,19.3,10.2,15.25,32.55,72.85,30.75,3.0,0,1,0
12093,Okeechobee County,FL,0.9637,0.9481,0.9322,0.7617,0.8934,3.2,7.7,17.9,4.1,30.0,6.1,20.1,26.7,2.3,24.2,17.9,38.2,76.1,19.85,14.2,15.25,37.8,76.44999999999999,44.0,5.0,0,1,0
12095,Orange County,FL,0.7951,0.8018,0.3767,0.9332,0.7862,5.2,19.3,12.6,7.2,23.2,5.5,10.6,32.9,23.1,33.8,11.2,62.5,76.15,16.55,11.6,15.25,34.7,75.44999999999999,33.5,1.0,0,1,0
12097,Osceola County,FL,0.8307,0.8244,0.8043,0.9644,0.5399,4.5,9.3,11.8,10.0,24.1,5.3,12.3,56.1,13.7,37.6,13.9,71.5,75.35,17.25,13.05,15.25,36.3,77.4,39.599999999999994,2.0,0,1,0
12099,Palm Beach County,FL,0.8008,0.7779,0.6354,0.8613,0.7222,6.0,18.1,13.5,7.5,19.3,5.8,11.0,23.5,25.0,31.9,12.4,48.3,78.0,15.9,12.149999999999999,15.25,34.5,77.4,26.950000000000003,2.0,0,1,0
12101,Pasco County,FL,0.7041,0.6561,0.7811,0.6599,0.5387,4.8,5.6,11.2,2.3,20.2,5.3,9.3,17.4,6.4,27.6,16.4,29.6,75.75,19.65,11.55,15.25,37.2,76.4,31.8,2.0,0,1,0
12103,Pinellas County,FL,0.7095,0.5546,0.5851,0.6373,0.8568,6.9,9.8,10.8,2.3,19.5,4.6,7.5,10.4,24.4,30.4,15.5,27.6,77.35,20.1,11.45,15.25,37.65,74.85,31.6,1.0,0,1,0
12105,Polk County,FL,0.8912,0.8078,0.8062,0.8377,0.903,5.2,14.4,13.0,4.9,25.7,4.6,13.1,26.2,6.0,28.6,14.1,45.6,76.3,19.5,12.7,15.25,37.55,71.9,40.400000000000006,3.0,0,1,0
12107,Putnam County,FL,0.9835,0.9838,0.966,0.6599,0.9036,7.5,15.6,16.6,3.0,39.0,8.9,17.6,10.5,2.4,25.1,18.4,29.6,76.45,20.25,15.45,15.25,37.75,73.1,33.2,5.0,0,1,0
12109,St. Johns County,FL,0.1266,0.1677,0.1925,0.5294,0.104,2.4,5.2,7.2,1.0,11.8,4.4,5.0,8.0,8.8,21.3,10.5,20.0,79.0,18.0,9.399999999999999,15.25,34.8,76.6,28.95,2.0,0,1,0
12111,St. Lucie County,FL,0.7906,0.8136,0.8734,0.8466,0.3812,4.5,19.8,12.6,3.1,22.1,6.0,11.4,20.6,10.7,30.0,15.2,46.2,76.1,17.55,12.85,15.25,36.45,74.80000000000001,31.7,3.0,0,1,0
12113,Santa Rosa County,FL,0.3213,0.3379,0.189,0.5294,0.4353,3.5,5.7,10.9,0.7,15.9,4.7,7.4,6.2,4.4,20.9,15.0,20.0,77.80000000000001,19.55,10.100000000000001,15.25,34.7,72.65,31.9,3.0,0,1,0
12115,Sarasota County,FL,0.3653,0.2927,0.413,0.504,0.4566,4.4,4.1,10.2,1.8,14.2,3.4,5.9,9.9,16.7,25.6,15.1,18.6,79.3,19.299999999999997,10.7,15.25,38.35,77.05000000000001,29.75,3.0,0,1,0
12117,Seminole County,FL,0.3996,0.4111,0.3051,0.8075,0.2829,3.9,11.0,10.1,3.0,15.9,4.3,6.1,22.9,15.2,29.5,11.3,42.9,77.4,16.549999999999997,10.4,15.25,33.6,75.55,29.4,2.0,0,1,0
12119,Sumter County,FL,0.3026,0.2109,0.3945,0.4445,0.4744,3.5,6.8,6.0,0.9,14.8,5.1,7.5,6.1,3.6,20.1,18.5,15.7,81.95,15.55,12.55,15.25,42.849999999999994,76.65,30.75,4.0,0,1,0
12121,Suwannee County,FL,0.8457,0.7598,0.7518,0.615,0.9243,5.9,11.2,13.0,1.2,27.4,5.5,15.7,10.4,2.0,19.8,20.6,25.5,75.8,19.85,13.45,15.25,37.6,72.25,38.45,6.0,0,1,0
12123,Taylor County,FL,0.8062,0.6911,0.8132,0.6402,0.8177,5.5,20.2,8.2,1.0,28.0,5.8,16.7,4.1,0.7,19.6,20.8,27.9,75.69999999999999,19.8,14.350000000000001,15.25,37.25,75.9,40.849999999999994,6.0,0,1,0
12125,Union County,FL,0.6669,0.5081,0.4798,0.6548,0.8696,3.7,16.6,11.4,0.3,24.3,3.6,22.1,5.7,0.6,13.1,17.9,29.2,74.05,20.45,13.7,15.25,37.400000000000006,68.80000000000001,41.55,6.0,0,1,0
12127,Volusia County,FL,0.6987,0.5966,0.6914,0.678,0.6863,5.6,10.3,11.6,1.3,21.0,4.2,8.4,15.6,14.2,30.6,17.3,31.0,77.4,19.75,11.9,15.25,36.7,73.65,32.95,3.0,0,1,0
12129,Wakulla County,FL,0.3058,0.3198,0.0423,0.5616,0.6459,3.4,14.5,7.0,0.7,15.8,3.6,11.6,4.3,0.1,22.6,13.2,22.2,75.4,18.25,11.7,15.25,36.1,77.8,38.55,3.0,0,1,0
12131,Walton County,FL,0.6287,0.553,0.5208,0.4699,0.7703,3.9,3.7,13.5,1.2,18.0,5.3,8.1,6.6,19.2,23.8,16.1,16.9,75.4,19.2,11.0,15.25,36.6,73.6,29.85,3.0,0,1,0
12133,Washington County,FL,0.8043,0.8486,0.7665,0.5867,0.6188,2.9,14.0,14.4,0.9,35.8,4.8,16.9,4.4,0.8,21.6,20.4,23.7,75.05,20.75,13.85,15.25,38.349999999999994,66.44999999999999,39.95,4.0,0,1,0
13001,Appling County,GA,0.9122,0.8546,0.8578,0.6911,0.9268,7.4,18.1,14.3,3.0,37.9,3.3,21.6,10.3,1.4,23.8,13.5,31.9,76.15,22.45,16.0,25.1,38.6,70.6,40.650000000000006,6.0,0,1,0
13003,Atkinson County,GA,0.8444,0.9026,0.8081,0.8403,0.5199,4.4,15.2,23.3,12.1,46.1,4.6,29.6,27.3,1.4,20.2,12.9,45.8,75.25,22.1,17.25,31.75,37.45,68.8,43.95,5.0,0,1,0
13005,Bacon County,GA,0.889,0.7362,0.9755,0.6332,0.8463,7.4,15.1,15.4,0.8,33.7,4.3,15.3,8.7,0.5,19.0,22.3,27.2,76.30000000000001,22.4,13.95,21.25,37.150000000000006,71.69999999999999,36.9,6.0,0,1,0
13007,Baker County,GA,0.7162,0.922,0.4394,0.8584,0.2564,7.2,33.9,16.6,0.9,39.3,12.2,14.3,0.8,0.1,19.7,15.8,47.7,80.1,20.200000000000003,19.9,29.55,39.25,72.55,43.3,6.0,0,1,0
13009,Baldwin County,GA,0.923,0.9357,0.3363,0.86,0.9908,6.8,41.5,12.3,0.5,31.0,7.0,14.5,2.7,4.8,26.9,15.6,48.0,78.65,20.45,14.9,23.0,35.9,77.45,39.8,5.0,0,1,0
13011,Banks County,GA,0.3373,0.6207,0.3096,0.3961,0.1015,2.5,2.9,13.7,1.1,22.6,2.5,20.6,7.7,1.2,21.8,18.9,13.7,75.75,23.25,12.65,16.75,36.8,72.25,34.35,6.0,0,1,0
13013,Barrow County,GA,0.4887,0.5956,0.7738,0.7066,0.0799,3.4,12.4,16.1,2.6,19.1,4.0,12.4,13.2,1.6,23.0,13.1,33.3,76.05,19.7,11.899999999999999,17.35,35.7,74.95,35.05,2.0,0,1,0
13015,Bartow County,GA,0.454,0.6529,0.3964,0.6045,0.1623,3.1,10.5,13.9,1.4,19.5,5.5,12.1,9.6,3.9,21.9,11.9,24.8,76.6,21.35,11.4,15.05,34.25,75.05,38.55,2.0,0,1,0
13017,Ben Hill County,GA,0.9265,0.8918,0.7378,0.8365,0.9535,10.0,37.3,18.6,0.8,38.7,5.0,16.3,6.5,2.9,21.6,12.0,45.5,78.5,21.299999999999997,17.55,29.25,37.9,71.65,41.5,5.0,0,1,0
13019,Berrien County,GA,0.6748,0.8406,0.8406,0.5269,0.1769,3.8,10.3,21.8,0.6,35.9,4.6,18.7,5.7,0.1,19.7,17.3,19.9,76.25,23.35,14.75,22.45,36.8,67.6,38.05,6.0,0,1,0
13021,Bibb County,GA,0.9644,0.9739,0.8619,0.9399,0.8422,11.5,54.1,13.9,1.0,34.6,7.5,13.5,3.7,11.6,34.4,15.9,64.0,80.4,19.7,16.049999999999997,26.299999999999997,35.6,72.95,44.85,4.0,0,1,0
13023,Bleckley County,GA,0.7063,0.686,0.6363,0.686,0.6134,4.0,26.2,9.2,0.5,27.0,6.1,12.1,3.4,1.1,20.9,19.9,31.5,78.4,22.25,13.75,19.95,37.1,73.69999999999999,38.0,6.0,0,1,0
13025,Brantley County,GA,0.3974,0.7763,0.0738,0.2485,0.2733,6.5,3.7,15.9,0.2,31.7,3.3,20.4,2.6,0.0,21.2,16.2,9.0,75.75,24.5,13.15,18.85,37.95,68.5,38.85,4.0,0,1,0
13027,Brooks County,GA,0.9275,0.9704,0.7611,0.8492,0.7741,7.2,34.5,18.5,0.6,42.2,4.9,17.5,7.6,4.0,29.8,17.0,46.5,79.25,20.85,17.85,27.45,38.849999999999994,69.45,40.2,4.0,0,1,0
13029,Bryan County,GA,0.3115,0.28,0.7101,0.6618,0.1104,3.0,13.5,8.6,1.5,11.8,5.5,7.6,8.2,2.6,19.9,12.6,29.7,77.5,20.45,9.9,12.05,33.45,78.8,33.15,3.0,0,1,0
13031,Bulloch County,GA,0.8374,0.9297,0.2326,0.7521,0.8781,5.4,27.6,11.9,0.7,32.2,8.3,11.3,4.4,9.4,28.3,14.5,37.4,76.9,21.15,12.2,19.4,34.900000000000006,72.5,40.3,5.0,0,1,0
13033,Burke County,GA,0.7483,0.8148,0.552,0.881,0.4967,10.2,45.3,10.4,0.3,30.4,5.2,15.3,3.5,1.0,23.7,14.8,52.2,78.80000000000001,20.799999999999997,16.75,26.45,36.75,74.75,39.95,3.0,0,1,0
13035,Butts County,GA,0.5565,0.5896,0.392,0.72,0.4766,3.5,27.7,11.2,0.7,24.1,4.0,16.3,3.7,1.2,19.9,14.6,34.7,76.9,20.5,13.2,20.0,35.25,77.05,38.2,2.0,0,1,0
13037,Calhoun County,GA,0.9688,0.9924,0.6344,0.9526,0.917,7.7,61.9,15.7,2.2,39.7,11.4,23.8,5.6,0.5,25.2,16.9,68.1,78.0,17.4,17.8,30.75,35.65,73.30000000000001,43.6,6.0,0,1,0
13039,Camden County,GA,0.6618,0.587,0.6316,0.6793,0.6433,5.9,17.1,9.2,0.4,25.0,4.7,7.5,7.5,4.6,27.4,15.7,31.1,76.3,21.0,12.0,16.3,35.0,79.05,37.55,5.0,0,1,0
13043,Candler County,GA,0.916,0.8508,0.9281,0.7798,0.8381,6.0,22.2,20.4,3.0,36.2,3.9,22.5,12.2,0.3,21.0,18.3,39.6,77.4,21.6,15.2,24.200000000000003,37.2,71.80000000000001,42.25,6.0,0,1,0
13045,Carroll County,GA,0.8428,0.8794,0.8171,0.6885,0.6176,4.3,19.9,12.2,2.1,25.8,5.9,15.5,7.5,5.0,26.1,15.2,31.7,75.85,21.35,12.5,18.3,35.25,73.19999999999999,34.45,2.0,0,1,0
13047,Catoosa County,GA,0.3086,0.3519,0.5733,0.3217,0.1979,4.2,2.2,10.8,0.7,17.8,3.7,10.5,3.4,2.9,20.0,17.3,11.0,76.45,21.75,11.4,12.7,36.400000000000006,74.6,34.0,3.0,0,1,0
13049,Charlton County,GA,0.8855,0.9889,0.2262,0.776,0.8559,5.6,28.6,18.0,1.7,36.9,8.3,15.9,6.0,0.5,29.7,18.6,39.5,75.2,20.15,15.75,26.1,36.5,70.85,41.45,6.0,0,1,0
13051,Chatham County,GA,0.805,0.8056,0.5647,0.8858,0.7181,7.3,39.5,13.6,1.5,23.8,6.3,8.6,6.8,12.1,31.6,15.1,53.2,79.30000000000001,19.049999999999997,12.6,17.85,33.8,77.65,33.2,3.0,0,1,0
13053,Chattahoochee County,GA,0.6554,0.6675,0.1629,0.8377,0.776,0.7,16.1,5.0,0.7,40.0,8.4,4.0,17.6,3.6,29.7,7.8,45.6,72.75,20.3,10.85,20.4,30.35,73.65,38.2,3.0,0,1,0
13055,Chattooga County,GA,0.9481,0.91,0.9246,0.4948,0.9625,5.6,9.5,13.0,1.9,35.2,4.7,26.8,5.7,2.9,23.7,18.1,18.0,75.4,23.55,14.75,23.1,37.6,67.85,35.150000000000006,5.0,0,1,0
13057,Cherokee County,GA,0.1969,0.2787,0.4263,0.5892,0.0503,2.2,6.9,11.1,2.7,12.9,3.7,7.8,11.2,8.6,21.5,10.5,23.8,76.19999999999999,20.45,10.25,11.0,35.3,74.55,33.3,2.0,0,1,0
13059,Clarke County,GA,0.7502,0.8972,0.1069,0.833,0.7547,6.6,26.4,12.4,2.3,37.9,5.3,10.1,11.0,21.3,40.3,12.4,45.2,76.35,21.6,12.100000000000001,18.85,32.4,77.65,31.950000000000003,4.0,0,1,0
13061,Clay County,GA,0.9061,0.8387,0.9558,0.937,0.6685,8.3,61.2,10.3,0.4,39.0,3.5,16.8,0.4,2.7,29.0,17.5,63.6,81.7,19.1,18.8,27.549999999999997,38.45,75.2,41.75,6.0,0,1,0
13063,Clayton County,GA,0.9488,0.9765,0.8151,0.9952,0.7334,7.4,69.0,18.1,4.4,30.7,6.8,14.5,13.4,12.3,37.7,11.4,91.4,80.1,16.9,16.15,30.65,33.05,75.69999999999999,45.0,2.0,0,1,0
13065,Clinch County,GA,0.9348,0.7668,0.9265,0.7366,0.9819,10.7,26.5,21.1,4.2,46.2,2.6,26.0,5.7,1.3,18.6,16.5,36.1,77.0,22.200000000000003,16.05,26.65,37.0,68.25,41.8,6.0,0,1,0
13067,Cobb County,GA,0.3993,0.4114,0.3525,0.8743,0.2227,3.5,26.9,12.4,3.8,14.3,4.6,7.0,13.5,17.1,24.1,9.1,50.7,77.3,18.25,10.5,12.55,34.05,74.15,29.75,2.0,0,1,0
13069,Coffee County,GA,0.9609,0.9004,0.95,0.8116,0.9166,6.4,28.7,17.8,3.4,36.2,4.3,21.7,12.3,1.5,22.9,16.9,43.2,76.95,21.75,15.55,27.85,36.65,72.94999999999999,39.349999999999994,5.0,0,1,0
13071,Colquitt County,GA,0.9847,0.964,0.9726,0.8377,0.8976,6.9,22.7,22.1,6.0,36.8,6.1,22.3,20.1,1.8,22.7,16.6,45.6,77.0,21.9,15.75,26.1,37.099999999999994,73.19999999999999,35.75,5.0,0,1,0
13073,Columbia County,GA,0.23,0.2494,0.6901,0.7165,0.0302,2.7,16.9,8.7,1.4,14.6,5.1,6.8,7.3,3.8,19.5,13.0,34.4,78.69999999999999,19.6,11.3,12.35,35.400000000000006,79.75,32.95,3.0,0,1,0
13075,Cook County,GA,0.9338,0.9742,0.8228,0.7521,0.7687,7.5,27.0,19.0,2.0,36.3,5.5,18.1,6.6,3.3,28.1,16.2,37.4,77.25,22.549999999999997,15.45,25.4,36.8,71.4,37.6,6.0,0,1,0
13077,Coweta County,GA,0.2402,0.2479,0.4607,0.6742,0.1082,3.5,17.8,8.9,1.5,14.8,2.8,9.2,7.6,7.1,21.8,12.3,30.6,77.5,19.5,11.600000000000001,13.100000000000001,35.45,74.95,35.45,2.0,0,1,0
13079,Crawford County,GA,0.6837,0.7782,0.3773,0.636,0.6128,6.2,22.0,15.0,0.2,24.3,8.1,19.0,3.9,1.1,16.0,22.8,27.5,77.19999999999999,21.25,13.8,18.4,37.1,72.75,37.099999999999994,4.0,0,1,0
13081,Crisp County,GA,0.978,0.9908,0.952,0.8775,0.7458,13.0,44.8,16.5,0.5,36.4,8.2,17.8,4.0,4.0,29.3,21.3,51.4,79.15,20.95,17.7,28.6,36.8,75.25,44.75,5.0,0,1,0
13083,Dade County,GA,0.4388,0.4932,0.1543,0.1985,0.7191,2.5,1.0,11.9,0.7,19.0,5.5,13.6,2.6,2.8,16.0,16.2,7.8,76.75,23.200000000000003,11.399999999999999,13.2,37.05,73.55,35.150000000000006,3.0,0,1,0
13085,Dawson County,GA,0.1861,0.4276,0.1359,0.3166,0.0926,2.4,1.3,13.9,1.0,16.0,4.6,12.0,5.8,2.4,18.1,13.0,10.9,77.0,21.4,10.6,11.5,35.900000000000006,76.85,31.55,2.0,0,1,0
13087,Decatur County,GA,0.9679,0.9726,0.7547,0.8743,0.9539,8.2,40.0,15.6,0.4,35.6,6.4,17.7,6.7,1.5,26.2,16.1,50.7,78.95,20.65,16.55,27.05,37.2,70.5,42.3,5.0,0,1,0
13089,DeKalb County,GA,0.7903,0.7843,0.5453,0.9618,0.678,7.7,52.4,13.2,3.9,21.7,6.4,8.9,8.5,23.3,31.7,11.5,71.0,78.9,16.9,12.65,17.4,34.25,79.6,31.65,2.0,0,1,0
13091,Dodge County,GA,0.8559,0.7741,0.7859,0.741,0.8734,6.9,30.3,14.7,0.6,34.3,2.9,13.4,4.1,0.8,25.0,21.7,36.4,77.85,21.05,15.3,23.45,37.7,73.85,40.4,6.0,0,1,0
13093,Dooly County,GA,0.9313,0.8864,0.588,0.9115,0.9857,9.3,47.7,17.7,0.8,31.4,7.5,17.2,7.4,0.6,18.9,18.9,58.5,78.44999999999999,18.15,16.75,25.5,36.85,75.69999999999999,41.05,6.0,0,1,0
13095,Dougherty County,GA,0.9761,0.9955,0.8826,0.9765,0.7674,10.9,69.5,15.3,0.7,39.3,10.0,16.1,3.2,5.0,36.7,17.7,76.2,81.4,18.85,18.05,31.299999999999997,34.45,77.75,42.3,4.0,0,1,0
13097,Douglas County,GA,0.7012,0.7181,0.7235,0.943,0.3404,3.8,48.1,12.3,1.9,19.5,6.6,9.7,10.7,9.3,25.8,11.8,64.9,79.1,18.25,13.149999999999999,20.05,34.75,77.75,36.099999999999994,2.0,0,1,0
13099,Early County,GA,0.9357,0.9672,0.6818,0.8982,0.853,11.2,52.6,15.6,0.1,34.0,6.0,20.2,2.1,1.3,25.8,14.3,56.1,79.75,20.35,17.15,28.05,36.8,71.95,40.900000000000006,6.0,0,1,0
13101,Echols County,GA,0.4623,0.4935,0.5151,0.818,0.203,1.1,4.1,24.9,2.4,23.1,2.0,17.6,31.0,0.0,15.6,10.0,43.9,74.5,20.75,12.95,19.549999999999997,35.650000000000006,72.0,38.05,4.0,0,1,0
13103,Effingham County,GA,0.2851,0.3688,0.2727,0.5994,0.1874,2.4,13.6,9.5,0.7,15.2,5.3,9.9,5.5,3.4,19.6,11.0,24.5,76.4,20.55,10.95,13.5,34.349999999999994,72.3,37.55,3.0,0,1,0
13105,Elbert County,GA,0.9224,0.9373,0.8466,0.7474,0.8158,8.7,27.2,12.0,2.1,28.8,7.5,18.3,6.2,1.8,25.1,19.4,37.1,78.3,21.0,14.950000000000001,21.7,37.1,76.15,38.25,6.0,0,1,0
13107,Emanuel County,GA,0.9494,0.9192,0.9586,0.7961,0.8101,8.7,31.7,16.7,1.3,31.9,8.9,20.9,4.8,0.4,19.0,21.3,41.3,77.25,21.0,15.549999999999999,25.950000000000003,37.65,75.69999999999999,42.75,6.0,0,1,0
13109,Evans County,GA,0.9784,0.9634,0.9796,0.8225,0.8317,4.1,27.4,16.4,3.4,34.4,6.8,21.0,12.1,1.4,23.3,16.3,44.3,77.8,21.1,15.8,25.7,36.3,72.05000000000001,42.5,5.0,0,1,0
13111,Fannin County,GA,0.6172,0.8641,0.6745,0.1457,0.2838,3.8,0.3,16.0,0.2,26.4,5.4,12.2,2.8,3.7,27.3,20.8,6.9,77.85,22.049999999999997,13.8,14.6,40.2,67.9,38.2,6.0,0,1,0
13113,Fayette County,GA,0.1686,0.1317,0.5539,0.7989,0.0471,3.0,24.6,8.0,1.5,9.9,3.9,4.7,7.7,5.4,20.2,11.7,41.7,79.6,18.15,11.3,10.95,34.75,80.0,30.65,2.0,0,1,0
13115,Floyd County,GA,0.9284,0.8336,0.8842,0.6685,0.964,8.4,13.8,14.5,3.3,28.9,4.1,15.8,11.8,7.4,25.9,16.3,30.2,76.85,22.55,13.35,18.799999999999997,37.25,75.05,37.5,4.0,0,1,0
13117,Forsyth County,GA,0.07,0.0687,0.3067,0.7127,0.0251,1.8,4.0,7.8,2.5,7.4,3.7,6.1,9.6,4.4,13.8,8.1,33.9,78.55000000000001,17.6,9.350000000000001,8.55,35.599999999999994,79.4,27.25,2.0,0,1,0
13119,Franklin County,GA,0.8314,0.931,0.7696,0.4948,0.5886,4.2,9.2,17.3,1.7,30.5,6.2,19.1,5.3,0.9,22.6,17.8,18.0,76.5,23.0,13.55,19.2,37.2,73.95,39.2,6.0,0,1,0
13121,Fulton County,GA,0.6599,0.5571,0.2278,0.9259,0.8501,10.7,43.0,10.2,1.8,20.1,5.4,6.4,7.3,33.6,28.4,10.3,61.6,77.75,16.85,10.8,14.75,32.8,79.19999999999999,28.15,1.0,0,1,0
13123,Gilmer County,GA,0.545,0.5218,0.8307,0.4445,0.3245,3.7,0.5,16.3,2.4,23.3,2.4,14.0,12.4,1.5,19.9,18.6,15.7,77.25,21.65,13.0,14.4,39.35,73.75,34.150000000000006,6.0,0,1,0
13125,Glascock County,GA,0.6621,0.6211,0.2017,0.377,0.9615,10.4,10.6,10.2,0.0,25.5,1.6,17.8,1.3,0.7,24.5,16.1,12.9,76.2,23.05,13.15,17.549999999999997,37.3,73.75,37.400000000000006,6.0,0,1,0
13127,Glynn County,GA,0.7744,0.7191,0.7095,0.7448,0.714,5.7,24.5,14.2,1.6,23.7,4.3,11.8,6.8,7.9,25.4,12.9,36.8,79.1,19.9,13.65,17.05,37.7,76.95,35.3,4.0,0,1,0
13129,Gordon County,GA,0.7318,0.7875,0.7477,0.5924,0.482,4.6,3.3,16.5,4.0,27.3,3.0,22.1,16.8,6.7,23.5,13.8,24.0,75.05000000000001,22.75,13.05,18.65,36.75,71.19999999999999,35.15,5.0,0,1,0
13131,Grady County,GA,0.944,0.9443,0.9933,0.805,0.5157,5.0,29.1,20.5,3.4,32.0,4.4,19.1,11.9,1.1,30.3,18.4,42.5,78.15,20.8,15.6,23.7,36.45,67.44999999999999,38.5,5.0,0,1,0
13133,Greene County,GA,0.5081,0.7086,0.4251,0.7964,0.1425,3.7,31.3,17.9,0.3,21.8,5.4,11.9,6.6,3.0,21.6,13.5,41.4,80.9,18.4,13.25,14.5,38.55,75.65,34.1,6.0,0,1,0
13135,Gwinnett County,GA,0.6433,0.6834,0.6965,0.9453,0.2485,3.3,27.9,14.9,8.2,18.7,4.1,11.8,21.8,13.7,29.9,7.9,66.2,76.7,15.7,12.3,17.6,35.05,72.9,34.7,2.0,0,1,0
13137,Habersham County,GA,0.728,0.7136,0.6376,0.6029,0.6853,3.9,3.4,15.3,4.6,24.2,2.3,19.3,16.3,1.7,24.0,16.3,24.7,76.45,21.85,12.0,16.45,36.95,74.05,32.45,5.0,0,1,0
13139,Hall County,GA,0.8136,0.7897,0.664,0.7941,0.7416,6.2,6.6,17.4,8.1,21.6,3.9,18.9,29.3,8.3,26.0,11.8,41.1,76.0,20.4,12.5,18.0,36.75,75.75,32.4,4.0,0,1,0
13141,Hancock County,GA,0.9666,0.9806,0.6828,0.9733,0.9345,12.1,71.7,11.1,0.5,36.3,6.2,24.9,0.7,3.3,39.6,21.5,74.6,80.0,17.85,20.55,34.85,38.2,74.6,44.95,6.0,0,1,0
13143,Haralson County,GA,0.3089,0.5708,0.2332,0.2914,0.1718,3.4,4.7,11.5,0.4,19.0,4.4,15.9,2.2,1.5,21.2,16.9,10.1,76.2,24.1,11.8,15.55,35.45,70.95,36.0,2.0,0,1,0
13145,Harris County,GA,0.0675,0.1982,0.0878,0.5969,0.0197,1.8,15.5,6.7,0.2,12.5,5.8,6.6,4.4,0.4,18.8,16.0,24.3,78.7,19.35,11.25,11.399999999999999,36.45,79.1,32.7,3.0,0,1,0
13147,Hart County,GA,0.7681,0.6748,0.5323,0.6166,0.9119,6.6,17.6,11.4,0.7,23.2,4.8,17.1,3.9,1.9,20.9,19.3,25.6,77.8,21.049999999999997,13.600000000000001,17.3,38.2,73.95,35.150000000000006,6.0,0,1,0
13149,Heard County,GA,0.6459,0.7709,0.9357,0.4496,0.1444,4.9,8.5,14.1,2.5,24.2,5.4,15.9,3.2,0.4,21.4,23.9,15.8,76.35,23.05,13.100000000000001,17.85,36.6,71.44999999999999,35.45,2.0,0,1,0
13151,Henry County,GA,0.4018,0.4817,0.5536,0.9348,0.071,2.1,47.9,10.3,1.4,15.4,5.3,7.5,7.6,7.8,26.0,10.0,62.9,79.6,17.65,12.9,18.299999999999997,34.3,78.19999999999999,44.95,2.0,0,1,0
13153,Houston County,GA,0.4887,0.4139,0.6277,0.8447,0.286,4.2,31.3,10.4,1.0,17.7,4.8,7.0,6.8,5.5,23.4,12.6,46.1,79.3,20.6,12.649999999999999,16.05,36.1,76.6,39.6,4.0,0,1,0
13155,Irwin County,GA,0.8282,0.9456,0.231,0.6949,0.8342,6.8,26.2,20.9,0.2,34.7,6.2,18.3,4.1,0.5,22.4,9.1,32.2,77.7,22.0,14.85,21.95,37.45,70.95,40.349999999999994,6.0,0,1,0
13157,Jackson County,GA,0.3264,0.3996,0.5017,0.5476,0.1438,2.9,7.1,11.7,1.5,17.3,3.6,12.2,9.2,2.0,20.1,14.0,21.4,76.5,20.7,11.0,14.45,34.95,73.5,32.75,5.0,0,1,0
13159,Jasper County,GA,0.5492,0.7432,0.6618,0.6115,0.1397,3.1,18.5,12.4,0.8,24.9,6.1,10.4,4.1,0.0,23.0,15.9,25.3,77.25,22.15,13.35,18.049999999999997,37.150000000000006,73.2,36.85,2.0,0,1,0
13161,Jeff Davis County,GA,0.8785,0.8603,0.9672,0.672,0.602,7.7,15.6,22.4,1.3,37.1,4.1,19.4,13.2,0.5,21.1,20.6,30.4,75.6,22.549999999999997,15.399999999999999,25.75,36.5,68.25,40.4,6.0,0,1,0
13163,Jefferson County,GA,0.9583,0.8985,0.93,0.9115,0.902,9.1,52.2,16.5,1.9,33.6,4.5,19.6,4.0,1.1,23.6,15.3,58.5,79.19999999999999,20.299999999999997,17.0,29.15,37.2,75.05,41.3,6.0,0,1,0
13165,Jenkins County,GA,0.8352,0.9109,0.5791,0.8151,0.6532,6.6,34.9,18.0,2.2,47.7,4.9,18.5,7.5,1.2,21.8,21.9,43.5,77.8,20.65,17.25,30.55,36.7,70.45,42.55,6.0,0,1,0
13167,Johnson County,GA,0.9322,0.9201,0.657,0.7693,0.9723,5.3,32.8,12.1,0.5,38.0,8.3,23.8,2.9,2.9,19.5,19.9,39.0,77.35,20.549999999999997,16.65,26.45,37.3,72.1,43.5,5.0,0,1,0
13169,Jones County,GA,0.3675,0.3802,0.2494,0.6624,0.3729,4.7,24.6,8.6,0.2,23.4,4.3,8.4,2.0,0.5,20.3,14.4,29.8,78.1,21.25,13.2,17.549999999999997,36.099999999999994,77.05000000000001,39.599999999999994,4.0,0,1,0
13171,Lamar County,GA,0.4092,0.5931,0.063,0.7146,0.3703,3.0,26.9,10.7,0.0,23.7,5.4,10.6,2.9,3.9,20.8,16.2,34.2,77.9,21.1,12.85,18.1,35.5,75.15,36.85,6.0,0,1,0
13173,Lanier County,GA,0.8011,0.8457,0.4623,0.7127,0.7805,5.5,23.1,16.7,1.8,44.8,2.3,13.2,7.3,0.0,30.3,14.3,33.9,76.75,22.15,15.25,24.7,36.75,70.0,40.9,4.0,0,1,0
13175,Laurens County,GA,0.9014,0.9284,0.9147,0.8066,0.6332,6.4,37.4,13.5,0.8,35.3,5.5,13.5,2.9,0.8,28.1,16.2,42.7,79.05,20.75,15.149999999999999,23.9,35.3,75.94999999999999,44.05,5.0,0,1,0
13177,Lee County,GA,0.2606,0.1575,0.5046,0.6847,0.2415,3.0,23.5,7.2,0.7,15.1,4.4,8.1,3.3,1.5,16.3,11.9,31.4,77.85,20.299999999999997,11.25,13.9,34.900000000000006,77.35,38.900000000000006,4.0,0,1,0
13179,Liberty County,GA,0.9007,0.8167,0.8431,0.9322,0.86,5.5,40.2,11.4,1.1,25.6,8.7,7.8,12.7,7.4,30.6,15.5,62.3,77.55000000000001,19.299999999999997,12.75,21.700000000000003,33.05,78.19999999999999,33.099999999999994,4.0,0,1,0
13181,Lincoln County,GA,0.5488,0.6227,0.6529,0.6993,0.2272,7.3,28.2,13.7,0.1,25.5,3.6,12.8,2.2,0.2,21.8,18.8,32.6,79.1,21.25,15.7,20.9,38.8,73.94999999999999,38.0,3.0,0,1,0
13183,Long County,GA,0.8851,0.8298,0.9233,0.8225,0.7267,7.9,23.0,13.0,0.8,24.4,4.5,16.2,11.7,0.6,29.5,21.7,44.3,76.45,21.05,12.7,21.4,33.65,72.80000000000001,38.15,4.0,0,1,0
13185,Lowndes County,GA,0.8702,0.8753,0.4655,0.8591,0.9192,7.5,36.8,15.2,0.8,31.0,5.1,10.4,6.2,6.8,30.0,11.5,47.9,77.94999999999999,20.4,13.15,21.85,33.349999999999994,69.85,39.45,4.0,0,1,0
13187,Lumpkin County,GA,0.3608,0.7728,0.0121,0.2914,0.4057,2.6,1.1,10.5,0.7,25.9,5.1,12.4,5.2,2.6,26.7,12.7,10.1,76.4,22.7,11.15,13.649999999999999,35.1,71.19999999999999,29.95,2.0,0,1,0
13189,McDuffie County,GA,0.6567,0.7353,0.5002,0.854,0.4076,4.8,41.2,11.1,0.1,28.8,3.8,14.5,3.5,5.1,24.2,12.3,47.1,78.8,20.9,15.25,23.3,35.95,73.4,39.0,3.0,0,1,0
13191,McIntosh County,GA,0.7098,0.9112,0.3287,0.756,0.3952,6.6,31.7,14.1,0.1,34.5,4.4,17.5,2.6,2.9,27.4,23.2,37.6,79.35,21.4,17.45,24.45,39.75,73.35,40.8,4.0,0,1,0
13193,Macon County,GA,0.9866,0.9994,0.7305,0.9494,0.9147,13.6,60.1,23.9,1.0,44.5,9.2,27.4,4.7,0.9,29.4,19.6,67.3,79.05000000000001,18.3,19.8,35.650000000000006,36.2,72.65,43.849999999999994,6.0,0,1,0
13195,Madison County,GA,0.7423,0.9338,0.7251,0.5383,0.2622,4.0,8.8,17.4,0.9,30.1,5.8,16.9,6.5,0.2,24.9,18.1,20.6,76.55,22.700000000000003,13.55,19.4,37.099999999999994,70.3,37.95,4.0,0,1,0
13197,Marion County,GA,0.8877,0.8072,0.9548,0.8008,0.7203,6.3,29.4,16.9,1.6,28.8,5.4,24.1,8.3,4.5,17.7,21.1,41.9,78.25,21.15,16.5,23.950000000000003,38.8,72.30000000000001,38.55,3.0,0,1,0
13199,Meriwether County,GA,0.9074,0.9434,0.706,0.8139,0.8002,7.3,38.2,15.0,0.0,30.3,7.1,17.1,2.7,4.0,24.3,20.9,43.4,78.3,21.0,15.8,23.6,36.55,76.05,41.349999999999994,2.0,0,1,0
13201,Miller County,GA,0.945,0.9462,0.8285,0.7105,0.9189,11.4,27.3,16.5,0.5,36.9,5.0,17.3,2.9,0.3,26.9,16.6,33.7,78.9,22.0,15.850000000000001,22.5,38.25,72.35,42.099999999999994,6.0,0,1,0
13205,Mitchell County,GA,0.9914,0.9914,0.9316,0.8883,0.924,13.3,44.7,19.4,0.7,40.7,9.5,16.5,5.0,0.6,27.1,21.1,54.2,78.9,20.4,17.0,27.5,36.35,69.69999999999999,45.1,6.0,0,1,0
13207,Monroe County,GA,0.329,0.3964,0.1031,0.6389,0.4168,2.0,21.6,12.4,0.4,20.6,3.8,11.6,2.5,2.0,17.4,15.4,27.7,78.0,20.4,12.0,15.05,36.25,76.85,34.8,4.0,0,1,0
13209,Montgomery County,GA,0.7547,0.8858,0.5756,0.7191,0.4518,4.3,23.5,14.6,2.3,33.3,6.5,16.1,7.4,0.1,20.5,13.8,34.6,77.85,21.4,14.45,21.3,36.7,71.9,39.7,5.0,0,1,0
13211,Morgan County,GA,0.266,0.231,0.3131,0.6332,0.2813,4.0,21.4,8.6,0.3,13.3,2.9,10.6,3.2,1.4,20.4,13.3,27.2,77.80000000000001,20.200000000000003,11.5,12.850000000000001,36.65,78.94999999999999,31.65,2.0,0,1,0
13213,Murray County,GA,0.6847,0.7852,0.6061,0.525,0.4909,4.6,0.4,14.2,2.2,23.6,6.7,23.8,15.9,2.5,18.1,13.7,19.8,75.15,22.65,12.45,17.3,36.55,72.35,41.35,4.0,0,1,0
13215,Muscogee County,GA,0.9446,0.9227,0.8705,0.9259,0.8581,10.3,45.8,12.0,0.9,29.0,7.3,11.5,8.0,12.8,32.7,17.2,61.6,78.94999999999999,19.700000000000003,14.55,22.2,34.349999999999994,76.1,40.349999999999994,3.0,0,1,0
13217,Newton County,GA,0.6577,0.8059,0.7483,0.9084,0.1311,4.2,46.4,13.6,1.1,22.4,6.6,10.3,6.3,3.4,27.4,14.3,57.8,79.5,18.85,13.850000000000001,21.25,34.75,75.25,42.349999999999994,2.0,0,1,0
13219,Oconee County,GA,0.0137,0.0299,0.2475,0.4741,0.0035,1.1,3.4,7.2,0.8,6.0,2.9,4.5,5.7,0.6,12.9,9.4,17.1,78.5,20.05,9.2,7.7,34.95,79.3,28.65,4.0,0,1,0
13221,Oglethorpe County,GA,0.4645,0.4846,0.3936,0.615,0.3993,3.2,16.7,12.4,0.3,21.0,4.5,12.6,5.9,2.3,18.0,13.6,25.5,77.6,21.3,12.75,16.1,37.3,70.45,36.2,4.0,0,1,0
13223,Paulding County,GA,0.1429,0.2603,0.3385,0.7165,0.0118,2.2,20.6,10.9,0.8,12.5,4.1,9.0,7.6,1.9,19.0,11.3,34.4,77.45,20.45,11.25,14.4,35.0,73.4,38.05,2.0,0,1,0
13225,Peach County,GA,0.8772,0.8584,0.7171,0.8925,0.8202,6.2,43.6,11.1,1.2,25.7,6.6,14.0,8.2,4.6,25.7,17.0,55.0,79.25,19.75,14.15,20.95,36.25,76.15,39.849999999999994,4.0,0,1,0
13227,Pickens County,GA,0.3392,0.489,0.4505,0.1753,0.2256,3.1,0.5,12.4,0.5,21.9,4.5,9.9,3.3,1.4,19.9,18.7,7.4,77.25,22.55,11.95,13.3,37.8,73.25,34.85,2.0,0,1,0
13229,Pierce County,GA,0.3051,0.5062,0.2374,0.4588,0.1651,3.3,9.7,14.0,0.4,30.1,2.3,13.3,5.1,0.8,16.8,13.2,16.3,76.30000000000001,22.9,13.2,18.25,37.0,70.95,36.25,5.0,0,1,0
13231,Pike County,GA,0.0665,0.3484,0.0204,0.3847,0.0293,2.5,8.6,13.6,0.1,14.3,4.5,11.9,1.9,0.3,15.6,11.6,13.3,76.75,22.049999999999997,11.05,13.3,36.0,76.9,35.75,2.0,0,1,0
13233,Polk County,GA,0.8285,0.9023,0.931,0.6567,0.3688,5.8,12.1,14.2,2.8,28.4,4.8,17.1,13.8,2.1,28.2,16.9,29.4,75.65,22.7,13.3,20.25,36.2,75.35,40.349999999999994,5.0,0,1,0
13235,Pulaski County,GA,0.9376,0.8126,0.7127,0.8164,0.9971,6.7,36.2,9.8,0.1,30.7,3.9,19.2,4.2,3.2,26.4,19.5,43.7,79.1,22.450000000000003,15.3,25.0,37.05,73.9,40.95,6.0,0,1,0
13237,Putnam County,GA,0.5679,0.538,0.6211,0.7191,0.4248,3.2,25.5,12.3,0.8,25.2,3.2,12.4,6.4,2.7,20.8,20.5,34.6,79.45,20.55,14.9,18.95,37.6,73.0,39.5,6.0,0,1,0
13239,Quitman County,GA,0.8202,0.9125,0.5466,0.9084,0.5625,14.3,52.6,23.3,0.8,30.4,23.5,20.9,3.8,0.0,17.2,26.7,57.8,81.1,19.8,19.8,28.15,39.9,77.25,42.8,5.0,0,1,0
13241,Rabun County,GA,0.441,0.5784,0.3735,0.3503,0.328,4.3,1.1,13.6,0.1,25.7,2.6,10.8,8.0,1.8,23.4,20.4,11.9,78.0,21.55,13.2,13.9,39.4,72.19999999999999,34.25,6.0,0,1,0
13243,Randolph County,GA,0.9882,0.9863,0.853,0.9577,0.9532,18.7,64.7,11.0,0.0,54.1,7.5,18.9,3.3,6.6,34.1,17.1,69.3,81.55,20.55,21.9,35.7,38.7,72.0,46.05,6.0,0,1,0
13245,Richmond County,GA,0.9513,0.9513,0.7324,0.9494,0.9061,10.0,55.2,12.0,0.5,32.0,8.3,12.4,5.3,11.3,34.8,18.3,67.3,79.6,20.45,16.3,25.95,36.45,76.8,36.900000000000006,3.0,0,1,0
13247,Rockdale County,GA,0.777,0.8536,0.7751,0.9695,0.3,3.6,56.6,14.8,2.7,24.6,6.0,10.5,10.5,6.5,30.8,12.4,72.9,80.1,17.85,15.85,23.1,35.099999999999994,80.65,38.95,2.0,0,1,0
13249,Schley County,GA,0.4973,0.8081,0.2459,0.6013,0.1626,5.3,17.8,14.5,0.0,26.5,3.5,14.9,5.7,1.0,29.8,16.0,24.6,77.55,21.5,13.6,17.55,36.900000000000006,76.44999999999999,37.3,5.0,0,1,0
13251,Screven County,GA,0.699,0.7471,0.4321,0.8279,0.5781,5.4,40.1,11.3,0.3,28.6,7.2,15.1,2.6,0.6,17.0,15.4,44.7,79.19999999999999,20.5,15.95,23.65,37.3,74.1,39.85,6.0,0,1,0
13253,Seminole County,GA,0.8813,0.903,0.8552,0.7626,0.693,10.7,33.0,18.4,0.5,31.2,5.8,12.1,3.6,0.2,25.0,20.7,38.3,79.4,20.35,15.7,21.9,38.2,75.05000000000001,39.7,6.0,0,1,0
13255,Spalding County,GA,0.8206,0.9278,0.7553,0.818,0.4085,7.3,34.5,13.0,0.7,28.3,5.6,16.4,5.1,3.0,29.6,14.2,43.9,78.0,20.35,14.8,22.85,36.25,74.65,39.8,2.0,0,1,0
13257,Stephens County,GA,0.7836,0.8708,0.826,0.5094,0.4855,4.8,10.7,15.4,1.0,26.2,5.8,16.3,4.2,1.7,23.3,17.9,18.9,76.69999999999999,22.75,13.5,18.15,37.15,70.75,38.65,5.0,0,1,0
13259,Stewart County,GA,0.9736,0.9395,0.8126,0.9803,0.9717,12.4,61.0,16.5,11.1,33.0,5.1,27.4,12.8,5.1,24.2,24.1,78.7,75.35,17.25,18.15,34.55,35.849999999999994,74.35,41.8,3.0,0,1,0
13261,Sumter County,GA,0.9631,0.9647,0.6713,0.923,0.9596,10.6,51.0,11.8,1.1,34.5,6.5,16.3,6.1,1.7,31.5,13.4,61.0,79.35,19.4,15.899999999999999,26.25,36.4,75.45,40.2,5.0,0,1,0
13263,Talbot County,GA,0.6923,0.8731,0.2463,0.9176,0.4324,11.6,56.5,13.4,0.0,33.2,4.3,16.6,0.9,1.1,25.7,23.3,59.5,80.6,19.45,19.05,28.0,38.45,74.65,43.2,3.0,0,1,0
13265,Taliaferro County,GA,0.692,0.7098,0.6892,0.9418,0.3732,8.6,50.3,12.5,0.0,27.3,4.0,15.7,6.0,0.8,21.6,22.6,64.6,80.4,18.45,18.7,26.9,38.25,75.25,41.75,6.0,0,1,0
13267,Tattnall County,GA,0.9287,0.9313,0.7219,0.819,0.9217,6.2,28.0,15.2,2.6,34.0,8.0,21.7,12.5,0.2,20.0,18.0,44.0,76.5,20.25,15.5,26.2,37.3,73.65,40.75,6.0,0,1,0
13269,Taylor County,GA,0.9555,0.9873,0.7381,0.8021,0.8339,10.1,38.5,11.6,0.3,44.5,6.6,26.0,0.7,0.9,38.0,19.6,42.0,78.55000000000001,21.7,18.1,29.4,38.05,67.15,42.45,6.0,0,1,0
13271,Telfair County,GA,0.9765,0.7273,0.9978,0.8867,0.9841,11.1,35.1,12.0,5.4,45.2,2.1,24.5,17.4,0.5,20.3,23.4,53.4,76.7,20.1,19.05,32.95,38.3,69.1,42.95,6.0,0,1,0
13273,Terrell County,GA,0.9809,0.9885,0.6853,0.9399,0.9704,11.8,58.4,18.2,0.2,39.7,8.7,18.1,3.0,2.9,26.2,15.1,64.0,79.94999999999999,19.9,19.25,32.650000000000006,37.75,73.75,43.85,4.0,0,1,0
13275,Thomas County,GA,0.8158,0.8966,0.9408,0.805,0.2243,4.4,35.9,12.6,0.9,28.0,6.2,13.7,3.9,1.5,26.4,18.3,42.5,79.5,20.2,14.55,20.200000000000003,37.1,76.1,39.25,5.0,0,1,0
13277,Tift County,GA,0.8759,0.8193,0.7388,0.8428,0.8727,8.2,28.9,16.8,2.0,32.0,2.9,16.1,12.6,3.2,25.7,10.8,45.9,77.94999999999999,21.2,15.05,23.700000000000003,36.349999999999994,75.19999999999999,39.55,5.0,0,1,0
13279,Toombs County,GA,0.9857,0.9752,0.9777,0.7989,0.8743,10.3,23.8,17.0,2.7,34.5,6.2,17.0,12.1,1.6,28.2,17.8,41.7,77.6,21.1,14.55,23.200000000000003,36.65,71.6,40.75,5.0,0,1,0
13281,Towns County,GA,0.5622,0.7607,0.2141,0.119,0.6911,3.4,1.3,14.5,0.2,26.8,5.5,7.8,2.9,3.6,26.5,18.6,6.4,79.19999999999999,21.85,13.100000000000001,11.850000000000001,39.45,72.0,32.45,6.0,0,1,0
13283,Treutlen County,GA,0.9389,0.9943,0.8161,0.714,0.685,9.9,28.5,14.5,0.0,43.8,10.9,26.4,0.9,0.2,25.6,22.2,34.1,77.05000000000001,22.15,17.200000000000003,29.75,38.15,68.3,41.400000000000006,6.0,0,1,0
13285,Troup County,GA,0.9023,0.8145,0.8613,0.8304,0.896,9.2,36.1,10.2,1.0,29.7,4.8,11.7,3.9,10.2,32.5,16.9,44.9,78.15,20.9,14.15,22.0,34.4,75.25,35.95,5.0,0,1,0
13287,Turner County,GA,0.9675,0.9911,0.9768,0.8428,0.5581,9.5,38.3,13.8,2.8,41.4,7.0,20.5,5.1,0.2,30.9,19.5,45.9,78.44999999999999,21.25,17.05,28.75,37.849999999999994,72.69999999999999,44.65,5.0,0,1,0
13289,Twiggs County,GA,0.6538,0.5625,0.6395,0.8304,0.566,7.8,41.5,10.4,0.9,23.6,3.4,20.7,1.0,0.5,19.8,21.2,44.9,79.1,19.950000000000003,16.15,23.1,38.5,73.19999999999999,39.6,4.0,0,1,0
13291,Union County,GA,0.4932,0.448,0.3506,0.1572,0.7986,5.0,0.6,11.4,0.6,21.9,2.7,11.8,3.8,3.1,21.0,19.2,7.1,78.5,21.95,12.95,12.5,39.2,73.75,34.65,6.0,0,1,0
13293,Upson County,GA,0.6468,0.7938,0.4642,0.7066,0.378,11.9,27.1,12.3,0.1,31.4,3.1,15.6,2.4,1.1,26.9,16.6,33.3,77.55000000000001,21.65,14.9,21.65,36.25,75.5,39.150000000000006,5.0,0,1,0
13295,Walker County,GA,0.6796,0.8215,0.6624,0.2914,0.4776,5.3,3.9,13.4,0.2,25.8,5.5,15.0,2.7,2.4,23.5,19.6,10.1,76.65,22.1,12.3,15.45,37.05,75.85,37.9,3.0,0,1,0
13297,Walton County,GA,0.4095,0.6656,0.4432,0.6503,0.0598,2.6,19.3,12.2,0.9,20.5,5.2,12.9,5.4,0.9,22.9,13.1,28.7,77.1,20.7,12.15,17.0,35.35,74.75,38.2,2.0,0,1,0
13299,Ware County,GA,0.9596,0.9198,0.804,0.756,0.9825,10.9,29.9,17.5,0.9,35.5,4.3,18.4,4.5,3.2,25.5,13.7,37.6,77.94999999999999,22.2,15.75,25.05,36.9,73.4,41.4,5.0,0,1,0
13301,Warren County,GA,0.8123,0.7836,0.8158,0.9259,0.5418,7.1,59.7,8.6,0.4,29.9,9.0,27.9,0.0,0.7,16.8,18.2,61.6,80.0,19.6,17.85,27.700000000000003,37.1,76.65,43.65,6.0,0,1,0
13303,Washington County,GA,0.9115,0.8734,0.6573,0.9103,0.9485,8.5,50.8,13.7,0.4,35.6,4.5,15.8,2.8,0.6,24.3,17.1,58.1,79.3,19.7,17.3,28.05,36.85,74.5,43.05,6.0,0,1,0
13305,Wayne County,GA,0.9434,0.9558,0.8473,0.658,0.8896,6.8,19.9,19.2,0.7,35.7,6.2,14.5,6.5,0.8,25.4,17.3,29.5,77.2,21.8,14.95,23.8,37.0,70.15,43.15,5.0,0,1,0
13307,Webster County,GA,0.8447,0.9984,0.4305,0.9259,0.3035,4.9,44.5,24.6,3.3,36.7,8.9,18.8,14.7,5.0,37.9,14.6,61.6,80.15,20.3,18.25,26.35,38.5,72.05,42.35,6.0,0,1,0
13309,Wheeler County,GA,0.7716,0.9653,0.0038,0.8263,0.9796,7.1,38.3,24.1,0.2,39.1,6.4,23.5,5.7,1.3,21.8,9.8,44.5,76.19999999999999,19.05,15.55,27.05,36.65,71.85,41.45,6.0,0,1,0
13311,White County,GA,0.3455,0.4009,0.2195,0.2692,0.5049,4.3,2.1,12.0,0.2,18.7,3.5,14.4,3.4,1.7,17.9,16.3,9.5,76.65,21.85,11.649999999999999,13.05,37.3,72.15,35.1,6.0,0,1,0
13313,Whitfield County,GA,0.8836,0.8766,0.8266,0.8139,0.7668,5.1,3.2,18.0,7.8,24.4,5.7,25.7,36.8,6.5,21.9,11.7,43.4,75.85,20.35,13.55,21.1,37.4,73.5,38.0,4.0,0,1,0
13315,Wilcox County,GA,0.8212,0.8501,0.6262,0.7894,0.7044,6.5,33.6,16.9,3.1,34.5,5.3,19.6,4.7,0.5,19.2,12.9,40.5,77.3,19.5,16.299999999999997,25.4,37.15,72.8,42.8,6.0,0,1,0
13317,Wilkes County,GA,0.6083,0.7954,0.5606,0.8632,0.1594,4.6,40.1,19.6,1.3,28.5,2.9,17.4,5.7,0.9,24.3,15.4,48.6,79.30000000000001,19.95,16.65,24.05,38.4,74.35,40.75,6.0,0,1,0
13319,Wilkinson County,GA,0.784,0.8228,0.8234,0.8279,0.412,5.0,38.3,12.8,0.7,33.7,5.8,10.6,3.1,0.1,23.3,15.4,44.7,78.9,20.75,15.899999999999999,23.2,37.4,75.0,41.05,6.0,0,1,0
13321,Worth County,GA,0.8571,0.938,0.8816,0.7019,0.4585,7.8,25.6,16.8,0.8,28.7,7.0,14.5,2.5,0.9,25.4,17.1,32.9,78.1,22.299999999999997,15.25,22.5,37.150000000000006,72.19999999999999,38.849999999999994,4.0,0,1,0
15001,Hawaii County,HI,0.636,0.4502,0.7894,0.9602,0.4881,5.0,0.7,4.8,2.8,21.6,6.5,7.1,13.6,9.3,25.2,15.3,70.4,73.35,20.85,11.05,20.799999999999997,31.2,70.3,27.35,5.0,0,0,1
15003,Honolulu County,HI,0.5708,0.2307,0.2638,0.9854,0.957,9.6,2.3,3.5,4.7,14.2,4.8,7.3,10.2,30.0,25.4,11.7,82.6,77.25,15.5,11.45,17.299999999999997,33.7,79.85,25.65,3.0,0,0,1
15005,Kalawao County,HI,0.1871,0.0983,0.0614,0.9723,0.4044,9.4,2.0,6.4,0.0,21.3,0.0,8.0,12.0,2.1,15.6,21.3,74.0,69.35,14.25,17.5,22.9,34.25,78.80000000000001,35.75,4.0,0,0,1
15007,Kauai County,HI,0.3964,0.2367,0.3446,0.9625,0.4566,4.3,0.5,5.0,3.0,15.4,4.1,7.5,11.6,14.2,25.4,11.1,71.1,73.25,17.15,10.65,17.2,33.05,73.65,24.0,5.0,0,0,1
15009,Maui County,HI,0.4938,0.2918,0.4003,0.9605,0.6032,4.4,0.7,4.7,2.6,15.0,5.4,7.5,11.9,19.8,24.7,10.4,70.7,72.30000000000001,16.35,10.899999999999999,17.700000000000003,31.9,77.25,26.2,4.0,0,0,1
16001,Ada County,ID,0.1931,0.1559,0.161,0.4779,0.3767,3.5,1.2,7.0,1.1,14.7,3.2,4.7,8.9,8.3,23.1,11.1,17.3,75.75,25.25,8.5,10.05,31.0,74.9,28.95,3.0,0,0,1
16003,Adams County,ID,0.2017,0.6268,0.1549,0.2959,0.0175,1.1,0.3,12.5,0.2,23.9,8.7,6.0,4.3,0.4,21.7,18.4,10.2,74.19999999999999,22.75,11.600000000000001,13.75,33.1,65.4,34.05,6.0,0,0,1
16005,Bannock County,ID,0.4995,0.4403,0.4337,0.489,0.6125,5.0,0.9,7.9,0.5,23.8,5.1,6.6,9.4,5.8,22.5,15.1,17.7,73.9,25.1,9.399999999999999,14.55,30.35,70.2,33.2,4.0,0,0,1
16007,Bear Lake County,ID,0.2024,0.2361,0.7105,0.182,0.0821,3.7,0.1,5.9,0.5,21.8,4.3,6.9,4.3,1.8,20.3,15.6,7.5,73.0,22.95,10.3,12.850000000000001,32.25,72.45,31.1,6.0,0,0,1
16009,Benewah County,ID,0.6717,0.8123,0.6955,0.4588,0.3618,2.1,0.8,13.9,0.3,27.9,3.8,14.9,4.4,1.7,27.2,22.0,16.3,72.80000000000001,23.299999999999997,11.75,17.5,32.8,66.4,36.15,6.0,0,0,1
16011,Bingham County,ID,0.5469,0.5517,0.7423,0.6249,0.2841,4.1,0.2,9.8,2.2,22.1,6.1,11.6,18.2,1.1,18.8,16.6,26.5,72.9,23.25,10.649999999999999,15.75,30.2,65.75,39.1,5.0,0,0,1
16013,Blaine County,ID,0.4025,0.2523,0.6462,0.6516,0.385,1.9,0.4,12.3,7.7,12.7,2.3,8.2,23.5,8.9,21.6,10.1,28.9,74.15,19.5,8.95,10.7,31.65,72.65,23.1,5.0,0,0,1
16015,Boise County,ID,0.1075,0.1578,0.1292,0.3961,0.1346,2.9,0.4,13.4,0.8,17.1,3.4,4.6,5.8,0.2,15.0,13.8,13.7,75.0,22.549999999999997,10.149999999999999,10.55,34.1,65.44999999999999,31.6,3.0,0,0,1
16017,Bonner County,ID,0.412,0.4655,0.3318,0.2692,0.4954,4.3,0.3,9.8,0.3,21.1,3.5,8.7,3.7,4.1,25.5,17.3,9.5,72.85,22.3,10.100000000000001,11.6,32.9,68.19999999999999,32.0,5.0,0,0,1
16019,Bonneville County,ID,0.4473,0.4101,0.5915,0.504,0.3703,4.1,0.3,8.9,1.1,19.3,4.6,8.0,13.8,6.2,23.1,14.2,18.6,74.3,25.4,9.15,12.7,31.299999999999997,68.0,33.4,4.0,0,0,1
16021,Boundary County,ID,0.5037,0.657,0.5199,0.3388,0.3067,1.7,0.4,12.0,0.4,25.7,3.8,13.1,5.4,2.7,23.0,16.9,11.5,73.05000000000001,22.700000000000003,11.0,15.35,32.6,64.6,33.25,6.0,0,0,1
16023,Butte County,ID,0.7009,0.5186,0.9959,0.328,0.4267,6.0,0.0,7.5,1.6,35.0,2.0,9.6,5.5,3.3,25.1,19.1,11.2,72.9,24.950000000000003,13.149999999999999,19.4,34.35,64.4,35.6,4.0,0,0,1
16025,Camas County,ID,0.3271,0.5348,0.3824,0.5406,0.0907,1.5,0.0,10.6,1.6,13.4,5.0,12.8,14.8,0.0,23.5,15.5,20.7,73.65,22.0,10.100000000000001,11.85,32.6,70.75,29.5,5.0,0,0,1
16027,Canyon County,ID,0.6217,0.5647,0.7311,0.6885,0.4623,3.3,0.6,12.0,2.9,19.9,3.5,13.0,25.7,3.1,24.0,14.9,31.7,72.0,23.200000000000003,10.85,14.85,32.5,61.2,35.4,3.0,0,0,1
16029,Caribou County,ID,0.1231,0.2332,0.0512,0.3118,0.2039,3.0,0.0,9.6,0.1,14.3,2.8,9.6,7.2,3.5,20.4,12.2,10.7,72.25,22.5,9.6,12.399999999999999,31.2,67.15,34.8,6.0,0,0,1
16031,Cassia County,ID,0.56,0.5103,0.5367,0.6971,0.5208,4.0,0.1,11.2,3.9,23.9,3.0,14.3,28.0,2.9,20.3,13.2,32.4,70.95,22.25,10.6,17.35,31.3,66.5,37.7,5.0,0,0,1
16033,Clark County,ID,0.5412,0.8206,0.2068,0.8829,0.1607,0.0,0.5,23.6,21.7,23.8,1.9,38.4,42.3,0.0,29.8,14.9,52.4,72.65,21.049999999999997,12.65,21.049999999999997,32.5,67.4,36.35,6.0,0,0,1
16035,Clearwater County,ID,0.5912,0.4709,0.5272,0.3388,0.8349,5.4,0.2,13.3,0.8,21.7,4.4,8.2,4.2,2.3,20.9,22.6,11.5,74.1,21.85,11.149999999999999,13.75,33.15,66.55,31.8,6.0,0,0,1
16037,Custer County,ID,0.3713,0.4556,0.434,0.3166,0.3016,3.7,0.1,13.9,0.5,20.8,1.7,8.7,3.9,0.9,24.9,26.9,10.9,75.0,21.950000000000003,11.2,12.2,35.45,70.85,31.45,6.0,0,0,1
16039,Elmore County,ID,0.8155,0.8804,0.6745,0.6538,0.6503,4.8,2.2,12.4,3.1,27.1,6.4,12.0,17.9,1.2,27.5,16.5,29.1,70.19999999999999,22.8,10.3,16.65,30.75,68.0,34.650000000000006,5.0,0,0,1
16041,Franklin County,ID,0.1101,0.3035,0.1002,0.2879,0.0627,1.8,0.0,11.0,0.4,18.7,1.1,7.9,6.9,0.5,23.1,13.6,10.0,71.3,23.05,8.95,12.55,29.25,65.25,35.8,4.0,0,0,1
16043,Fremont County,ID,0.5504,0.475,0.8002,0.4658,0.4333,2.1,0.3,13.4,3.1,19.5,4.5,10.2,12.3,0.2,20.1,18.0,16.7,72.30000000000001,22.450000000000003,9.75,13.399999999999999,30.5,63.0,32.7,5.0,0,0,1
16045,Gem County,ID,0.6153,0.3054,0.9815,0.4356,0.5657,4.8,0.1,12.1,2.2,16.7,2.8,9.8,9.0,2.9,20.1,18.6,15.3,74.0,22.6,10.1,12.649999999999999,31.450000000000003,68.75,32.95,3.0,0,0,1
16047,Gooding County,ID,0.8059,0.7477,0.8686,0.7165,0.6408,5.6,0.1,19.1,5.5,24.4,3.5,21.0,29.8,3.5,21.8,16.4,34.4,72.3,21.299999999999997,12.0,19.45,31.5,66.85,34.3,6.0,0,0,1
16049,Idaho County,ID,0.5199,0.5915,0.5593,0.2816,0.4489,1.4,0.1,16.3,1.0,25.1,4.3,7.8,3.7,1.0,22.9,18.0,9.8,73.05000000000001,22.049999999999997,10.8,12.8,31.549999999999997,64.4,31.950000000000003,6.0,0,0,1
16051,Jefferson County,ID,0.1212,0.1699,0.2313,0.4085,0.098,1.2,0.1,9.6,1.8,19.5,2.4,7.4,10.8,0.9,17.3,10.7,14.1,71.85,22.55,8.899999999999999,11.95,31.05,71.1,33.05,4.0,0,0,1
16053,Jerome County,ID,0.5826,0.7057,0.6666,0.8005,0.1801,3.4,0.0,14.4,11.3,26.9,3.5,24.7,37.9,0.5,19.8,11.9,41.8,71.3,21.700000000000003,12.149999999999999,22.15,32.25,67.4,35.8,4.0,0,0,1
16055,Kootenai County,ID,0.2746,0.3544,0.2071,0.3675,0.322,4.3,0.3,10.0,0.3,18.3,3.1,6.4,5.2,6.8,27.2,14.8,12.5,72.25,24.299999999999997,8.95,11.399999999999999,31.1,63.3,31.6,4.0,0,0,1
16057,Latah County,ID,0.2825,0.4518,0.0035,0.3847,0.8097,4.1,1.2,7.0,0.2,22.7,5.3,3.1,4.6,14.2,27.6,12.3,13.3,72.4,23.25,8.1,11.600000000000001,28.65,75.65,30.3,5.0,0,0,1
16059,Lemhi County,ID,0.4073,0.3579,0.5555,0.1985,0.5212,5.0,0.0,6.9,0.6,19.1,3.1,8.3,3.6,0.5,28.9,20.7,7.8,73.8,23.25,10.649999999999999,12.45,34.4,68.8,30.5,6.0,0,0,1
16061,Lewis County,ID,0.7146,0.7261,0.9217,0.5183,0.3557,4.6,1.8,10.5,1.7,30.8,4.2,10.1,5.3,0.9,27.2,24.5,19.3,74.3,23.2,12.8,16.85,35.05,68.65,35.35,6.0,0,0,1
16063,Lincoln County,ID,0.6742,0.7738,0.7146,0.7359,0.2784,0.7,0.5,17.1,5.6,24.5,5.6,18.4,31.8,0.2,19.1,13.3,36.0,71.5,21.85,10.95,18.15,31.05,61.1,34.2,5.0,0,0,1
16065,Madison County,ID,0.4318,0.7264,0.0016,0.4057,0.8657,2.8,0.9,6.1,0.4,42.0,8.1,2.6,8.3,35.0,38.0,6.6,14.0,70.25,26.049999999999997,7.8,17.45,25.7,65.05000000000001,30.1,5.0,0,0,1
16067,Minidoka County,ID,0.5978,0.6118,0.5931,0.7725,0.3913,4.4,0.1,14.9,5.9,22.9,3.3,18.7,35.8,3.2,20.1,12.3,39.2,70.69999999999999,21.05,11.65,19.15,31.95,66.9,36.55,5.0,0,0,1
16069,Nez Perce County,ID,0.5892,0.4378,0.5565,0.4018,0.8333,6.9,0.1,10.1,0.6,22.8,3.2,7.0,4.5,6.2,25.7,17.7,13.9,74.65,24.549999999999997,9.8,13.55,30.9,71.15,37.900000000000006,4.0,0,0,1
16071,Oneida County,ID,0.0792,0.1149,0.4814,0.182,0.0395,1.6,0.0,7.1,0.6,19.3,0.7,6.6,4.5,0.1,19.1,15.2,7.5,72.8,22.7,9.45,11.45,32.75,65.55000000000001,32.05,5.0,0,0,1
16073,Owyhee County,ID,0.7432,0.5892,0.9828,0.6872,0.3968,2.7,0.4,20.5,7.0,25.1,2.2,23.9,25.8,1.2,17.2,17.4,31.6,71.6,22.65,12.25,20.9,32.55,61.55,33.45,3.0,0,0,1
16075,Payette County,ID,0.6713,0.5689,0.9271,0.5927,0.4197,3.3,0.1,9.4,2.8,25.6,4.4,14.1,18.0,3.3,20.1,16.9,24.1,72.05,23.0,10.7,16.15,32.0,65.8,31.45,5.0,0,0,1
16077,Power County,ID,0.762,0.7747,0.8616,0.776,0.3926,3.9,0.0,14.5,8.0,27.7,7.5,15.7,34.4,0.3,16.0,12.0,39.5,72.1,21.5,11.35,18.75,32.150000000000006,64.55,37.75,6.0,0,0,1
16079,Shoshone County,ID,0.7493,0.8416,0.7359,0.3166,0.5877,4.7,0.9,13.7,0.4,32.0,5.0,11.9,4.1,3.5,25.4,25.4,10.9,73.4,23.7,11.85,16.450000000000003,34.7,65.30000000000001,36.0,6.0,0,0,1
16081,Teton County,ID,0.2052,0.4041,0.0932,0.5294,0.1266,1.3,0.0,15.2,1.8,17.9,1.6,6.6,16.4,1.8,28.7,5.6,20.0,73.6,20.85,8.6,10.45,30.4,73.3,31.4,5.0,0,0,1
16083,Twin Falls County,ID,0.5756,0.6185,0.6405,0.5854,0.3837,3.5,0.5,10.6,2.6,23.3,3.1,12.6,17.4,3.5,27.3,13.4,23.6,71.8,23.95,10.45,15.0,27.95,68.1,33.4,4.0,0,0,1
16085,Valley County,ID,0.1365,0.482,0.043,0.0025,0.1196,3.9,0.1,12.3,0.2,26.6,1.5,7.2,1.4,2.0,25.3,13.6,2.5,74.35,22.25,11.149999999999999,12.35,32.85,69.94999999999999,33.65,6.0,0,0,1
16087,Washington County,ID,0.9093,0.8186,0.9987,0.5501,0.6577,5.9,0.2,12.4,3.2,34.7,4.5,9.8,16.4,4.6,30.1,18.5,21.6,73.6,22.75,12.6,17.55,33.1,65.3,33.599999999999994,6.0,0,0,1
17001,Adams County,IL,0.2965,0.1343,0.4849,0.2628,0.6481,7.2,3.9,4.8,0.1,21.1,3.9,6.7,1.8,5.4,18.3,17.0,9.3,77.2,23.1,10.8,13.350000000000001,34.8,73.1,38.0,5.0,0,0,0
17003,Alexander County,IL,0.8941,0.9052,0.8521,0.7423,0.7509,10.6,33.2,11.0,0.0,34.2,9.3,13.6,1.0,8.6,23.0,23.9,36.5,79.4,22.2,16.4,25.5,36.6,70.55000000000001,45.3,4.0,0,0,0
17005,Bond County,IL,0.5253,0.3159,0.2167,0.3888,0.9736,8.4,6.9,4.4,0.1,24.3,4.3,11.1,3.8,4.1,19.8,17.9,13.4,76.4,23.1,10.95,15.6,33.95,74.05,39.4,2.0,0,0,0
17007,Boone County,IL,0.4655,0.5189,0.6465,0.658,0.174,4.4,2.1,5.7,3.6,16.4,7.7,13.4,23.5,2.6,22.5,13.2,29.5,76.19999999999999,21.85,11.3,16.35,34.150000000000006,74.55,36.849999999999994,3.0,0,0,0
17009,Brown County,IL,0.4753,0.2469,0.2199,0.6013,0.9144,6.3,16.4,5.0,1.1,23.2,2.1,19.7,6.9,6.9,14.8,19.9,24.6,75.1,20.5,11.55,19.85,33.2,65.65,41.55,6.0,0,0,0
17011,Bureau County,IL,0.3544,0.4069,0.5644,0.4057,0.1973,5.8,0.6,6.5,1.0,21.4,5.7,9.7,9.9,3.9,20.1,14.2,14.0,77.4,23.3,11.649999999999999,14.899999999999999,35.4,71.9,38.25,5.0,0,0,0
17013,Calhoun County,IL,0.0541,0.043,0.2297,0.0474,0.188,3.1,0.7,1.2,0.0,12.1,4.1,8.0,0.8,0.3,13.6,21.3,4.9,77.75,22.299999999999997,10.2,10.350000000000001,35.7,71.0,35.2,2.0,0,0,0
17015,Carroll County,IL,0.2304,0.3271,0.1133,0.3118,0.3519,4.2,3.3,6.6,0.1,18.8,4.9,11.6,4.6,4.0,18.6,15.8,10.7,76.69999999999999,21.950000000000003,11.8,14.899999999999999,35.3,71.30000000000001,39.05,6.0,0,0,0
17017,Cass County,IL,0.4998,0.3519,0.8148,0.6277,0.356,5.6,3.4,4.5,5.8,23.0,5.4,13.8,20.3,2.2,16.5,15.8,26.7,76.35,22.0,12.3,18.65,34.900000000000006,67.5,40.650000000000006,6.0,0,0,0
17019,Champaign County,IL,0.4658,0.4388,0.0395,0.7226,0.8269,11.8,13.0,4.9,1.6,26.6,4.8,5.3,6.5,25.4,28.9,9.8,34.9,75.45,22.450000000000003,10.1,14.95,32.35,74.65,32.55,4.0,0,0,0
17021,Christian County,IL,0.1966,0.2329,0.2173,0.1508,0.3509,5.0,2.6,4.4,0.3,20.8,4.4,9.6,2.0,4.4,19.6,15.0,7.0,76.05000000000001,22.9,11.2,14.7,34.75,72.75,38.1,5.0,0,0,0
17023,Clark County,IL,0.0745,0.1553,0.1642,0.015,0.1238,5.1,0.8,4.8,0.1,17.5,4.0,7.8,1.7,1.6,20.1,13.4,3.8,76.95,23.15,10.7,12.9,34.7,71.6,37.2,6.0,0,0,0
17025,Clay County,IL,0.5813,0.5196,0.8673,0.0407,0.5956,5.3,0.5,6.4,0.8,26.4,6.0,11.9,0.2,1.8,19.0,18.5,4.7,76.6,24.35,12.4,17.15,35.9,70.19999999999999,41.5,6.0,0,0,0
17027,Clinton County,IL,0.1168,0.0754,0.0951,0.2444,0.4664,3.2,2.9,5.4,0.5,14.9,3.0,8.0,3.3,2.0,17.3,14.5,8.9,77.05,22.15,10.3,12.5,34.1,76.4,40.1,2.0,0,0,0
17029,Coles County,IL,0.5574,0.6892,0.0566,0.2984,0.8941,7.5,3.5,6.9,0.2,28.3,6.9,8.1,2.9,11.0,26.3,17.2,10.3,76.44999999999999,24.35,10.9,15.65,33.0,68.8,38.55,5.0,0,0,0
17031,Cook County,IL,0.7964,0.7754,0.3926,0.9138,0.8298,17.7,22.4,9.0,6.4,21.1,7.1,11.8,25.9,24.1,30.1,10.8,58.9,77.0,18.85,11.25,19.4,32.6,74.0,31.0,1.0,0,0,0
17033,Crawford County,IL,0.1919,0.1709,0.1635,0.2587,0.4467,5.4,4.5,6.2,0.4,17.9,3.3,11.4,2.5,2.0,16.3,16.0,9.2,76.75,22.8,11.0,14.4,35.1,70.7,40.05,6.0,0,0,0
17035,Cumberland County,IL,0.015,0.0347,0.1511,0.0191,0.0318,3.0,0.1,5.9,0.4,16.0,1.9,6.6,1.7,0.1,13.1,14.5,4.0,77.1,23.7,10.55,12.25,35.25,70.55,38.6,5.0,0,0,0
17037,DeKalb County,IL,0.5523,0.5087,0.2329,0.6166,0.7604,6.6,7.5,4.4,1.8,21.9,7.0,7.0,12.3,12.6,30.2,11.0,25.6,75.75,22.95,10.45,15.7,32.45,74.85,36.1,2.0,0,0,0
17039,De Witt County,IL,0.0493,0.1941,0.0751,0.0881,0.0538,3.4,0.8,4.0,0.0,20.2,5.4,5.8,3.0,2.5,19.9,13.1,5.8,76.9,23.2,10.899999999999999,13.5,34.55,71.2,38.05,6.0,0,0,0
17041,Douglas County,IL,0.4578,0.447,0.4454,0.3322,0.5492,12.1,1.1,17.1,0.9,18.1,3.0,15.2,7.6,2.2,18.3,13.3,11.3,76.1,23.1,10.75,14.5,34.6,73.1,38.65,6.0,0,0,0
17043,DuPage County,IL,0.2284,0.1632,0.1667,0.7296,0.3579,4.2,4.7,5.2,3.6,10.7,4.7,6.5,14.8,18.0,21.9,8.2,35.5,77.5,17.65,9.25,10.95,33.6,75.7,29.15,2.0,0,0,0
17045,Edgar County,IL,0.343,0.3067,0.3875,0.0099,0.6402,7.4,0.5,5.1,0.2,23.6,4.6,12.1,1.3,4.1,16.9,17.8,3.5,77.19999999999999,23.8,11.899999999999999,15.05,35.8,70.65,37.5,6.0,0,0,0
17047,Edwards County,IL,0.3058,0.3789,0.8632,0.0299,0.1037,4.6,0.1,7.0,0.9,22.8,6.7,8.9,1.4,0.2,15.8,18.4,4.4,76.95,24.55,12.399999999999999,16.15,35.95,68.85,40.3,6.0,0,0,0
17049,Effingham County,IL,0.2081,0.0452,0.6032,0.0455,0.6169,6.2,0.5,5.3,1.1,17.4,2.5,6.5,2.2,4.2,15.5,14.3,4.8,76.6,23.0,10.25,12.35,33.5,72.30000000000001,34.25,5.0,0,0,0
17051,Fayette County,IL,0.5644,0.4391,0.6207,0.3118,0.7789,5.6,3.5,7.9,1.0,24.0,3.8,13.4,2.3,2.0,19.5,18.2,10.7,75.9,22.7,11.85,17.5,34.8,69.2,39.95,6.0,0,0,0
17053,Ford County,IL,0.3824,0.3449,0.5667,0.2536,0.4263,7.5,0.5,6.6,0.5,20.8,4.7,8.3,4.1,5.1,21.7,15.4,9.1,76.69999999999999,23.5,11.2,14.95,34.7,68.05,37.75,4.0,0,0,0
17055,Franklin County,IL,0.4871,0.6704,0.4948,0.0579,0.4025,7.0,0.4,6.9,0.1,30.3,6.7,10.1,1.9,2.0,22.3,20.0,5.2,77.19999999999999,24.4,12.4,16.9,35.1,63.699999999999996,41.5,6.0,0,0,0
17057,Fulton County,IL,0.2106,0.4343,0.0754,0.2109,0.2399,5.0,2.6,4.2,0.1,24.4,6.8,10.1,2.9,2.4,19.9,14.1,8.0,76.75,23.700000000000003,11.7,15.95,35.3,67.35,39.849999999999994,5.0,0,0,0
17059,Gallatin County,IL,0.4521,0.4572,0.8078,0.0932,0.3408,7.7,0.3,2.9,0.1,29.3,7.8,12.8,0.3,0.8,13.9,22.8,5.9,77.1,24.15,12.55,16.4,36.3,70.15,40.849999999999994,6.0,0,0,0
17061,Greene County,IL,0.1044,0.2043,0.3996,0.0099,0.0592,3.5,0.9,5.5,0.0,23.4,3.4,9.6,1.3,0.1,17.3,17.5,3.5,76.5,24.0,11.7,15.4,35.65,71.05,40.05,6.0,0,0,0
17063,Grundy County,IL,0.0773,0.0865,0.2043,0.4518,0.0891,4.3,1.8,3.4,0.5,12.2,4.2,6.0,10.9,4.9,20.8,8.8,15.9,76.5,22.25,9.7,12.600000000000001,33.3,74.7,36.25,2.0,0,0,0
17065,Hamilton County,IL,0.3029,0.4213,0.6507,0.0474,0.1794,4.5,0.1,7.0,0.1,25.2,4.4,13.7,2.0,1.4,17.5,22.0,4.9,77.0,24.200000000000003,12.3,16.0,35.95,71.5,40.05,6.0,0,0,0
17067,Hancock County,IL,0.0885,0.1285,0.5577,0.0474,0.0484,4.2,0.7,4.9,0.2,21.5,4.7,5.6,1.8,1.2,15.2,18.6,4.9,77.55000000000001,23.0,11.45,13.1,36.2,70.0,38.849999999999994,6.0,0,0,0
17069,Hardin County,IL,0.2383,0.1696,0.5301,0.0073,0.4588,8.3,1.1,5.2,0.3,22.3,2.6,12.7,1.0,0.0,11.1,29.5,3.2,77.4,23.549999999999997,12.6,15.65,36.85,69.44999999999999,39.650000000000006,6.0,0,0,0
17071,Henderson County,IL,0.0391,0.1543,0.1438,0.0821,0.0204,2.9,0.2,2.1,0.1,17.4,7.9,7.0,1.9,0.6,12.5,17.3,5.7,77.9,22.65,11.95,13.5,37.0,70.25,38.650000000000006,5.0,0,0,0
17073,Henry County,IL,0.126,0.0916,0.447,0.3388,0.1339,6.2,2.1,4.3,0.5,15.5,4.5,7.5,6.2,2.9,16.4,13.5,11.5,76.75,22.55,10.55,12.4,34.55,73.0,36.849999999999994,3.0,0,0,0
17075,Iroquois County,IL,0.2673,0.4092,0.6456,0.3388,0.0573,4.4,1.0,5.9,1.3,22.2,4.9,11.3,7.6,1.6,20.8,17.5,11.5,76.65,23.65,12.25,16.5,36.2,71.15,40.7,6.0,0,0,0
17077,Jackson County,IL,0.8479,0.8225,0.3452,0.6316,0.9863,11.4,14.4,7.1,0.9,36.4,8.1,8.2,4.7,15.2,33.4,16.4,27.0,77.65,23.05,11.7,18.45,32.65,70.1,41.3,5.0,0,0,0
17079,Jasper County,IL,0.0875,0.1352,0.3239,0.0115,0.1139,4.5,0.2,5.6,0.4,16.7,4.9,6.7,1.8,2.3,16.7,16.8,3.6,77.05000000000001,23.4,10.55,11.8,35.25,70.75,38.1,6.0,0,0,0
17081,Jefferson County,IL,0.7117,0.503,0.8164,0.4445,0.8406,6.2,6.5,7.1,0.4,22.8,6.5,9.4,2.9,5.6,20.8,18.9,15.7,76.80000000000001,23.2,11.8,15.899999999999999,35.0,71.0,39.8,5.0,0,0,0
17083,Jersey County,IL,0.0318,0.0541,0.1152,0.0407,0.0986,4.1,0.7,4.4,0.2,15.1,3.4,6.7,1.5,0.6,17.4,14.8,4.7,77.1,23.5,10.45,12.0,34.3,73.55,39.1,2.0,0,0,0
17085,Jo Daviess County,IL,0.076,0.092,0.272,0.1276,0.1295,7.2,0.8,4.7,0.2,15.2,2.7,6.5,3.3,3.3,21.7,15.2,6.6,78.19999999999999,21.9,11.1,11.3,36.150000000000006,70.30000000000001,36.25,6.0,0,0,0
17087,Johnson County,IL,0.3834,0.2969,0.3716,0.503,0.5259,4.1,8.8,7.0,0.4,22.7,2.9,15.4,4.0,1.3,15.9,16.8,18.5,76.25,21.75,12.100000000000001,18.0,34.6,64.6,41.65,6.0,0,0,0
17089,Kane County,IL,0.5084,0.4823,0.5033,0.8263,0.3427,4.7,5.0,7.9,5.4,14.3,5.0,13.5,32.6,8.4,23.4,9.1,44.5,75.30000000000001,18.8,10.8,14.55,32.35,73.05,35.0,2.0,0,0,0
17091,Kankakee County,IL,0.7241,0.5695,0.7206,0.6656,0.7652,6.9,14.5,5.6,1.0,23.6,5.2,10.1,11.5,6.2,28.5,14.6,30.1,77.25,21.7,12.15,17.85,35.8,69.85,40.0,4.0,0,0,0
17093,Kendall County,IL,0.0996,0.0694,0.4537,0.7251,0.0331,2.1,7.8,4.0,2.3,7.8,4.3,6.6,21.0,4.4,19.0,7.3,35.1,76.65,19.4,9.25,12.0,31.6,75.7,39.35,2.0,0,0,0
17095,Knox County,IL,0.644,0.6074,0.4397,0.504,0.7731,9.5,8.0,5.6,0.8,27.4,4.9,11.2,6.2,7.6,26.0,15.0,18.6,77.45,22.549999999999997,12.2,17.5,34.9,66.75,39.55,5.0,0,0,0
17097,Lake County,IL,0.475,0.3086,0.3847,0.7941,0.6118,5.1,6.5,6.8,4.3,13.5,5.0,9.2,22.8,12.3,22.1,9.7,41.1,76.0,18.3,10.5,12.7,34.75,75.3,32.9,2.0,0,0,0
17099,LaSalle County,IL,0.3894,0.301,0.5142,0.4588,0.4556,5.9,2.7,4.3,1.2,19.6,5.4,8.9,10.5,4.3,21.2,13.6,16.3,76.85,22.85,11.2,15.2,34.55,74.7,37.849999999999994,5.0,0,0,0
17101,Lawrence County,IL,0.5657,0.6039,0.4995,0.434,0.5533,4.1,8.0,8.2,1.3,24.0,7.8,14.8,2.3,3.3,16.5,19.4,15.2,75.9,22.25,12.0,18.45,34.650000000000006,63.849999999999994,40.85,6.0,0,0,0
17103,Lee County,IL,0.3777,0.2501,0.3745,0.4222,0.6332,7.8,5.3,3.7,0.5,20.1,3.5,10.0,6.8,5.7,22.9,16.6,14.7,77.05,21.799999999999997,11.5,15.05,34.7,71.35,38.849999999999994,5.0,0,0,0
17105,Livingston County,IL,0.328,0.1842,0.5301,0.3248,0.5606,5.2,3.6,4.6,0.2,19.1,3.7,9.5,5.1,4.1,19.9,14.9,11.1,76.5,22.55,11.05,14.95,34.7,67.8,35.95,5.0,0,0,0
17107,Logan County,IL,0.2921,0.1912,0.1409,0.3847,0.7238,7.0,6.0,3.4,0.1,18.2,5.2,8.5,3.5,5.4,19.3,15.4,13.3,76.7,22.6,10.75,15.0,33.849999999999994,73.1,38.7,5.0,0,0,0
17109,McDonough County,IL,0.539,0.6672,0.0646,0.3847,0.8123,9.7,5.2,6.1,0.3,31.3,8.0,5.6,3.0,11.6,28.3,14.8,13.3,76.45,24.05,11.100000000000001,15.899999999999999,33.95,71.5,37.75,5.0,0,0,0
17111,McHenry County,IL,0.0923,0.1403,0.2431,0.5472,0.041,3.8,1.5,4.9,1.9,9.9,4.9,6.1,14.3,3.9,21.1,9.7,21.3,76.30000000000001,22.0,9.65,11.35,33.2,75.7,31.9,2.0,0,0,0
17113,McLean County,IL,0.1903,0.1168,0.0573,0.552,0.6029,5.9,8.4,4.5,0.8,20.2,3.2,4.1,5.3,16.4,21.2,9.5,21.7,77.05,22.25,9.5,12.3,33.400000000000006,74.4,35.25,4.0,0,0,0
17115,Macon County,IL,0.5396,0.3971,0.511,0.6102,0.6755,9.6,16.9,4.8,0.4,23.6,7.2,7.6,2.5,9.6,20.7,14.2,25.2,77.9,22.299999999999997,12.05,17.15,35.45,70.45,42.35,4.0,0,0,0
17117,Macoupin County,IL,0.1161,0.2386,0.2561,0.0525,0.1009,4.6,1.1,4.1,0.2,22.7,4.6,9.0,1.3,1.3,19.0,15.7,5.0,76.95,23.7,11.350000000000001,14.2,35.1,70.45,36.9,2.0,0,0,0
17119,Madison County,IL,0.2561,0.2663,0.3175,0.4658,0.2625,5.6,8.5,5.1,0.4,18.7,5.2,6.7,3.7,4.9,22.4,15.7,16.7,77.25,22.65,10.35,13.85,33.7,73.8,38.75,2.0,0,0,0
17121,Marion County,IL,0.6036,0.567,0.721,0.2816,0.6204,6.9,4.3,6.6,0.2,26.2,8.1,10.0,2.2,2.6,19.9,18.2,9.8,77.0,24.15,11.95,16.2,34.75,68.8,39.5,5.0,0,0,0
17123,Marshall County,IL,0.0894,0.1467,0.2536,0.1572,0.0993,3.7,0.5,4.1,0.3,20.0,4.2,8.0,3.1,1.3,18.2,14.8,7.1,77.25,23.4,11.35,13.55,35.849999999999994,67.8,38.6,3.0,0,0,0
17125,Mason County,IL,0.1254,0.2568,0.1823,0.021,0.1409,5.3,0.5,4.9,0.0,21.9,5.2,8.7,1.4,0.8,18.3,17.5,4.1,77.2,23.5,11.65,14.3,35.55,70.44999999999999,37.25,6.0,0,0,0
17127,Massac County,IL,0.5625,0.5476,0.6389,0.3977,0.5444,4.3,6.3,7.9,0.1,26.7,3.7,12.3,3.2,2.8,23.0,20.7,13.8,77.1,23.700000000000003,12.45,16.55,35.599999999999994,70.3,40.8,4.0,0,0,0
17129,Menard County,IL,0.0283,0.0522,0.3834,0.0474,0.0162,4.0,0.9,2.5,0.2,15.5,4.9,5.0,1.3,1.9,13.9,15.6,4.9,77.3,23.25,10.35,11.95,35.0,72.25,37.65,4.0,0,0,0
17131,Mercer County,IL,0.064,0.1419,0.2762,0.0932,0.048,5.0,0.6,5.3,0.4,19.3,3.3,7.6,2.8,2.8,19.5,14.1,5.9,77.0,23.2,11.0,13.4,34.75,70.7,38.55,3.0,0,0,0
17133,Monroe County,IL,0.001,0.0016,0.0465,0.0299,0.0083,3.5,0.6,2.1,0.2,7.5,1.7,4.3,1.7,2.6,16.2,11.1,4.4,77.80000000000001,21.950000000000003,8.95,8.65,34.4,68.80000000000001,35.2,2.0,0,0,0
17135,Montgomery County,IL,0.3191,0.343,0.1492,0.1861,0.6382,6.8,2.8,4.8,0.2,21.6,5.6,10.3,1.9,2.8,19.4,17.3,7.6,76.5,22.9,11.35,15.0,34.45,66.25,39.150000000000006,6.0,0,0,0
17137,Morgan County,IL,0.4935,0.5052,0.3156,0.3563,0.6421,7.4,5.0,4.4,0.1,23.8,6.4,10.4,2.7,4.7,22.8,17.8,12.1,77.1,23.05,11.45,15.75,34.7,68.35,40.099999999999994,5.0,0,0,0
17139,Moultrie County,IL,0.4827,0.3926,0.4298,0.0229,0.8476,11.9,1.0,13.9,0.1,17.2,4.1,13.6,1.7,4.4,15.8,13.2,4.2,75.94999999999999,24.35,10.55,14.4,34.4,67.75,38.4,6.0,0,0,0
17141,Ogle County,IL,0.3131,0.2539,0.5982,0.4378,0.28,6.8,1.1,4.9,1.2,17.2,6.0,8.7,10.9,4.5,19.2,14.8,15.4,76.9,22.4,10.95,13.55,34.599999999999994,71.15,40.9,5.0,0,0,0
17143,Peoria County,IL,0.6656,0.5444,0.6446,0.6923,0.7041,8.6,17.5,6.3,1.1,24.3,6.6,7.1,5.3,12.8,25.1,13.1,32.0,77.55,22.450000000000003,11.75,16.200000000000003,35.15,70.4,34.95,3.0,0,0,0
17145,Perry County,IL,0.6001,0.4677,0.545,0.4057,0.8263,7.1,7.9,3.9,0.1,26.0,6.1,15.5,3.2,6.0,17.5,21.5,14.0,76.4,22.700000000000003,12.2,18.2,34.7,70.4,40.900000000000006,6.0,0,0,0
17147,Piatt County,IL,0.0045,0.0745,0.042,0.0299,0.0086,2.4,0.9,3.9,0.2,12.4,4.7,6.1,1.5,3.6,18.0,12.3,4.4,77.4,22.4,9.65,10.15,34.55,72.85,35.0,4.0,0,0,0
17149,Pike County,IL,0.2771,0.2988,0.8091,0.0337,0.1581,4.2,0.7,5.9,0.3,23.6,4.7,9.0,1.5,0.9,18.4,17.4,4.5,76.95,24.0,11.850000000000001,15.799999999999999,35.55,69.85,40.650000000000006,6.0,0,0,0
17151,Pope County,IL,0.3277,0.391,0.2657,0.3086,0.4114,5.9,3.3,4.0,0.1,23.5,9.1,11.8,3.1,0.3,14.9,19.9,10.6,78.5,22.700000000000003,12.350000000000001,13.5,36.849999999999994,67.4,39.6,6.0,0,0,0
17153,Pulaski County,IL,0.6357,0.5256,0.7111,0.749,0.5428,8.6,31.4,6.9,0.4,36.8,4.2,11.9,1.9,1.5,19.5,24.6,37.2,78.4,22.6,16.45,26.5,35.8,66.75,45.650000000000006,6.0,0,0,0
17155,Putnam County,IL,0.0048,0.014,0.2269,0.2536,0.0032,3.4,0.3,3.1,0.2,11.5,3.2,6.4,6.3,0.3,13.9,16.3,9.1,77.44999999999999,22.05,10.5,11.5,35.4,72.65,36.1,5.0,0,0,0
17157,Randolph County,IL,0.4897,0.3077,0.6322,0.3939,0.6869,7.1,7.9,4.9,0.5,20.2,5.2,14.0,3.2,2.8,16.3,19.9,13.6,76.65,22.4,11.7,16.299999999999997,34.85,71.65,38.95,6.0,0,0,0
17159,Richland County,IL,0.413,0.189,0.8995,0.0881,0.5577,7.4,0.6,5.8,1.4,22.3,4.2,7.9,1.8,3.1,16.6,17.7,5.8,76.94999999999999,23.75,11.2,14.1,35.15,72.0,39.45,6.0,0,0,0
17161,Rock Island County,IL,0.7556,0.5816,0.8482,0.6701,0.7385,8.7,10.2,6.3,2.1,23.5,6.2,10.4,13.5,11.9,23.6,14.1,30.3,77.0,20.85,11.95,17.0,34.2,71.30000000000001,39.85,3.0,0,0,0
17163,St. Clair County,IL,0.532,0.4438,0.5902,0.7821,0.4505,7.3,28.1,5.4,0.5,20.7,5.7,7.8,4.5,5.4,25.3,15.0,39.9,79.25,21.25,12.149999999999999,16.950000000000003,34.05,76.1,38.7,2.0,0,0,0
17165,Saline County,IL,0.6557,0.5934,0.7372,0.2109,0.7506,9.2,2.5,5.6,0.2,27.8,5.9,11.8,1.8,5.0,22.0,23.8,8.0,77.15,24.05,12.05,16.05,35.45,66.2,40.2,6.0,0,0,0
17167,Sangamon County,IL,0.4041,0.2437,0.4531,0.546,0.5978,7.4,12.6,3.8,0.5,19.8,5.2,6.8,2.5,7.6,21.9,13.2,21.2,78.4,21.55,10.850000000000001,13.7,33.400000000000006,72.6,39.6,4.0,0,0,0
17169,Schuyler County,IL,0.4957,0.4674,0.7719,0.2323,0.4238,3.4,3.4,9.6,1.0,25.3,6.7,8.3,2.5,2.7,14.9,20.6,8.6,77.35,22.75,12.7,16.25,36.05,65.05,40.3,6.0,0,0,0
17171,Scott County,IL,0.0512,0.0652,0.4976,0.0264,0.0455,4.6,0.0,5.0,0.2,18.2,2.9,7.3,1.4,0.4,15.6,15.8,4.3,77.2,23.5,10.850000000000001,13.25,35.1,69.55,38.349999999999994,5.0,0,0,0
17173,Shelby County,IL,0.1069,0.0935,0.259,0.0099,0.2953,5.1,0.3,4.4,0.1,18.9,4.0,6.1,1.2,2.2,17.9,15.1,3.5,77.30000000000001,23.35,11.3,13.25,35.55,73.55000000000001,37.6,6.0,0,0,0
17175,Stark County,IL,0.0579,0.2059,0.2351,0.1457,0.014,4.4,1.1,5.7,0.6,19.2,3.3,9.1,2.3,0.1,20.6,14.7,6.9,77.0,23.15,11.2,13.5,35.3,70.75,38.25,3.0,0,0,0
17177,Stephenson County,IL,0.5218,0.4668,0.6621,0.5119,0.4537,8.6,8.7,6.1,0.5,23.3,5.3,8.2,4.6,5.4,23.9,16.4,19.0,78.2,23.35,12.15,15.7,35.5,73.80000000000001,40.8,5.0,0,0,0
17179,Tazewell County,IL,0.1085,0.1075,0.1311,0.1572,0.3204,5.8,1.2,4.9,0.3,16.0,3.9,6.3,2.6,6.0,19.9,12.4,7.1,77.35,23.6,10.149999999999999,11.95,33.95,71.65,36.25,3.0,0,0,0
17181,Union County,IL,0.602,0.6631,0.4378,0.265,0.7063,9.9,1.5,6.4,0.4,27.1,6.3,12.0,5.3,2.5,22.9,20.2,9.4,77.0,23.6,12.5,17.2,35.65,71.6,39.8,6.0,0,0,0
17183,Vermilion County,IL,0.6806,0.5116,0.8231,0.5679,0.6904,8.9,14.5,5.0,0.6,27.4,6.7,9.4,5.4,5.8,21.1,14.5,22.6,78.25,23.45,13.05,19.4,36.3,70.5,43.95,5.0,0,0,0
17185,Wabash County,IL,0.4209,0.2294,0.7712,0.1928,0.6045,10.5,1.0,5.6,0.5,24.7,4.4,7.0,3.0,4.4,18.3,20.6,7.7,77.0,23.65,11.850000000000001,14.95,35.1,71.3,40.0,6.0,0,0,0
17187,Warren County,IL,0.5441,0.4661,0.7143,0.4973,0.4948,5.6,3.8,6.0,3.0,23.2,7.3,12.5,10.3,4.4,16.5,13.8,18.1,76.4,22.85,11.3,15.3,34.400000000000006,73.9,37.45,6.0,0,0,0
17189,Washington County,IL,0.0347,0.0885,0.1168,0.0379,0.0585,3.1,0.5,3.2,0.2,14.8,4.7,7.5,1.5,0.1,17.0,13.8,4.6,77.25,22.95,10.35,11.75,34.85,73.85,36.75,6.0,0,0,0
17191,Wayne County,IL,0.4843,0.4811,0.6468,0.0229,0.5772,8.0,0.7,11.6,0.2,25.7,3.6,10.7,1.7,3.5,19.4,17.9,4.2,76.94999999999999,24.15,12.05,15.7,35.85,68.55,39.95,6.0,0,0,0
17193,White County,IL,0.3999,0.4209,0.6577,0.0191,0.4193,7.3,0.8,7.2,0.0,26.9,3.5,11.5,1.5,2.2,20.1,20.3,4.0,77.15,24.5,12.8,17.35,35.75,70.6,39.25,6.0,0,0,0
17195,Whiteside County,IL,0.3236,0.2669,0.7652,0.4814,0.1661,5.2,1.1,5.5,1.0,19.3,4.4,9.2,12.7,4.1,20.9,14.4,17.4,76.75,22.2,11.6,14.7,35.55,71.0,36.3,5.0,0,0,0
17197,Will County,IL,0.244,0.2062,0.3904,0.7706,0.1559,3.5,11.3,5.5,3.1,11.4,5.0,8.4,18.6,5.9,20.7,9.5,39.1,76.8,19.049999999999997,10.1,13.3,32.15,68.55,37.85,2.0,0,0,0
17199,Williamson County,IL,0.3948,0.3038,0.6192,0.3388,0.4553,7.1,3.3,5.6,0.5,22.2,4.4,7.3,2.9,3.1,22.4,18.3,11.5,77.0,23.45,11.2,14.1,34.05,70.5,40.0,5.0,0,0,0
17201,Winnebago County,IL,0.7728,0.7502,0.8591,0.7127,0.5227,8.7,13.0,6.4,2.0,26.0,7.5,11.5,14.1,7.8,26.8,14.4,33.9,77.80000000000001,22.95,12.8,18.95,35.55,70.9,42.1,3.0,0,0,0
17203,Woodford County,IL,0.0175,0.0515,0.0795,0.0675,0.057,3.4,0.6,4.6,0.1,13.6,3.3,5.8,1.9,1.8,18.9,10.4,5.4,77.4,22.6,9.6,10.2,34.25,75.2,37.3,3.0,0,0,0
18001,Adams County,IN,0.5355,0.6411,0.2055,0.1654,0.7569,14.0,0.6,20.9,1.0,28.5,3.2,13.3,4.7,5.1,19.8,11.3,7.2,78.5,27.45,13.1,17.4,35.7,72.19999999999999,41.900000000000006,5.0,0,0,0
18003,Allen County,IN,0.5374,0.4426,0.699,0.6468,0.4435,6.0,11.1,7.9,2.1,21.3,4.8,9.9,8.0,9.5,21.4,12.3,28.3,78.8,26.3,12.350000000000001,15.100000000000001,33.55,74.0,39.45,3.0,0,0,0
18005,Bartholomew County,IN,0.287,0.167,0.5492,0.5415,0.3484,5.5,1.6,5.8,1.2,19.6,3.6,8.2,7.9,9.4,18.6,14.3,20.8,79.8,25.15,11.7,13.35,36.15,75.69999999999999,38.9,4.0,0,0,0
18007,Benton County,IN,0.3369,0.3738,0.9074,0.2587,0.0678,3.4,1.2,6.2,0.9,27.1,3.7,11.4,5.9,1.2,19.4,18.2,9.2,78.30000000000001,27.05,13.05,16.200000000000003,36.8,73.75,42.4,4.0,0,0,0
18009,Blackford County,IN,0.4801,0.6748,0.5972,0.0675,0.2975,9.7,1.0,7.1,0.0,30.3,5.5,9.6,1.2,3.6,25.0,21.3,5.4,78.3,27.4,14.549999999999999,18.25,38.4,72.6,44.25,6.0,0,0,0
18011,Boone County,IN,0.0331,0.0251,0.2526,0.3446,0.0366,2.1,2.2,4.5,0.7,10.3,3.1,5.0,3.5,7.6,17.7,9.6,11.7,79.94999999999999,21.8,9.9,9.0,34.8,80.5,32.65,2.0,0,0,0
18013,Brown County,IN,0.1712,0.2055,0.3261,0.0544,0.2542,3.5,0.6,7.6,0.5,16.5,3.9,7.1,2.1,4.2,20.5,16.3,5.1,80.05000000000001,25.25,12.5,11.4,37.85,78.45,35.85,2.0,0,0,0
18015,Carroll County,IN,0.0821,0.2097,0.2084,0.1753,0.0458,3.9,0.7,11.0,0.4,17.1,3.1,9.7,4.7,1.8,14.6,15.1,7.4,79.2,25.75,12.4,13.75,37.05,75.80000000000001,41.5,4.0,0,0,0
18017,Cass County,IN,0.5587,0.4528,0.8479,0.5797,0.3961,5.5,1.3,7.5,3.0,25.4,4.2,14.3,16.8,2.3,18.2,15.2,23.3,77.55,25.3,14.0,18.25,37.2,72.7,47.349999999999994,5.0,0,0,0
18019,Clark County,IN,0.3093,0.2654,0.4171,0.504,0.3411,4.6,6.9,6.4,1.2,17.6,3.7,9.5,5.9,8.1,22.0,14.5,18.6,79.4,26.2,11.7,14.05,34.8,78.15,43.7,2.0,0,0,0
18021,Clay County,IN,0.1718,0.1444,0.4496,0.0675,0.2873,3.3,0.4,4.8,0.1,19.2,4.3,8.6,1.8,2.0,16.4,17.0,5.4,79.15,27.15,12.85,14.45,38.05,75.8,43.099999999999994,4.0,0,0,0
18023,Clinton County,IN,0.3443,0.335,0.587,0.5202,0.2094,4.8,0.7,8.2,3.3,19.3,3.4,13.0,17.0,3.8,19.5,11.3,19.4,78.15,24.950000000000003,12.55,16.5,37.6,73.05,40.3,5.0,0,0,0
18025,Crawford County,IN,0.3124,0.5899,0.1247,0.0407,0.3449,5.3,0.8,6.9,0.1,33.2,3.6,14.3,0.8,0.9,22.2,18.3,4.7,78.6,28.0,15.65,20.65,39.25,70.75,43.3,6.0,0,0,0
18027,Daviess County,IN,0.6239,0.5304,0.4136,0.328,0.9077,13.6,1.6,23.6,1.8,20.9,1.9,23.0,5.7,4.9,18.1,14.0,11.2,77.1,27.6,12.9,18.049999999999997,37.1,71.45,41.55,5.0,0,0,0
18029,Dearborn County,IN,0.0312,0.0662,0.1241,0.0337,0.071,4.3,0.5,5.0,0.2,14.3,2.1,8.9,1.5,5.2,17.8,13.9,4.5,79.15,25.75,11.15,11.15,36.35,72.75,35.599999999999994,2.0,0,0,0
18031,Decatur County,IN,0.0159,0.0725,0.0229,0.1094,0.0659,2.8,0.2,4.0,0.0,16.5,3.1,8.8,2.3,4.6,16.7,12.3,6.2,77.9,26.5,11.4,12.8,36.099999999999994,74.8,37.55,5.0,0,0,0
18033,DeKalb County,IN,0.1384,0.1667,0.2138,0.0821,0.2934,5.0,0.2,6.6,0.2,16.5,4.3,8.6,3.1,3.8,16.8,13.1,5.7,78.45,26.95,11.8,13.05,36.0,71.55000000000001,43.6,5.0,0,0,0
18035,Delaware County,IN,0.6309,0.7226,0.2116,0.413,0.7903,7.7,6.2,7.3,0.2,31.4,6.1,9.3,2.7,8.0,25.4,18.2,14.3,78.75,29.450000000000003,13.2,16.85,36.5,71.7,37.75,4.0,0,0,0
18037,Dubois County,IN,0.1619,0.0697,0.461,0.335,0.3067,4.9,0.9,4.5,1.6,15.4,1.9,10.1,8.7,5.3,17.0,10.9,11.4,78.75,23.95,11.95,12.8,37.2,76.1,39.95,5.0,0,0,0
18039,Elkhart County,IN,0.8132,0.7245,0.7852,0.6287,0.819,8.4,4.8,14.9,2.2,22.1,3.8,17.8,17.3,8.1,23.8,12.6,26.8,78.6,25.45,12.899999999999999,17.9,36.25,74.95,43.95,4.0,0,0,0
18041,Fayette County,IN,0.6293,0.7022,0.8454,0.1037,0.4703,7.7,1.1,7.5,0.4,28.6,4.5,14.8,1.5,4.4,24.5,22.2,6.1,78.65,27.85,13.850000000000001,17.3,38.2,72.45,44.849999999999994,5.0,0,0,0
18043,Floyd County,IN,0.1915,0.1333,0.412,0.3888,0.2641,5.7,5.0,5.3,0.6,15.3,3.9,7.6,3.7,7.9,19.8,13.8,13.4,79.35,25.65,11.55,12.65,37.05,76.65,37.5,2.0,0,0,0
18045,Fountain County,IN,0.2924,0.4629,0.7318,0.0821,0.0795,4.6,0.3,8.2,0.4,19.9,5.2,11.1,2.8,0.8,20.7,17.8,5.7,78.55,26.75,12.649999999999999,14.649999999999999,37.75,68.1,42.5,6.0,0,0,0
18047,Franklin County,IN,0.1199,0.0872,0.2335,0.015,0.3996,7.1,0.1,5.9,0.9,15.3,2.1,10.5,1.3,2.1,14.6,13.6,3.8,79.15,26.05,12.2,12.65,36.9,77.80000000000001,40.65,2.0,0,0,0
18049,Fulton County,IN,0.5415,0.6577,0.6293,0.2854,0.3802,6.0,1.2,10.9,0.7,22.6,7.2,12.7,5.5,2.3,19.3,16.0,9.9,78.6,26.25,13.05,15.350000000000001,36.8,76.5,41.7,6.0,0,0,0
18051,Gibson County,IN,0.2342,0.0986,0.3548,0.2536,0.616,3.9,1.8,4.8,0.5,17.8,2.8,9.4,2.0,4.9,17.4,15.7,9.1,79.0,27.05,11.9,13.899999999999999,35.85,75.85,39.4,6.0,0,0,0
18053,Grant County,IN,0.7649,0.6965,0.6666,0.4537,0.8683,7.9,6.7,7.1,0.4,27.6,7.3,11.4,4.7,4.8,22.2,19.7,16.0,79.95,28.2,14.1,17.55,36.900000000000006,74.05,41.650000000000006,5.0,0,0,0
18055,Greene County,IN,0.5275,0.6491,0.5514,0.0299,0.5332,6.1,0.6,7.6,0.5,24.8,6.7,11.7,1.9,1.0,21.8,20.2,4.4,78.25,27.0,13.149999999999999,15.45,39.5,74.2,40.55,6.0,0,0,0
18057,Hamilton County,IN,0.0302,0.0064,0.2682,0.5081,0.034,2.2,4.0,4.2,1.3,7.4,2.7,2.8,4.5,9.4,16.7,7.9,18.8,80.35,22.7,9.1,7.5,35.05,77.55000000000001,32.2,2.0,0,0,0
18059,Hancock County,IN,0.0185,0.0598,0.1085,0.2781,0.0178,3.0,2.7,5.7,0.5,10.3,2.7,6.7,2.9,3.9,18.9,12.6,9.7,78.0,24.799999999999997,10.4,9.95,33.45,76.7,39.7,2.0,0,0,0
18061,Harrison County,IN,0.1009,0.1117,0.09,0.0544,0.3815,4.8,0.7,5.7,0.2,15.1,3.8,9.8,2.1,3.4,12.8,16.1,5.1,78.65,25.450000000000003,11.5,12.05,36.7,76.44999999999999,42.45,2.0,0,0,0
18063,Hendricks County,IN,0.0904,0.0334,0.2819,0.5148,0.168,2.7,8.0,5.7,1.2,9.4,2.4,6.5,4.5,7.0,17.2,9.5,19.1,78.55000000000001,21.55,10.5,10.45,35.95,78.05,36.2,2.0,0,0,0
18065,Henry County,IN,0.3045,0.3414,0.3121,0.1696,0.4521,4.4,2.4,6.5,0.2,21.9,4.5,8.9,2.1,3.5,20.9,19.6,7.3,78.1,27.3,12.35,14.75,37.55,73.8,43.650000000000006,5.0,0,0,0
18067,Howard County,IN,0.4505,0.4193,0.7238,0.4604,0.28,6.6,7.7,6.7,0.3,21.7,5.8,8.7,3.8,7.4,20.8,17.3,16.4,78.7,25.9,13.100000000000001,15.1,35.849999999999994,74.5,36.65,4.0,0,0,0
18069,Huntington County,IN,0.1362,0.1766,0.2052,0.1152,0.2428,3.2,0.9,6.5,0.7,21.0,3.4,7.4,2.8,3.7,18.8,14.4,6.3,79.35,26.3,12.2,13.55,34.95,73.19999999999999,39.95,5.0,0,0,0
18071,Jackson County,IN,0.4556,0.3134,0.5956,0.4057,0.5972,5.8,1.1,8.6,2.7,21.6,2.7,10.0,8.2,5.2,20.4,14.8,14.0,77.9,25.85,12.6,15.25,35.8,74.95,39.5,5.0,0,0,0
18073,Jasper County,IN,0.1005,0.0939,0.4489,0.342,0.0659,2.9,1.0,5.0,0.6,14.7,4.1,7.1,6.5,3.0,18.3,15.6,11.6,77.15,25.35,11.5,12.35,36.650000000000006,74.75,40.1,2.0,0,0,0
18075,Jay County,IN,0.4626,0.5762,0.5749,0.0881,0.3964,9.7,0.3,10.0,0.4,25.5,4.4,12.5,3.4,2.3,20.9,17.5,5.8,78.0,27.1,13.6,17.15,38.3,72.1,43.6,6.0,0,0,0
18077,Jefferson County,IN,0.5832,0.4633,0.531,0.2062,0.8848,5.3,2.1,7.7,0.4,21.4,3.4,12.1,3.1,4.6,23.9,19.2,7.9,79.4,26.95,12.3,14.2,36.849999999999994,75.69999999999999,36.7,5.0,0,0,0
18079,Jennings County,IN,0.3573,0.4645,0.497,0.0932,0.308,3.8,0.8,9.9,0.4,21.3,5.0,11.2,2.9,0.5,18.8,19.1,5.9,78.75,27.45,13.100000000000001,15.399999999999999,36.9,72.0,41.0,6.0,0,0,0
18081,Johnson County,IN,0.1117,0.1451,0.1645,0.3977,0.1387,3.1,2.5,6.1,0.8,13.5,3.4,7.4,3.8,8.0,21.3,10.9,13.8,80.25,25.55,11.3,11.55,35.150000000000006,77.6,38.7,2.0,0,0,0
18083,Knox County,IN,0.497,0.2953,0.7938,0.265,0.6561,7.0,2.3,7.8,1.4,21.8,3.2,10.9,2.6,5.7,18.9,17.4,9.4,78.80000000000001,26.15,12.3,14.8,36.95,78.0,37.25,5.0,0,0,0
18085,Kosciusko County,IN,0.3926,0.314,0.5797,0.3917,0.4311,5.0,0.7,10.5,1.4,17.0,3.3,12.2,8.4,3.8,18.6,13.6,13.5,77.69999999999999,25.65,11.95,13.85,36.900000000000006,77.2,38.8,5.0,0,0,0
18087,LaGrange County,IN,0.3961,0.4251,0.4782,0.1152,0.4862,27.3,0.2,45.1,3.3,11.3,3.2,39.4,4.3,0.9,13.4,10.9,6.3,75.5,27.5,11.75,16.9,36.2,74.15,39.8,6.0,0,0,0
18089,Lake County,IN,0.7031,0.6258,0.7824,0.8549,0.4731,7.6,23.0,6.8,1.8,23.0,6.7,9.8,20.2,8.6,25.2,13.3,47.4,78.6,20.65,14.0,19.95,32.85,77.15,39.9,2.0,0,0,0
18091,LaPorte County,IN,0.5046,0.4295,0.4155,0.5667,0.615,5.3,10.5,6.4,0.5,22.9,5.0,10.1,7.2,5.9,21.1,14.3,22.5,78.65,24.9,13.75,16.45,36.3,74.6,37.05,4.0,0,0,0
18093,Lawrence County,IN,0.2981,0.2529,0.3866,0.0757,0.574,5.9,0.3,7.1,0.2,19.9,3.3,10.9,1.8,3.8,18.7,18.1,5.6,78.80000000000001,25.450000000000003,12.45,13.1,36.65,72.75,41.9,5.0,0,0,0
18095,Madison County,IN,0.5985,0.5619,0.6643,0.4636,0.5689,6.6,7.9,7.8,0.4,23.0,5.5,10.1,4.6,3.8,23.0,19.7,16.6,79.15,27.25,12.9,16.200000000000003,37.099999999999994,75.1,36.349999999999994,2.0,0,0,0
18097,Marion County,IN,0.826,0.8132,0.7814,0.8565,0.6287,8.2,27.9,9.5,3.2,25.9,5.5,12.7,11.1,14.0,30.7,13.5,47.5,79.05,25.4,12.9,18.65,34.75,80.8,38.349999999999994,1.0,0,0,0
18099,Marshall County,IN,0.4493,0.4648,0.4617,0.3939,0.4473,6.1,0.8,13.3,1.7,20.9,3.0,14.2,10.7,3.7,19.4,12.5,13.6,77.3,26.4,12.75,15.5,38.05,70.55,43.3,5.0,0,0,0
18101,Martin County,IN,0.1613,0.1909,0.1228,0.0675,0.4365,3.7,0.2,7.5,0.0,20.2,1.9,11.2,1.3,1.4,16.5,16.6,5.4,78.6,26.5,13.05,14.6,37.85,74.3,39.1,6.0,0,0,0
18103,Miami County,IN,0.3904,0.5021,0.2479,0.3748,0.4038,5.6,4.2,9.3,0.3,23.6,4.5,13.2,3.7,1.9,19.2,15.7,12.8,78.55,26.450000000000003,13.55,16.85,37.5,76.45,44.25,5.0,0,0,0
18105,Monroe County,IN,0.4302,0.5619,0.0076,0.4779,0.8877,7.5,3.6,5.8,0.8,27.2,5.8,5.3,3.8,17.8,32.1,11.1,17.3,78.55,26.9,10.45,12.95,34.95,76.94999999999999,34.1,4.0,0,0,0
18107,Montgomery County,IN,0.455,0.3948,0.6475,0.2816,0.4846,5.8,0.7,8.2,1.0,22.5,4.0,10.8,5.2,4.4,20.1,15.8,9.8,79.15,26.55,12.35,15.05,36.45,73.9,39.35,5.0,0,0,0
18109,Morgan County,IN,0.0538,0.1521,0.1712,0.0675,0.0566,3.0,0.5,5.3,0.2,14.5,4.0,10.5,1.8,2.6,17.9,14.9,5.4,77.9,25.95,12.15,12.55,35.55,75.94999999999999,37.55,2.0,0,0,0
18111,Newton County,IN,0.3229,0.566,0.7331,0.3388,0.0226,3.1,1.1,6.0,0.8,19.1,9.6,13.0,7.4,0.7,21.8,17.8,11.5,77.85,25.450000000000003,12.9,15.600000000000001,36.6,70.9,43.4,2.0,0,0,0
18113,Noble County,IN,0.5418,0.3828,0.5883,0.4085,0.7502,9.3,0.4,11.4,2.1,16.4,3.4,16.8,10.7,4.8,18.0,13.9,14.1,78.0,24.9,12.149999999999999,14.95,36.0,71.19999999999999,39.55,5.0,0,0,0
18115,Ohio County,IN,0.1734,0.0869,0.4031,0.0579,0.4785,4.9,0.3,6.7,0.0,16.1,1.8,7.3,0.0,5.0,18.4,17.2,5.2,79.6,26.05,12.4,12.350000000000001,37.900000000000006,75.0,39.35,2.0,0,0,0
18117,Orange County,IN,0.5791,0.4601,0.8384,0.1339,0.692,6.0,1.6,7.7,0.2,24.4,3.0,14.7,1.8,2.9,21.0,19.8,6.7,78.85,27.65,13.1,15.7,38.65,74.65,39.6,6.0,0,0,0
18119,Owen County,IN,0.238,0.574,0.188,0.0299,0.1241,2.8,0.5,9.6,0.1,23.6,5.2,13.6,1.3,0.9,19.5,19.8,4.4,78.75,27.35,12.8,14.850000000000001,37.9,73.35,41.45,4.0,0,0,0
18121,Parke County,IN,0.6424,0.7038,0.2307,0.0757,0.9472,8.2,1.9,15.0,0.4,26.2,5.6,14.7,1.0,2.1,17.1,15.7,5.6,78.9,28.0,13.8,18.15,38.05,72.25,42.349999999999994,6.0,0,0,0
18123,Perry County,IN,0.3182,0.2084,0.0426,0.1457,0.9682,5.9,3.2,5.3,0.1,18.1,5.1,8.8,1.5,7.5,17.8,14.9,6.9,78.05000000000001,25.65,12.25,13.8,36.75,75.35,37.55,6.0,0,0,0
18125,Pike County,IN,0.0465,0.1056,0.0436,0.0264,0.1944,3.5,0.6,3.7,0.0,19.7,3.6,9.6,2.3,1.9,14.0,14.7,4.3,78.69999999999999,26.2,12.85,14.45,37.599999999999994,75.30000000000001,37.8,6.0,0,0,0
18127,Porter County,IN,0.1374,0.1473,0.1152,0.5148,0.2218,3.7,4.0,5.3,0.6,15.0,4.2,6.1,10.8,5.7,21.5,11.4,19.1,78.8,24.0,11.55,12.65,36.55,78.55,39.849999999999994,2.0,0,0,0
18129,Posey County,IN,0.0092,0.0331,0.0439,0.0525,0.0547,4.1,1.0,3.8,0.0,15.0,2.8,6.3,1.3,2.8,18.0,12.1,5.0,79.65,25.6,11.45,11.25,35.8,76.4,40.2,3.0,0,0,0
18131,Pulaski County,IN,0.3866,0.4257,0.5711,0.1753,0.3573,7.0,0.2,7.7,0.2,21.9,3.8,11.9,3.4,2.5,21.4,17.6,7.4,78.55000000000001,26.3,12.95,14.850000000000001,37.0,73.85,38.7,6.0,0,0,0
18133,Putnam County,IN,0.1502,0.1129,0.0554,0.2364,0.6134,3.9,2.7,4.6,0.5,17.1,2.8,9.1,2.1,3.1,19.3,14.4,8.7,78.1,26.15,11.75,13.35,36.15,75.0,38.75,5.0,0,0,0
18135,Randolph County,IN,0.5113,0.4321,0.881,0.2164,0.4101,5.5,0.2,7.6,0.5,22.9,5.6,10.1,4.0,2.6,18.3,20.6,8.1,78.2,26.5,12.95,15.55,37.7,73.75,38.7,6.0,0,0,0
18137,Ripley County,IN,0.2062,0.2017,0.1654,0.0544,0.5447,4.8,0.3,7.5,0.1,14.9,3.3,9.4,1.8,4.8,20.1,13.7,5.1,78.85,25.5,11.35,12.600000000000001,36.4,75.2,36.150000000000006,6.0,0,0,0
18139,Rush County,IN,0.2125,0.5791,0.1604,0.0525,0.0843,4.2,0.6,7.6,0.3,24.9,6.3,10.6,1.8,4.4,20.8,16.8,5.0,79.05,27.25,12.9,15.2,37.7,70.3,39.05,6.0,0,0,0
18141,St. Joseph County,IN,0.6134,0.5167,0.5358,0.6567,0.6882,6.8,12.6,7.4,1.1,23.3,4.8,9.1,9.5,10.5,24.6,13.4,29.4,79.45,27.45,12.3,15.7,35.8,72.35,35.65,3.0,0,0,0
18143,Scott County,IN,0.5807,0.6723,0.5052,0.0983,0.6662,4.4,0.2,5.4,0.1,26.6,4.8,18.1,2.5,3.9,25.1,22.8,6.0,77.95,27.75,12.95,16.6,37.6,69.3,42.05,6.0,0,0,0
18145,Shelby County,IN,0.2832,0.2641,0.3427,0.2364,0.4528,5.4,1.4,5.9,1.0,19.7,3.3,10.9,4.9,5.3,20.9,14.8,8.7,78.85,27.45,12.600000000000001,14.05,37.25,74.55,41.1,2.0,0,0,0
18147,Spencer County,IN,0.0369,0.0665,0.1063,0.1037,0.097,3.8,0.7,3.7,0.3,17.2,3.3,7.5,3.2,2.0,17.4,13.4,6.1,79.3,26.55,11.9,11.75,37.45,77.30000000000001,39.7,6.0,0,0,0
18149,Starke County,IN,0.2829,0.4658,0.4413,0.2109,0.1355,5.4,0.2,6.2,0.4,25.0,4.0,14.9,4.4,2.2,20.6,18.5,8.0,77.8,27.15,13.4,16.5,37.55,72.05,42.25,6.0,0,0,0
18151,Steuben County,IN,0.1651,0.2297,0.0538,0.1753,0.4582,5.1,0.3,5.8,0.3,16.8,7.1,7.3,4.0,2.8,16.6,14.0,7.4,78.8,26.2,12.05,12.5,37.7,74.35,35.099999999999994,5.0,0,0,0
18153,Sullivan County,IN,0.574,0.4992,0.5476,0.2536,0.7887,4.7,3.6,8.9,0.5,27.0,5.0,11.1,1.8,3.0,17.7,17.6,9.1,78.15,25.65,13.05,16.950000000000003,37.65,72.2,43.5,4.0,0,0,0
18155,Switzerland County,IN,0.5886,0.6379,0.7432,0.0757,0.5514,6.9,0.3,13.1,0.5,24.3,4.4,16.9,2.1,2.3,19.3,20.9,5.6,78.15,27.6,13.3,16.45,37.45,73.94999999999999,40.15,6.0,0,0,0
18157,Tippecanoe County,IN,0.5087,0.5107,0.0477,0.6211,0.8594,8.6,5.9,6.1,1.6,28.3,3.6,8.0,8.9,17.8,31.9,9.4,26.1,78.15,24.05,10.8,14.75,35.3,76.35,29.35,4.0,0,0,0
18159,Tipton County,IN,0.0382,0.1849,0.0617,0.0821,0.0325,1.2,0.5,8.5,0.0,17.8,3.8,9.2,3.1,0.7,13.1,13.6,5.7,79.30000000000001,25.85,11.95,12.149999999999999,37.099999999999994,74.95,36.5,2.0,0,0,0
18161,Union County,IN,0.0897,0.3169,0.1903,0.0757,0.0267,4.1,0.4,7.2,0.2,16.0,5.1,11.2,2.3,1.1,18.8,14.4,5.6,79.15,26.2,11.55,11.6,37.0,73.55,37.5,6.0,0,0,0
18163,Vanderburgh County,IN,0.5612,0.5415,0.4518,0.4948,0.636,8.0,9.7,7.6,0.5,23.2,4.7,8.8,3.0,10.9,26.7,15.4,18.0,81.2,27.5,12.0,15.15,35.95,74.9,38.400000000000006,3.0,0,0,0
18165,Vermillion County,IN,0.391,0.3777,0.7626,0.0264,0.3598,4.0,0.4,4.8,0.3,25.1,7.5,7.5,1.6,2.1,19.1,18.6,4.3,79.3,26.950000000000003,12.9,14.8,37.25,72.9,40.5,4.0,0,0,0
18167,Vigo County,IN,0.7286,0.776,0.3185,0.434,0.8711,7.1,6.9,7.9,0.5,30.2,6.1,9.5,2.8,7.6,29.0,16.6,15.2,78.80000000000001,26.7,13.25,17.15,36.900000000000006,74.8,41.8,4.0,0,0,0
18169,Wabash County,IN,0.147,0.1775,0.1947,0.1276,0.2905,4.4,1.0,6.9,0.0,20.8,3.5,8.6,2.8,2.6,16.3,15.2,6.6,79.05,25.4,12.3,13.8,36.5,70.65,38.25,5.0,0,0,0
18171,Warren County,IN,0.0315,0.0646,0.1849,0.0544,0.0477,2.9,0.1,5.2,0.1,17.1,3.1,7.4,2.2,0.6,15.0,18.0,5.1,78.75,26.450000000000003,12.5,13.3,37.7,75.8,41.5,4.0,0,0,0
18173,Warrick County,IN,0.0194,0.0099,0.2084,0.2587,0.0465,1.9,2.1,3.4,0.5,10.3,3.3,5.1,2.1,4.0,15.2,12.1,9.2,79.9,25.35,10.55,9.25,37.05,78.05000000000001,33.9,3.0,0,0,0
18175,Washington County,IN,0.3382,0.4594,0.4696,0.0229,0.3268,6.1,0.2,8.8,0.1,24.7,4.2,12.5,1.4,1.3,18.6,16.5,4.2,78.6,28.0,13.3,16.0,37.8,71.44999999999999,41.25,2.0,0,0,0
18177,Wayne County,IN,0.7515,0.7035,0.9084,0.377,0.63,8.1,3.9,10.3,1.1,26.4,4.5,12.0,3.3,6.1,24.8,18.0,12.9,78.9,27.75,13.399999999999999,17.15,36.7,73.1,38.05,5.0,0,0,0
18179,Wells County,IN,0.0531,0.064,0.293,0.1457,0.0878,3.2,1.1,6.2,0.6,14.9,2.4,6.7,3.3,2.2,17.7,12.5,6.9,78.3,26.299999999999997,11.55,12.75,35.75,73.45,41.9,3.0,0,0,0
18181,White County,IN,0.2221,0.2851,0.6058,0.3484,0.0773,2.5,0.5,8.2,1.7,16.2,4.4,9.7,9.1,2.8,19.7,14.7,11.8,79.19999999999999,26.05,13.0,14.2,37.8,77.19999999999999,44.650000000000006,5.0,0,0,0
18183,Whitley County,IN,0.0735,0.1588,0.2014,0.1339,0.0732,3.7,0.3,8.0,0.1,15.0,4.0,8.2,2.4,3.9,16.5,13.7,6.7,78.85,25.200000000000003,11.399999999999999,12.15,35.9,73.9,39.55,3.0,0,0,0
19001,Adair County,IA,0.0554,0.1133,0.1861,0.0881,0.0872,4.5,0.6,4.9,0.0,21.3,3.9,4.3,2.6,2.6,18.5,14.6,5.8,76.35,21.049999999999997,11.5,12.75,34.25,74.44999999999999,40.0,6.0,0,0,0
19003,Adams County,IA,0.091,0.1257,0.3484,0.0821,0.1098,4.4,0.3,4.9,0.1,17.3,4.2,6.0,2.0,1.0,19.8,14.7,5.7,77.75,21.15,11.35,11.6,35.349999999999994,77.5,39.150000000000006,6.0,0,0,0
19005,Allamakee County,IA,0.2164,0.1505,0.5982,0.3166,0.2269,4.0,1.7,6.4,3.3,19.6,3.2,8.3,7.5,2.7,17.6,11.7,10.9,75.6,20.9,11.45,13.0,34.25,78.05,42.4,6.0,0,0,0
19007,Appanoose County,IA,0.4547,0.6634,0.3783,0.1094,0.3738,6.5,0.4,8.0,0.2,30.2,6.1,8.1,2.4,5.9,23.6,17.7,6.2,77.30000000000001,22.8,13.45,16.5,35.599999999999994,73.45,43.45,6.0,0,0,0
19009,Audubon County,IA,0.0611,0.0846,0.3843,0.0579,0.0706,7.1,0.3,4.1,0.2,20.4,0.7,9.5,2.2,0.4,16.4,13.6,5.2,77.05000000000001,20.85,11.7,12.7,34.35,74.1,37.7,6.0,0,0,0
19011,Benton County,IA,0.007,0.0092,0.125,0.0474,0.0283,3.2,0.4,2.7,0.3,13.9,2.3,5.6,1.7,2.5,16.5,11.7,4.9,77.25,20.65,9.85,10.15,33.95,81.95,40.7,3.0,0,0,0
19013,Black Hawk County,IA,0.5667,0.4308,0.441,0.5383,0.7992,7.3,9.6,4.2,1.8,24.2,5.2,7.1,4.7,12.4,26.9,13.8,20.6,78.25,21.450000000000003,11.2,13.15,35.05,78.5,41.2,4.0,0,0,0
19015,Boone County,IA,0.0255,0.0204,0.0321,0.1152,0.252,5.3,1.3,4.5,0.1,14.2,1.3,4.8,2.8,7.9,18.3,11.9,6.3,76.85,20.75,10.05,10.05,34.1,80.4,43.15,4.0,0,0,0
19017,Bremer County,IA,0.021,0.0045,0.0894,0.1225,0.1766,2.0,1.2,2.1,0.4,12.7,3.2,3.9,1.9,5.0,14.5,11.1,6.5,76.6,20.0,9.15,9.45,31.45,80.65,38.1,4.0,0,0,0
19019,Buchanan County,IA,0.0655,0.077,0.2549,0.0407,0.1537,6.2,0.8,6.4,0.2,14.2,3.0,6.4,1.9,2.2,18.5,12.5,4.7,76.35,20.75,10.0,10.7,32.8,78.69999999999999,37.5,6.0,0,0,0
19021,Buena Vista County,IA,0.6258,0.4123,0.6055,0.8263,0.7366,4.3,2.9,6.0,10.6,21.0,5.0,20.7,26.9,8.9,15.8,9.4,44.5,76.2,18.15,12.35,18.55,34.400000000000006,78.25,38.5,5.0,0,0,0
19023,Butler County,IA,0.0325,0.0827,0.1747,0.0407,0.0375,3.4,0.5,3.8,0.2,19.0,3.9,6.5,1.6,2.4,17.1,11.1,4.7,77.35,21.15,11.05,11.850000000000001,34.900000000000006,79.05000000000001,39.3,6.0,0,0,0
19025,Calhoun County,IA,0.092,0.036,0.3398,0.1696,0.2593,3.1,1.2,3.7,0.2,19.4,2.7,6.1,2.2,3.3,14.9,14.2,7.3,76.7,20.4,10.95,11.850000000000001,34.150000000000006,75.9,40.05,6.0,0,0,0
19027,Carroll County,IA,0.0815,0.0344,0.2736,0.1409,0.2819,6.5,1.0,3.2,0.1,16.7,1.9,5.3,3.0,7.9,19.5,11.9,6.8,77.3,20.5,10.65,11.6,33.8,79.55,39.85,5.0,0,0,0
19029,Cass County,IA,0.2144,0.2609,0.3738,0.0881,0.2704,6.3,0.7,4.2,0.2,23.8,1.4,8.8,3.1,5.1,25.0,14.9,5.8,77.4,21.950000000000003,12.2,13.8,34.849999999999994,79.15,40.85,6.0,0,0,0
19031,Cedar County,IA,0.0089,0.0146,0.0694,0.0675,0.0496,3.3,0.5,3.4,0.3,13.5,3.0,4.4,2.4,2.4,16.8,11.4,5.4,76.9,21.4,10.55,10.8,33.0,80.75,40.65,6.0,0,0,0
19033,Cerro Gordo County,IA,0.1343,0.0738,0.14,0.314,0.4531,5.8,1.5,4.1,0.3,18.7,3.0,6.3,5.4,8.1,18.9,13.9,10.8,76.5,22.1,11.0,11.8,33.65,78.2,40.3,5.0,0,0,0
19035,Cherokee County,IA,0.1546,0.1002,0.2103,0.265,0.4318,7.6,1.4,5.4,0.0,21.9,3.2,6.8,4.6,6.3,14.7,11.2,9.4,77.2,21.15,11.95,13.5,36.099999999999994,77.15,40.8,6.0,0,0,0
19037,Chickasaw County,IA,0.0433,0.0582,0.3961,0.0544,0.0436,3.3,0.8,7.4,0.5,13.8,2.1,6.4,3.0,2.2,16.1,14.9,5.1,75.55000000000001,19.8,11.05,11.75,33.0,79.75,39.5,6.0,0,0,0
19039,Clarke County,IA,0.8107,0.6262,0.9141,0.552,0.8371,9.7,0.0,6.4,2.0,28.3,3.9,15.5,16.5,5.0,24.8,15.9,21.7,75.5,21.1,12.899999999999999,18.200000000000003,34.45,74.80000000000001,43.150000000000006,6.0,0,0,0
19041,Clay County,IA,0.1826,0.14,0.7407,0.1985,0.1199,4.0,0.6,4.6,0.3,19.1,4.1,4.5,4.2,7.5,21.1,15.4,7.8,76.5,20.6,10.9,11.6,32.6,77.0,35.35,5.0,0,0,0
19043,Clayton County,IA,0.2752,0.2883,0.6048,0.0407,0.2981,7.5,0.4,7.1,0.8,22.1,2.6,9.3,2.2,3.8,21.6,15.3,4.7,77.5,20.45,12.0,13.95,35.0,74.5,41.1,6.0,0,0,0
19045,Clinton County,IA,0.3446,0.2949,0.6281,0.2914,0.3446,6.6,3.0,4.9,0.7,21.8,4.4,8.0,3.4,9.4,22.6,14.0,10.1,76.35,21.049999999999997,11.35,13.350000000000001,34.45,77.9,39.3,5.0,0,0,0
19047,Crawford County,IA,0.7563,0.5231,0.979,0.7448,0.5186,4.7,2.4,8.9,7.7,27.0,4.1,17.5,29.6,3.0,17.0,15.3,36.8,76.4,19.2,13.25,19.1,33.7,79.1,42.85,6.0,0,0,0
19049,Dallas County,IA,0.0515,0.0121,0.2186,0.4814,0.1394,3.0,2.3,4.4,1.9,10.0,3.0,3.7,6.4,18.1,16.6,7.5,17.4,75.7,19.2,8.65,8.3,31.9,79.25,32.599999999999994,3.0,0,0,0
19051,Davis County,IA,0.4585,0.4508,0.5329,0.0337,0.6437,16.6,0.0,28.9,1.4,16.1,2.0,20.8,1.7,1.1,17.6,10.6,4.5,75.65,22.1,10.85,13.649999999999999,33.85,77.55,37.65,6.0,0,0,0
19053,Decatur County,IA,0.524,0.5234,0.1705,0.2364,0.8705,8.3,1.2,7.7,0.4,25.5,4.2,10.9,3.3,5.4,23.0,14.9,8.7,75.3,21.85,11.5,14.5,33.8,73.65,40.650000000000006,6.0,0,0,0
19055,Delaware County,IA,0.0248,0.0309,0.0805,0.0379,0.1406,5.2,0.0,4.2,0.1,13.5,2.2,7.9,1.6,3.0,16.1,12.3,4.6,76.55,20.5,11.0,12.2,34.25,80.44999999999999,39.75,6.0,0,0,0
19057,Des Moines County,IA,0.4174,0.2192,0.7967,0.4273,0.4655,8.6,5.2,3.5,0.3,22.3,2.9,7.1,3.8,6.7,25.0,16.7,14.9,78.3,21.8,11.05,13.5,32.25,74.9,34.7,5.0,0,0,0
19059,Dickinson County,IA,0.055,0.0296,0.3395,0.1152,0.1505,3.9,0.1,4.4,0.8,13.2,2.1,3.5,2.6,6.8,20.0,14.9,6.3,77.30000000000001,19.55,10.3,9.3,33.65,77.7,37.400000000000006,5.0,0,0,0
19061,Dubuque County,IA,0.2281,0.1422,0.2148,0.3058,0.5762,5.8,3.0,3.4,0.8,17.7,4.1,6.0,2.8,9.5,22.2,11.0,10.5,77.0,19.9,9.600000000000001,11.25,30.95,78.85,34.599999999999994,4.0,0,0,0
19063,Emmet County,IA,0.2494,0.1887,0.6338,0.4699,0.1791,3.8,3.5,5.5,2.2,20.4,2.1,12.7,9.9,2.4,18.0,18.8,16.9,76.45,20.35,11.35,13.6,33.95,79.85,42.85,6.0,0,0,0
19065,Fayette County,IA,0.2179,0.3583,0.2851,0.2294,0.1629,4.7,0.8,5.4,0.2,23.8,3.7,7.1,2.9,2.1,26.6,16.3,8.5,77.65,20.75,11.6,13.55,34.7,74.85,38.75,6.0,0,0,0
19067,Floyd County,IA,0.1196,0.0802,0.2542,0.3086,0.2501,7.2,0.9,4.7,0.1,18.2,3.3,6.8,4.1,4.2,17.8,15.2,10.6,76.30000000000001,21.15,11.350000000000001,12.649999999999999,34.15,77.0,39.9,6.0,0,0,0
19069,Franklin County,IA,0.2132,0.2797,0.6487,0.4613,0.0414,3.9,0.5,10.4,2.3,23.8,3.8,7.6,13.6,2.7,15.3,9.3,16.5,76.4,21.0,12.5,15.25,34.2,77.75,40.8,6.0,0,0,0
19071,Fremont County,IA,0.0146,0.0337,0.1896,0.1508,0.0124,2.6,0.5,3.8,0.3,18.6,1.7,5.1,3.1,0.3,18.3,14.4,7.0,77.3,21.0,11.0,11.149999999999999,34.3,77.75,39.95,6.0,0,0,0
19073,Greene County,IA,0.1664,0.104,0.6214,0.1572,0.2125,4.7,0.2,3.2,0.7,21.2,3.6,6.8,3.2,3.3,18.4,17.3,7.1,76.94999999999999,21.299999999999997,11.45,12.2,33.8,72.8,35.9,6.0,0,0,0
19075,Grundy County,IA,0.0029,0.0029,0.0948,0.0379,0.0216,2.7,0.8,3.0,0.3,11.0,2.5,4.1,1.8,2.2,14.6,9.4,4.6,77.0,20.3,9.85,9.35,33.5,82.05,37.5,4.0,0,0,0
19077,Guthrie County,IA,0.0178,0.0484,0.1203,0.1094,0.0353,3.3,0.5,3.2,0.2,15.8,3.3,5.7,2.9,1.2,19.1,11.4,6.2,75.95,20.1,10.75,10.7,34.8,77.3,37.2,3.0,0,0,0
19079,Hamilton County,IA,0.1289,0.0862,0.4146,0.3675,0.1712,5.5,1.4,4.2,1.4,15.5,4.0,7.4,6.7,7.4,18.0,13.9,12.5,77.7,20.2,10.8,11.55,32.6,77.15,36.55,6.0,0,0,0
19081,Hancock County,IA,0.0713,0.0401,0.3392,0.2294,0.1467,4.1,0.8,3.9,0.3,15.4,2.1,8.7,5.2,3.2,16.1,14.8,8.5,77.35,21.049999999999997,11.1,12.05,34.5,77.44999999999999,42.35,6.0,0,0,0
19083,Hardin County,IA,0.1514,0.119,0.2825,0.2399,0.3061,5.2,0.5,4.4,1.3,19.7,3.5,6.6,4.6,3.0,19.6,13.7,8.8,76.9,20.85,11.4,12.55,33.5,77.80000000000001,39.05,6.0,0,0,0
19085,Harrison County,IA,0.0388,0.049,0.0643,0.0474,0.2024,4.3,0.2,4.8,0.1,15.9,2.7,6.9,2.1,2.5,17.2,12.1,4.9,77.35,20.9,11.1,11.6,34.7,79.4,35.1,3.0,0,0,0
19087,Henry County,IA,0.2001,0.1174,0.4967,0.3847,0.273,4.4,2.5,3.4,1.3,19.3,2.7,8.9,5.3,3.4,19.6,14.1,13.3,75.95,20.65,11.35,12.5,33.650000000000006,77.0,38.95,6.0,0,0,0
19089,Howard County,IA,0.0846,0.1282,0.2024,0.0474,0.1645,6.7,0.2,9.8,0.5,16.9,1.5,8.0,1.8,1.8,15.5,10.4,4.9,76.1,21.1,11.05,12.45,33.8,76.05,38.1,6.0,0,0,0
19091,Humboldt County,IA,0.1941,0.0815,0.8285,0.2265,0.1868,5.3,0.4,5.1,1.8,23.1,2.5,5.8,5.0,3.4,16.0,15.0,8.4,76.65,20.9,11.7,13.350000000000001,34.05,78.1,41.5,6.0,0,0,0
19093,Ida County,IA,0.0445,0.0496,0.1995,0.1457,0.0999,4.3,0.8,5.0,0.0,19.7,2.0,7.0,3.6,4.1,12.7,12.2,6.9,75.9,20.9,11.0,12.45,34.05,75.6,41.2,6.0,0,0,0
19095,Iowa County,IA,0.0484,0.0261,0.3245,0.1457,0.1228,2.9,0.4,2.9,0.4,14.5,3.2,6.3,3.7,3.7,16.4,13.5,6.9,77.44999999999999,20.85,10.399999999999999,10.85,34.4,76.95,43.25,6.0,0,0,0
19097,Jackson County,IA,0.078,0.1225,0.0999,0.0627,0.2265,5.9,0.6,4.8,0.1,19.6,4.2,6.0,1.7,2.7,18.4,12.1,5.3,76.65,21.4,11.149999999999999,11.95,34.45,74.65,40.25,6.0,0,0,0
19099,Jasper County,IA,0.2078,0.1693,0.4423,0.1985,0.3134,4.1,1.8,3.4,0.7,17.2,4.8,5.8,2.8,5.2,22.3,13.2,7.8,76.94999999999999,20.95,10.8,12.05,33.4,76.5,38.3,3.0,0,0,0
19101,Jefferson County,IA,0.6774,0.5339,0.5463,0.4683,0.9001,8.3,4.8,6.8,1.7,25.7,5.2,6.7,3.6,3.7,27.5,14.2,16.8,77.6,19.65,11.649999999999999,12.35,34.35,78.85,39.650000000000006,6.0,0,0,0
19103,Johnson County,IA,0.3863,0.3408,0.0213,0.5829,0.8855,7.6,7.3,5.2,2.3,24.7,3.8,4.0,5.9,22.6,30.0,9.0,23.5,76.95,20.7,9.25,11.05,29.299999999999997,81.65,31.599999999999998,4.0,0,0,0
19105,Jones County,IA,0.1082,0.0471,0.342,0.1985,0.2873,4.2,2.3,2.9,0.3,18.0,3.1,5.7,2.3,3.8,18.4,13.1,7.8,77.4,20.4,10.65,11.95,33.400000000000006,77.3,39.650000000000006,3.0,0,0,0
19107,Keokuk County,IA,0.0633,0.1623,0.5542,0.0264,0.0095,2.2,0.6,2.8,0.2,22.6,3.6,6.5,2.2,0.2,21.2,17.4,4.3,76.15,21.9,11.9,13.5,33.85,75.2,41.45,6.0,0,0,0
19109,Kossuth County,IA,0.203,0.085,0.7168,0.1696,0.3099,7.5,0.8,4.3,1.9,20.0,3.8,6.3,3.8,6.2,16.1,16.3,7.3,77.5,20.8,11.399999999999999,11.8,33.75,78.0,38.55,6.0,0,0,0
19111,Lee County,IA,0.2631,0.2504,0.4114,0.2781,0.336,5.1,2.9,4.2,0.1,22.7,4.6,5.9,3.7,6.7,22.5,16.2,9.7,76.4,20.9,11.45,13.350000000000001,34.45,78.30000000000001,37.55,5.0,0,0,0
19113,Linn County,IA,0.1944,0.1009,0.2984,0.4588,0.3999,5.1,5.7,3.8,1.0,16.5,3.8,5.0,3.6,13.5,21.4,10.7,16.3,77.15,23.450000000000003,10.45,11.8,31.9,78.8,35.5,3.0,0,0,0
19115,Louisa County,IA,0.2676,0.2106,0.5393,0.5679,0.2113,4.5,0.5,5.1,5.8,17.4,4.4,13.9,16.3,0.4,14.7,14.2,22.6,76.75,20.15,11.45,14.0,33.9,81.6,40.1,6.0,0,0,0
19117,Lucas County,IA,0.3458,0.3239,0.7302,0.0544,0.3328,7.7,0.3,8.4,1.0,27.0,3.9,7.6,2.5,7.5,18.1,17.4,5.1,76.85,21.85,12.25,14.350000000000001,34.5,80.94999999999999,39.8,6.0,0,0,0
19119,Lyon County,IA,0.0286,0.0105,0.2965,0.0675,0.0881,3.9,0.2,4.8,0.6,11.1,2.4,5.3,3.0,4.1,15.0,12.6,5.4,77.85,21.6,10.8,10.65,34.75,79.19999999999999,42.400000000000006,6.0,0,0,0
19121,Madison County,IA,0.0035,0.006,0.0869,0.0821,0.0194,4.2,0.8,3.5,0.3,9.5,2.3,3.0,2.4,1.5,18.1,9.3,5.7,76.44999999999999,20.8,9.5,9.55,33.35,81.9,36.900000000000006,3.0,0,0,0
19123,Mahaska County,IA,0.1575,0.099,0.5161,0.182,0.2488,4.7,1.7,4.5,0.5,21.1,3.3,6.8,2.4,2.9,17.6,13.6,7.5,75.55,21.6,10.7,12.6,33.3,75.5,38.8,5.0,0,0,0
19125,Marion County,IA,0.099,0.0248,0.2784,0.1094,0.4375,3.7,0.6,3.4,0.4,12.9,2.3,5.9,2.2,5.8,18.7,13.5,6.2,76.8,21.55,9.6,9.65,32.4,76.9,39.7,5.0,0,0,0
19127,Marshall County,IA,0.6799,0.4149,0.6841,0.7003,0.8645,7.1,1.7,5.3,7.7,19.4,5.6,14.8,24.3,6.5,19.5,11.5,32.7,77.69999999999999,19.7,11.75,15.2,33.7,74.95,44.25,5.0,0,0,0
19129,Mills County,IA,0.0811,0.07,0.3054,0.1276,0.1709,5.5,0.3,3.1,0.4,15.9,4.4,4.9,3.7,1.0,18.8,13.6,6.6,76.9,20.35,10.05,9.5,34.65,79.94999999999999,39.0,3.0,0,0,0
19131,Mitchell County,IA,0.085,0.1028,0.3433,0.0169,0.1362,5.1,0.6,7.3,0.5,17.0,0.9,7.7,1.8,3.3,18.2,11.4,3.9,76.85,20.2,10.75,11.350000000000001,33.7,78.65,40.25,6.0,0,0,0
19133,Monona County,IA,0.0951,0.0999,0.4066,0.0983,0.1234,2.5,0.3,4.1,0.3,20.8,2.6,7.0,2.2,4.6,19.4,15.0,6.0,77.4,21.5,11.5,13.0,33.35,75.8,42.45,6.0,0,0,0
19135,Monroe County,IA,0.1203,0.0932,0.1018,0.0675,0.5002,6.1,0.1,3.7,0.0,16.9,3.4,7.0,0.3,1.7,20.1,14.5,5.4,76.75,21.15,10.399999999999999,11.2,34.1,79.5,38.150000000000006,6.0,0,0,0
19137,Montgomery County,IA,0.1432,0.1744,0.5406,0.2062,0.0869,4.5,0.4,2.4,0.2,23.6,4.5,8.4,1.0,2.8,16.5,16.0,7.9,76.85,21.25,11.4,13.05,33.599999999999994,75.8,39.6,6.0,0,0,0
19139,Muscatine County,IA,0.4792,0.2173,0.8212,0.6077,0.5329,5.2,2.7,3.8,2.6,19.7,3.5,9.9,18.6,6.0,21.8,13.0,24.9,75.55,19.75,11.3,14.6,32.35,79.0,41.4,5.0,0,0,0
19141,O'Brien County,IA,0.3681,0.1234,0.6026,0.2733,0.784,7.9,1.4,3.2,0.9,22.3,2.4,9.3,5.8,6.3,18.1,15.4,9.6,76.05,21.6,11.2,13.649999999999999,33.4,79.1,39.05,6.0,0,0,0
19143,Osceola County,IA,0.251,0.2593,0.776,0.3939,0.0665,3.0,0.9,5.9,2.8,18.4,4.5,13.8,8.8,4.6,15.5,11.2,13.6,76.05000000000001,20.9,12.3,15.25,34.65,80.25,39.8,6.0,0,0,0
19145,Page County,IA,0.3878,0.3904,0.4327,0.265,0.4623,6.3,1.5,5.3,0.5,23.1,6.6,7.1,3.7,6.0,21.2,15.7,9.4,76.7,20.75,12.1,14.55,34.0,76.75,42.849999999999994,6.0,0,0,0
19147,Palo Alto County,IA,0.1422,0.0745,0.371,0.2536,0.3188,3.8,2.0,4.2,0.5,18.0,3.6,7.0,3.6,4.8,16.7,14.3,9.1,76.85,20.75,10.75,11.5,33.45,78.75,40.3,6.0,0,0,0
19149,Plymouth County,IA,0.0624,0.015,0.4664,0.3016,0.1158,3.9,1.8,5.4,1.8,11.6,2.1,5.7,5.8,4.9,14.2,12.1,10.4,76.3,19.45,10.1,10.7,32.5,80.1,39.4,5.0,0,0,0
19151,Pocahontas County,IA,0.1476,0.2631,0.4836,0.2323,0.0417,4.0,0.2,6.0,1.2,18.8,6.3,8.5,4.5,1.2,16.1,14.8,8.6,77.35,20.5,11.55,12.85,34.65,80.85,36.45,6.0,0,0,0
19153,Polk County,IA,0.4477,0.2431,0.5947,0.5994,0.595,5.7,7.1,4.8,2.8,17.4,4.5,7.3,8.9,19.5,23.6,11.1,24.5,75.05,21.65,9.85,12.6,33.0,77.85,36.95,3.0,0,0,0
19155,Pottawattamie County,IA,0.4944,0.2864,0.7448,0.4085,0.6312,6.4,1.4,5.2,1.4,20.3,3.6,9.4,8.5,10.0,23.2,15.2,14.1,76.05,22.35,10.7,14.4,34.0,74.75,39.150000000000006,3.0,0,0,0
19157,Poweshiek County,IA,0.2348,0.2132,0.0665,0.2364,0.6946,8.6,1.1,3.5,0.6,19.0,4.6,5.1,3.4,6.4,24.5,12.6,8.7,75.94999999999999,22.200000000000003,10.45,12.3,33.2,75.9,41.35,6.0,0,0,0
19159,Ringgold County,IA,0.2176,0.1018,0.7556,0.0821,0.3261,5.6,0.1,7.0,0.2,19.3,1.7,6.0,2.9,1.6,18.7,15.1,5.7,77.5,21.4,10.649999999999999,11.05,33.9,77.4,42.85,6.0,0,0,0
19161,Sac County,IA,0.0614,0.0605,0.1941,0.1152,0.1814,4.2,0.3,5.2,0.2,17.3,3.2,6.3,3.9,1.3,16.1,11.0,6.3,76.9,20.65,10.85,11.45,34.05,75.35,41.45,6.0,0,0,0
19163,Scott County,IA,0.3252,0.1896,0.482,0.5581,0.4534,6.5,6.9,5.6,1.1,18.7,4.0,6.0,7.3,12.5,21.9,11.8,22.0,77.85,20.85,10.2,13.0,32.5,83.55,40.6,3.0,0,0,0
19165,Shelby County,IA,0.029,0.0783,0.1193,0.1654,0.036,2.7,0.9,4.4,0.4,17.0,2.5,5.8,3.3,3.3,21.0,10.1,7.2,77.19999999999999,20.75,10.9,11.350000000000001,34.5,75.15,37.95,6.0,0,0,0
19167,Sioux County,IA,0.1311,0.0509,0.2625,0.4057,0.3458,3.8,0.5,5.0,2.4,11.7,2.3,8.4,11.4,4.5,17.4,9.5,14.0,76.2,20.55,9.350000000000001,10.95,33.15,80.35,33.75,6.0,0,0,0
19169,Story County,IA,0.2364,0.4521,0.001,0.4839,0.6974,6.6,2.4,5.1,0.6,25.3,5.6,2.9,3.8,25.6,28.6,8.8,17.5,75.5,21.2,8.95,11.15,31.85,79.9,32.9,4.0,0,0,0
19171,Tama County,IA,0.4384,0.35,0.7292,0.5476,0.293,3.1,1.0,7.3,2.8,23.6,4.5,9.0,11.5,2.3,19.2,9.8,21.4,76.15,20.799999999999997,12.149999999999999,15.55,33.75,76.7,40.3,6.0,0,0,0
19173,Taylor County,IA,0.1292,0.1187,0.567,0.3503,0.0741,4.2,0.1,6.7,3.2,16.7,3.2,9.0,8.9,1.6,14.7,12.8,11.9,76.5,21.35,11.45,12.95,34.95,78.55,39.85,6.0,0,0,0
19175,Union County,IA,0.3767,0.3233,0.5991,0.1339,0.4887,6.3,0.4,6.6,0.3,19.4,5.7,7.2,3.2,5.6,20.5,15.4,6.7,77.05,21.200000000000003,10.95,12.649999999999999,34.0,77.1,37.400000000000006,6.0,0,0,0
19177,Van Buren County,IA,0.3608,0.5724,0.4292,0.0229,0.2424,7.6,0.4,14.4,0.2,24.3,4.9,11.6,1.6,0.5,17.8,17.8,4.2,76.25,22.049999999999997,12.2,14.5,34.2,72.45,39.5,6.0,0,0,0
19179,Wapello County,IA,0.7852,0.6478,0.922,0.5383,0.728,7.4,3.0,6.8,3.1,28.0,4.4,12.1,11.5,6.3,26.7,15.5,20.6,76.19999999999999,20.75,12.5,16.55,34.8,72.4,41.8,5.0,0,0,0
19181,Warren County,IA,0.0741,0.0137,0.2389,0.1654,0.3761,2.4,0.7,2.4,0.4,10.5,3.2,3.5,3.2,7.9,18.0,10.5,7.2,76.15,20.8,9.05,8.899999999999999,33.2,79.85,38.7,3.0,0,0,0
19183,Washington County,IA,0.1397,0.0948,0.6548,0.3016,0.1034,4.6,0.4,6.7,1.7,16.2,2.6,7.7,7.0,3.1,17.5,12.8,10.4,76.6,21.299999999999997,10.8,11.8,33.8,78.65,38.7,4.0,0,0,0
19185,Wayne County,IA,0.4168,0.3105,0.8626,0.0881,0.405,7.5,0.3,11.4,0.7,19.1,1.6,10.6,1.8,0.2,20.0,14.0,5.8,76.65,21.6,11.55,13.3,34.6,74.9,40.900000000000006,6.0,0,0,0
19187,Webster County,IA,0.3439,0.2039,0.2844,0.4273,0.6977,6.8,3.4,6.1,1.1,20.3,3.2,8.2,5.9,7.2,20.4,14.2,14.9,76.8,20.9,10.95,13.649999999999999,32.55,77.0,41.7,5.0,0,0,0
19189,Winnebago County,IA,0.1403,0.0286,0.6258,0.2914,0.2832,4.6,0.6,3.4,1.0,16.1,2.5,5.5,5.4,4.4,18.1,11.7,10.1,76.95,20.9,10.45,11.3,33.45,78.75,38.849999999999994,6.0,0,0,0
19191,Winneshiek County,IA,0.0522,0.0337,0.0821,0.0735,0.3423,4.4,0.8,2.5,0.4,14.1,2.1,4.8,2.4,4.2,20.9,11.6,5.5,77.44999999999999,19.9,9.6,9.149999999999999,32.5,78.0,35.400000000000006,6.0,0,0,0
19193,Woodbury County,IA,0.7197,0.4804,0.8766,0.6752,0.7276,6.2,4.2,6.5,5.1,22.3,4.5,12.4,18.1,10.4,22.7,13.4,30.7,76.30000000000001,20.15,11.55,15.55,32.15,76.55000000000001,39.3,4.0,0,0,0
19195,Worth County,IA,0.0232,0.0585,0.0802,0.1037,0.0675,4.8,1.0,5.9,0.0,16.6,3.3,5.7,3.2,1.4,14.9,14.8,6.1,77.30000000000001,20.8,10.9,11.1,34.7,78.80000000000001,40.45,5.0,0,0,0
19197,Wright County,IA,0.3971,0.1464,0.9742,0.4814,0.2351,8.0,0.2,4.5,3.8,27.7,2.2,7.3,13.7,4.4,17.8,12.7,17.4,76.94999999999999,20.2,12.4,15.350000000000001,34.8,77.55,41.0,6.0,0,0,0
20001,Allen County,KS,0.5854,0.5702,0.6433,0.3217,0.6115,7.6,1.7,9.2,0.2,24.2,7.3,7.4,4.1,1.9,21.3,17.4,11.0,76.25,23.25,11.3,13.850000000000001,34.25,68.95,37.7,6.0,0,0,0
20003,Anderson County,KS,0.4085,0.5854,0.7595,0.1928,0.105,6.2,1.0,13.7,0.0,23.9,3.3,13.5,2.6,0.3,21.4,16.9,7.7,74.94999999999999,22.2,11.649999999999999,14.649999999999999,35.8,70.95,40.2,6.0,0,0,0
20005,Atchison County,KS,0.4728,0.3859,0.3535,0.3824,0.7181,7.0,3.7,8.2,0.8,23.7,4.5,6.2,3.3,6.5,22.4,14.2,13.2,74.4,22.0,10.6,13.350000000000001,33.1,69.1,37.9,5.0,0,0,0
20007,Barber County,KS,0.5107,0.42,0.7531,0.3847,0.476,6.0,0.2,10.1,0.8,27.5,2.4,8.5,7.6,2.4,21.6,19.7,13.3,75.9,21.6,11.9,13.100000000000001,36.2,72.30000000000001,38.6,6.0,0,0,0
20009,Barton County,KS,0.7006,0.5562,0.9847,0.5269,0.3716,5.8,1.0,11.1,1.9,25.6,4.1,10.4,15.9,3.8,21.5,17.3,19.9,76.4,20.95,12.100000000000001,15.9,35.8,68.0,39.0,5.0,0,0,0
20011,Bourbon County,KS,0.5126,0.4057,0.707,0.328,0.5647,3.7,2.8,8.9,0.2,26.2,3.8,10.3,3.1,3.8,18.7,17.8,11.2,76.55000000000001,22.25,11.55,14.3,35.7,69.6,37.0,6.0,0,0,0
20013,Brown County,KS,0.1893,0.3188,0.3258,0.5183,0.0544,4.7,0.9,10.2,0.1,22.9,4.4,6.5,5.7,3.3,18.7,15.3,19.3,76.80000000000001,21.8,11.9,14.3,35.15,71.55,39.6,6.0,0,0,0
20015,Butler County,KS,0.1295,0.0818,0.2173,0.3917,0.2927,3.6,2.3,6.8,0.3,14.8,3.1,5.8,5.5,2.5,18.4,14.1,13.5,76.1,21.5,10.0,11.65,34.45,71.69999999999999,38.9,3.0,0,0,0
20017,Chase County,KS,0.2358,0.2246,0.482,0.3503,0.216,4.6,0.5,10.3,0.4,27.8,1.2,6.7,6.7,0.1,15.6,13.2,11.9,76.45,21.0,12.350000000000001,14.7,35.5,74.1,38.5,5.0,0,0,0
20019,Chautauqua County,KS,0.5781,0.6557,0.5186,0.4613,0.4881,3.4,0.9,13.4,0.0,31.1,5.6,11.2,4.5,1.3,16.1,22.1,16.5,75.75,22.15,13.25,17.15,35.8,69.6,40.65,6.0,0,0,0
20021,Cherokee County,KS,0.4718,0.4598,0.5816,0.4018,0.4346,7.4,0.9,10.3,0.1,26.9,2.3,10.1,3.2,1.6,21.6,20.9,13.9,76.30000000000001,23.15,12.0,15.85,35.5,71.05,43.75,4.0,0,0,0
20023,Cheyenne County,KS,0.2953,0.4858,0.8056,0.3058,0.0213,2.7,0.0,14.4,2.5,25.1,1.8,10.8,7.5,0.3,20.9,16.0,10.5,76.19999999999999,21.9,12.95,15.8,35.900000000000006,71.15,38.25,6.0,0,0,0
20025,Clark County,KS,0.2354,0.0528,0.9424,0.4445,0.1604,4.1,0.0,6.4,3.0,19.4,1.0,5.8,7.2,0.9,14.4,17.6,15.7,76.15,20.450000000000003,10.8,12.149999999999999,34.6,71.9,37.0,6.0,0,0,0
20027,Clay County,KS,0.4636,0.1814,0.8743,0.1985,0.7086,7.4,1.9,5.5,0.2,18.8,1.4,5.8,3.2,5.9,26.5,18.7,7.8,75.94999999999999,22.4,11.25,12.6,34.75,72.95,39.7,6.0,0,0,0
20029,Cloud County,KS,0.3427,0.4454,0.3611,0.2692,0.3137,6.3,0.7,11.5,0.6,25.4,4.7,4.1,3.9,2.9,21.3,13.2,9.5,75.4,22.5,11.15,12.75,34.05,72.9,41.75,6.0,0,0,0
20031,Coffey County,KS,0.2743,0.2599,0.7477,0.1985,0.1798,4.9,0.5,9.0,0.3,20.9,5.3,6.3,3.5,1.8,15.0,17.3,7.8,76.55,21.6,11.2,12.2,34.65,67.9,36.9,6.0,0,0,0
20033,Comanche County,KS,0.2577,0.125,0.8594,0.0264,0.3344,3.9,0.0,8.8,0.1,15.7,3.8,3.5,2.6,1.3,17.9,18.4,4.3,77.1,21.8,11.5,12.0,36.25,76.7,39.5,6.0,0,0,0
20035,Cowley County,KS,0.7871,0.5441,0.9411,0.5616,0.8164,6.2,2.1,9.3,1.2,23.8,5.3,8.3,11.6,4.6,22.7,18.8,22.2,75.1,21.95,11.850000000000001,14.95,36.35,66.3,41.2,5.0,0,0,0
20037,Crawford County,KS,0.7213,0.6023,0.4108,0.42,0.965,8.8,1.8,11.0,0.4,30.9,3.9,5.7,6.4,7.3,28.0,16.0,14.6,75.3,22.700000000000003,11.0,15.4,34.7,70.2,37.8,5.0,0,0,0
20039,Decatur County,KS,0.0681,0.1747,0.3913,0.1985,0.0115,2.9,1.0,7.5,0.2,19.3,4.9,6.4,3.6,0.4,12.5,18.0,7.8,75.9,20.549999999999997,11.4,10.85,36.2,71.15,36.95,6.0,0,0,0
20041,Dickinson County,KS,0.1884,0.168,0.4569,0.3166,0.1969,5.9,1.2,10.5,0.6,15.0,3.0,6.4,5.3,5.6,19.4,16.3,10.9,76.05,21.35,10.600000000000001,11.7,34.75,75.65,39.45,6.0,0,0,0
20043,Doniphan County,KS,0.1861,0.238,0.0185,0.3166,0.5921,4.8,4.7,7.5,0.2,19.1,1.6,8.8,3.0,1.9,22.3,12.2,10.9,75.94999999999999,21.85,10.45,11.7,33.849999999999994,68.85,37.75,4.0,0,0,0
20045,Douglas County,KS,0.3602,0.4738,0.007,0.574,0.7964,6.5,3.9,7.4,0.8,23.5,4.8,4.0,6.7,18.4,30.9,11.5,22.9,76.95,24.25,8.8,11.2,31.299999999999997,75.55,31.8,4.0,0,0,0
20047,Edwards County,KS,0.4639,0.3726,0.9615,0.6179,0.0923,4.8,0.4,9.8,4.2,23.1,3.9,12.4,21.4,1.8,14.9,15.8,25.7,75.65,20.450000000000003,12.7,16.55,35.05,68.9,40.05,6.0,0,0,0
20049,Elk County,KS,0.336,0.4922,0.7041,0.3446,0.0624,5.2,0.1,9.5,0.3,29.7,3.8,13.1,4.7,0.0,17.2,24.1,11.7,76.8,22.25,13.4,15.5,37.05,69.69999999999999,40.5,6.0,0,0,0
20051,Ellis County,KS,0.2393,0.3557,0.0331,0.3446,0.4951,3.8,0.8,6.3,0.3,24.4,3.3,4.7,6.4,5.3,30.1,12.7,11.7,76.0,20.7,9.75,12.100000000000001,32.1,75.95,37.7,5.0,0,0,0
20053,Ellsworth County,KS,0.1731,0.1721,0.0563,0.4356,0.4572,4.0,3.2,5.3,0.0,20.6,3.5,7.7,6.1,2.3,19.7,17.0,15.3,75.44999999999999,19.0,10.649999999999999,11.649999999999999,33.35,71.25,39.5,6.0,0,0,0
20055,Finney County,KS,0.8966,0.8346,0.7366,0.9224,0.895,6.3,4.2,13.6,11.4,22.5,5.4,27.9,51.1,5.4,23.4,13.0,60.7,72.7,18.15,13.0,21.65,32.5,69.55,37.5,5.0,0,0,0
20057,Ford County,KS,0.7359,0.5492,0.7283,0.9294,0.7187,4.8,1.8,12.5,12.9,23.1,3.2,22.8,56.5,4.3,18.2,11.1,61.9,72.15,17.9,13.0,23.299999999999997,32.3,69.95,39.35,5.0,0,0,0
20059,Franklin County,KS,0.224,0.2472,0.3347,0.3058,0.2558,4.0,0.6,6.9,0.4,17.9,2.6,8.0,4.6,3.5,24.1,16.5,10.5,75.1,21.700000000000003,10.55,12.2,34.05,74.45,40.3,5.0,0,0,0
20061,Geary County,KS,0.7353,0.5832,0.8556,0.8279,0.5797,4.1,15.8,7.7,2.3,28.9,4.5,6.3,16.8,10.5,32.0,13.4,44.7,74.69999999999999,21.25,10.75,19.2,30.049999999999997,70.85,35.3,4.0,0,0,0
20063,Gove County,KS,0.0372,0.1441,0.3516,0.0821,0.0045,1.4,0.3,11.0,0.0,15.7,3.3,6.2,2.3,0.3,16.2,15.0,5.7,75.0,20.6,10.75,10.850000000000001,35.5,73.55000000000001,37.55,6.0,0,0,0
20065,Graham County,KS,0.2765,0.49,0.6147,0.3697,0.0344,4.2,4.2,7.6,0.1,28.3,6.1,6.2,4.1,1.0,20.7,15.3,12.6,77.05000000000001,20.700000000000003,12.25,12.899999999999999,36.599999999999994,67.35,37.0,6.0,0,0,0
20067,Grant County,KS,0.3363,0.3646,0.2208,0.8804,0.2332,1.8,0.1,14.5,7.7,10.2,3.6,20.8,49.5,0.0,11.8,6.5,52.1,73.3,17.450000000000003,11.2,15.35,32.650000000000006,71.80000000000001,35.55,6.0,0,0,0
20069,Gray County,KS,0.2816,0.2685,0.35,0.5371,0.2825,1.5,0.0,11.0,4.3,11.6,2.1,24.7,17.1,1.7,11.5,7.9,20.4,73.55,21.35,10.5,14.65,34.6,74.8,39.7,6.0,0,0,0
20071,Greeley County,KS,0.2689,0.1241,0.8969,0.5727,0.1254,4.9,0.2,9.6,3.1,12.4,0.1,11.1,20.6,0.9,10.5,11.5,22.8,76.3,20.1,10.5,11.55,34.2,72.95,36.849999999999994,6.0,0,0,0
20073,Greenwood County,KS,0.2978,0.3229,0.7919,0.2536,0.1209,6.9,0.5,9.9,0.1,25.1,2.6,8.4,4.3,0.0,19.4,19.4,9.1,75.6,22.05,12.3,13.85,36.75,71.35,40.7,6.0,0,0,0
20075,Hamilton County,KS,0.3398,0.3334,0.433,0.7251,0.2062,1.8,0.0,22.7,13.5,16.0,0.0,14.4,34.0,1.6,16.6,10.2,35.1,73.95,18.75,11.2,16.4,33.8,69.95,40.1,6.0,0,0,0
20077,Harper County,KS,0.6316,0.5431,0.9905,0.363,0.2307,2.2,0.1,8.8,1.3,32.1,5.3,10.3,7.1,1.0,17.3,19.0,12.3,75.35,22.45,13.100000000000001,17.2,36.95,71.8,42.0,6.0,0,0,0
20079,Harvey County,KS,0.4193,0.2739,0.6223,0.5119,0.4795,4.3,1.5,8.5,0.8,18.2,4.2,8.2,12.6,4.8,19.9,14.2,19.0,76.75,20.9,11.1,12.45,34.7,69.5,36.85,3.0,0,0,0
20081,Haskell County,KS,0.4143,0.5132,0.2574,0.72,0.2625,3.5,0.3,17.4,6.2,20.4,3.5,24.8,31.8,0.5,12.3,8.8,34.7,73.6,20.35,12.35,18.200000000000003,35.4,70.1,42.099999999999994,6.0,0,0,0
20083,Hodgeman County,KS,0.0646,0.0786,0.7404,0.2587,0.007,0.7,0.1,9.5,1.5,12.7,2.1,7.4,6.7,0.8,11.4,17.1,9.2,76.35,19.7,10.15,10.25,35.05,71.9,36.45,6.0,0,0,0
20085,Jackson County,KS,0.2472,0.1371,0.8005,0.4741,0.1511,3.7,1.0,8.3,1.9,15.5,2.1,6.2,5.4,2.2,20.8,16.6,17.1,75.75,21.450000000000003,11.0,12.45,35.4,74.4,37.75,4.0,0,0,0
20087,Jefferson County,KS,0.0197,0.1072,0.0522,0.1928,0.0261,4.5,0.7,5.6,0.1,11.0,3.5,4.3,3.2,0.6,22.6,14.0,7.7,77.1,21.4,10.0,10.0,33.9,71.55000000000001,34.55,4.0,0,0,0
20089,Jewell County,KS,0.0455,0.1572,0.1677,0.1696,0.021,3.4,1.1,5.7,0.0,28.9,1.5,7.5,1.7,0.9,15.9,16.9,7.3,77.45,21.8,13.25,14.1,37.35,71.35,39.45,6.0,0,0,0
20091,Johnson County,KS,0.0605,0.0439,0.1976,0.5542,0.0808,3.3,4.7,5.5,1.5,9.0,3.2,3.5,8.1,12.6,19.4,8.9,21.8,78.44999999999999,18.6,8.850000000000001,7.6,35.650000000000006,77.15,31.049999999999997,2.0,0,0,0
20093,Kearny County,KS,0.5358,0.5641,0.9198,0.7591,0.0792,2.7,0.7,13.7,5.1,28.4,2.2,19.6,32.6,0.3,16.9,13.2,37.9,73.05,19.3,12.05,17.5,33.9,74.05,37.75,6.0,0,0,0
20095,Kingman County,KS,0.1079,0.2631,0.0897,0.2485,0.1018,4.2,0.3,9.5,0.1,16.5,4.7,9.2,4.0,1.0,16.3,16.4,9.0,75.55,21.9,10.8,12.35,34.3,75.0,39.55,6.0,0,0,0
20097,Kiowa County,KS,0.2879,0.2749,0.5425,0.3446,0.2498,2.8,0.7,11.6,0.9,13.7,3.6,11.0,5.6,1.9,17.8,16.1,11.7,76.35,21.3,10.55,11.75,34.95,75.2,39.6,6.0,0,0,0
20099,Labette County,KS,0.4941,0.3341,0.8317,0.4445,0.4502,5.0,4.1,9.8,0.3,24.0,2.4,9.5,5.1,4.1,19.6,20.7,15.7,75.44999999999999,21.549999999999997,12.05,15.85,35.5,73.2,41.349999999999994,6.0,0,0,0
20101,Lane County,KS,0.0716,0.1384,0.4502,0.4613,0.0073,2.8,0.5,15.8,0.8,18.6,0.4,4.2,12.2,2.1,15.3,16.3,16.5,76.75,21.299999999999997,11.35,12.15,35.7,68.05,36.8,6.0,0,0,0
20103,Leavenworth County,KS,0.2475,0.2068,0.146,0.5581,0.4416,4.8,7.0,6.7,0.3,14.8,4.5,6.6,7.4,4.1,21.5,13.4,22.0,75.45,21.1,10.2,10.7,33.45,75.05,39.65,2.0,0,0,0
20105,Lincoln County,KS,0.1021,0.1581,0.3481,0.1508,0.0805,3.8,0.2,7.0,0.0,22.9,1.8,5.4,3.9,3.2,20.1,16.5,7.0,76.95,21.700000000000003,12.2,13.0,36.4,72.05,40.35,6.0,0,0,0
20107,Linn County,KS,0.2733,0.461,0.3315,0.2265,0.1731,4.1,0.5,10.2,0.0,19.9,4.4,6.5,3.0,1.2,26.2,17.4,8.4,76.25,21.049999999999997,10.85,11.8,35.2,74.05,37.05,2.0,0,0,0
20109,Logan County,KS,0.28,0.16,0.9787,0.3058,0.062,3.5,0.0,9.0,1.7,22.5,0.3,7.6,6.1,2.2,15.8,19.3,10.5,75.44999999999999,21.85,11.25,13.149999999999999,34.65,73.6,39.95,6.0,0,0,0
20111,Lyon County,KS,0.7222,0.6153,0.3325,0.6656,0.9376,6.5,1.8,10.6,3.3,26.8,2.7,12.2,22.5,11.8,25.2,14.4,30.1,74.7,21.5,11.35,16.6,34.9,71.44999999999999,38.849999999999994,5.0,0,0,0
20113,McPherson County,KS,0.1635,0.1311,0.2469,0.2781,0.3462,3.7,1.8,6.7,0.4,16.2,2.1,7.3,4.8,3.1,20.8,13.3,9.7,75.6,21.65,9.65,10.5,33.85,72.85,37.5,5.0,0,0,0
20115,Marion County,KS,0.1355,0.1619,0.3233,0.2234,0.1569,3.3,1.0,6.6,0.3,18.3,3.7,7.9,4.0,1.7,18.2,14.8,8.3,75.19999999999999,21.6,10.85,11.8,34.95,73.65,39.2,6.0,0,0,0
20117,Marshall County,KS,0.181,0.1397,0.4391,0.1339,0.308,4.0,0.7,5.3,0.6,19.6,2.8,7.8,3.0,2.8,19.9,13.9,6.7,75.80000000000001,22.15,11.4,13.2,35.3,74.65,37.45,6.0,0,0,0
20119,Meade County,KS,0.2628,0.2119,0.6697,0.6204,0.1174,2.9,0.9,9.5,2.1,17.5,1.2,13.6,21.9,0.5,14.7,9.5,26.0,74.6,20.75,11.4,15.2,34.6,69.75,36.9,6.0,0,0,0
20121,Miami County,KS,0.0757,0.0729,0.2927,0.2294,0.1215,2.7,1.1,6.5,0.4,11.4,2.8,4.4,3.6,2.9,20.3,13.0,8.5,75.1,21.45,9.8,9.85,34.15,74.25,34.85,2.0,0,0,0
20123,Mitchell County,KS,0.1285,0.1101,0.3815,0.1572,0.2059,5.7,0.2,9.8,0.0,21.7,0.7,4.7,3.4,4.0,13.9,15.2,7.1,75.80000000000001,21.6,11.3,12.05,35.05,72.4,39.15,6.0,0,0,0
20125,Montgomery County,KS,0.8209,0.6993,0.8785,0.5616,0.825,8.2,4.9,12.4,0.7,29.0,4.7,10.0,7.4,6.1,22.8,21.1,22.2,75.30000000000001,22.25,12.45,16.65,35.7,70.95,39.099999999999994,6.0,0,0,0
20127,Morris County,KS,0.1569,0.1534,0.5364,0.3016,0.1164,3.9,0.2,8.0,0.2,19.0,2.1,7.5,5.6,2.1,18.8,17.9,10.4,76.75,20.75,11.55,11.899999999999999,35.25,75.4,36.8,6.0,0,0,0
20129,Morton County,KS,0.3077,0.3411,0.8549,0.6567,0.0245,2.6,0.9,9.7,5.3,17.7,3.3,12.2,23.9,0.5,20.0,16.9,29.4,75.45,20.35,12.55,17.05,35.8,72.69999999999999,38.15,6.0,0,0,0
20131,Nemaha County,KS,0.057,0.0426,0.181,0.0881,0.2106,4.0,0.5,6.0,0.0,15.9,1.7,6.8,2.3,5.4,15.7,13.6,5.8,75.44999999999999,21.3,10.2,11.0,35.0,68.2,39.0,6.0,0,0,0
20133,Neosho County,KS,0.6911,0.5367,0.8759,0.3503,0.7311,5.7,1.2,11.7,0.1,24.3,4.5,9.0,6.3,3.7,21.4,19.7,11.9,75.85,21.35,11.85,14.350000000000001,35.25,74.15,39.7,6.0,0,0,0
20135,Ness County,KS,0.0999,0.1126,0.4858,0.4973,0.027,2.4,0.3,8.5,1.7,18.6,0.6,8.6,13.7,1.3,11.3,16.1,18.1,76.0,20.7,11.55,13.05,36.15,70.19999999999999,35.650000000000006,6.0,0,0,0
20137,Norton County,KS,0.223,0.3045,0.3277,0.3917,0.1546,2.1,2.9,12.7,0.8,21.2,1.4,9.2,5.7,2.1,19.2,15.7,13.5,74.95,20.9,11.75,14.6,34.75,73.0,42.8,6.0,0,0,0
20139,Osage County,KS,0.1909,0.2784,0.4302,0.182,0.1269,2.3,0.4,8.6,0.0,18.7,3.4,7.9,3.6,1.5,21.7,17.4,7.5,76.3,21.85,11.05,12.350000000000001,36.2,74.0,41.65,4.0,0,0,0
20141,Osborne County,KS,0.0687,0.0716,0.517,0.1572,0.0515,3.7,0.5,5.9,0.2,23.8,1.7,4.6,2.6,0.0,13.7,14.3,7.1,77.25,21.200000000000003,12.0,12.35,35.75,74.2,39.0,6.0,0,0,0
20143,Ottawa County,KS,0.042,0.1336,0.1817,0.1409,0.0232,3.5,0.7,5.8,0.2,18.4,3.3,5.2,3.2,1.0,21.0,14.0,6.8,75.94999999999999,21.45,10.8,11.649999999999999,34.9,75.15,38.3,5.0,0,0,0
20145,Pawnee County,KS,0.3019,0.2475,0.1734,0.4658,0.5727,8.7,5.7,11.8,0.3,18.5,1.6,10.3,7.5,3.0,17.5,23.7,16.7,75.35,19.9,11.35,13.1,35.0,73.65,38.1,6.0,0,0,0
20147,Phillips County,KS,0.3137,0.3423,0.6484,0.1753,0.2374,2.5,0.8,7.8,0.1,23.7,4.0,8.9,3.5,3.0,19.6,17.8,7.4,76.25,21.55,11.75,13.2,36.15,70.9,40.7,6.0,0,0,0
20149,Pottawatomie County,KS,0.0544,0.0191,0.0993,0.3322,0.2889,1.7,1.7,4.9,0.2,13.9,1.9,4.0,5.4,1.3,17.7,11.7,11.3,74.5,20.2,9.1,9.75,33.05,73.15,35.8,4.0,0,0,0
20151,Pratt County,KS,0.3341,0.252,0.7754,0.3917,0.2234,3.9,2.2,8.5,0.3,19.4,3.6,8.1,7.5,4.0,19.6,13.2,13.5,76.1,21.35,11.0,12.6,33.3,73.4,37.05,6.0,0,0,0
20153,Rawlins County,KS,0.3958,0.1928,0.8772,0.335,0.4123,5.5,0.6,8.1,1.2,29.1,1.0,5.3,7.7,1.0,17.8,22.9,11.4,76.6,21.7,12.55,13.5,36.2,69.15,42.15,6.0,0,0,0
20155,Reno County,KS,0.5011,0.4314,0.6153,0.4725,0.5072,4.6,2.0,9.2,0.5,23.1,4.2,8.3,10.0,5.5,21.8,16.1,17.0,77.2,22.65,12.05,14.95,33.75,75.65,44.25,5.0,0,0,0
20157,Republic County,KS,0.041,0.0445,0.2918,0.0881,0.0655,4.0,1.2,5.3,0.0,22.8,0.6,4.6,2.4,4.3,12.8,15.5,5.8,77.1,21.450000000000003,12.3,13.399999999999999,35.650000000000006,70.85,41.400000000000006,6.0,0,0,0
20159,Rice County,KS,0.1823,0.1387,0.5927,0.5148,0.1031,2.4,2.0,7.6,1.3,17.7,3.6,8.0,11.8,2.4,14.0,15.3,19.1,76.25,20.75,10.95,12.55,34.7,69.6,40.05,6.0,0,0,0
20161,Riley County,KS,0.567,0.5733,0.0503,0.5978,0.9287,5.4,6.2,6.1,1.1,32.2,5.1,4.2,8.5,18.7,35.9,12.7,24.4,73.0,22.549999999999997,8.8,13.600000000000001,27.95,75.1,28.65,4.0,0,0,0
20163,Rooks County,KS,0.071,0.0277,0.224,0.1037,0.3185,7.0,1.7,5.3,0.0,13.9,1.8,7.4,2.6,2.5,12.5,18.5,6.1,76.65,22.15,10.75,11.7,36.25,76.1,40.6,6.0,0,0,0
20165,Rush County,KS,0.0916,0.2844,0.1164,0.3446,0.0296,2.8,0.5,5.8,0.3,22.4,4.4,9.1,5.4,0.2,19.5,14.8,11.7,76.25,21.75,11.95,13.0,35.2,65.80000000000001,38.75,6.0,0,0,0
20167,Russell County,KS,0.3226,0.5857,0.3703,0.2914,0.1133,3.6,0.8,10.6,0.1,27.4,3.9,6.6,4.4,4.9,28.7,16.7,10.1,76.25,21.7,12.05,13.95,37.05,70.9,41.65,6.0,0,0,0
20169,Saline County,KS,0.5008,0.3691,0.7248,0.5406,0.4642,8.1,3.0,9.0,0.7,20.5,3.6,6.3,12.0,6.4,25.4,16.1,20.7,75.3,21.2,11.1,13.45,34.4,76.55,41.3,5.0,0,0,0
20171,Scott County,KS,0.4349,0.2841,0.9176,0.5953,0.1893,1.3,0.0,4.0,3.5,21.2,2.3,15.1,21.1,4.5,21.8,12.9,24.2,75.5,19.55,10.45,12.25,33.9,72.4,38.35,6.0,0,0,0
20173,Sedgwick County,KS,0.7292,0.6596,0.8123,0.7098,0.5562,6.0,7.8,10.9,2.7,21.7,5.3,10.5,15.5,11.8,24.7,14.6,33.6,72.94999999999999,22.8,11.45,15.65,34.55,73.5,38.75,3.0,0,0,0
20175,Seward County,KS,0.8578,0.7871,0.7429,0.966,0.7954,6.8,3.0,14.5,17.8,26.4,2.7,30.2,64.2,6.5,24.8,8.3,71.9,72.35,17.700000000000003,13.5,24.5,33.9,70.19999999999999,43.05,5.0,0,0,0
20177,Shawnee County,KS,0.6137,0.3869,0.7095,0.6398,0.7486,7.0,7.8,8.2,1.6,20.6,4.2,7.1,13.2,11.0,24.4,13.7,27.8,78.25,23.5,11.4,14.25,38.25,78.85,38.4,4.0,0,0,0
20179,Sheridan County,KS,0.0706,0.0404,0.5355,0.2234,0.0757,5.8,0.1,5.4,0.3,13.5,0.4,3.7,6.0,2.0,20.6,14.1,8.3,76.25,20.9,10.350000000000001,10.149999999999999,34.35,73.1,34.4,6.0,0,0,0
20181,Sherman County,KS,0.4992,0.4082,0.8956,0.4741,0.2494,3.3,0.5,8.6,0.2,20.7,2.4,10.3,12.8,3.2,25.1,18.1,17.1,74.9,20.799999999999997,11.2,13.05,34.0,67.44999999999999,38.75,6.0,0,0,0
20183,Smith County,KS,0.0404,0.0792,0.3128,0.1152,0.029,2.7,0.6,8.1,0.1,18.4,2.1,4.6,2.7,2.3,16.3,18.1,6.3,77.25,20.45,11.25,10.8,36.5,74.9,39.3,6.0,0,0,0
20185,Stafford County,KS,0.2272,0.1782,0.8031,0.4814,0.0671,2.4,0.2,8.7,1.0,21.4,3.5,6.8,13.4,0.3,15.4,15.4,17.4,76.05,21.15,11.6,13.4,36.25,72.9,41.25,6.0,0,0,0
20187,Stanton County,KS,0.3786,0.5603,0.3999,0.8225,0.063,1.6,0.0,21.1,8.3,25.5,3.0,20.0,42.6,0.3,9.7,12.0,44.3,74.45,19.5,13.6,21.35,35.05,71.7,39.85,6.0,0,0,0
20189,Stevens County,KS,0.6879,0.63,0.7257,0.797,0.4992,5.5,0.4,15.0,8.0,23.5,1.9,25.6,38.1,1.6,21.2,12.3,41.5,74.9,20.35,13.850000000000001,22.15,35.25,69.75,41.5,6.0,0,0,0
20191,Sumner County,KS,0.3322,0.3783,0.3929,0.3535,0.3124,4.9,1.0,9.3,0.4,21.3,5.2,6.5,5.9,2.5,20.6,16.6,12.0,77.0,21.9,11.15,13.05,36.25,70.4,39.849999999999994,3.0,0,0,0
20193,Thomas County,KS,0.1247,0.1021,0.3948,0.2628,0.1572,3.2,0.5,10.1,1.2,17.4,0.6,5.5,7.6,1.9,17.4,15.2,9.3,74.80000000000001,21.25,9.6,10.55,32.55,73.55,35.75,6.0,0,0,0
20195,Trego County,KS,0.0105,0.0506,0.0417,0.0089,0.0563,2.8,0.1,7.7,0.0,14.4,2.6,5.5,0.8,2.8,13.6,14.0,3.4,77.15,20.55,10.5,9.9,34.8,75.05,40.4,6.0,0,0,0
20197,Wabaunsee County,KS,0.0636,0.0458,0.3761,0.2733,0.0859,2.3,1.0,8.1,0.2,11.2,3.0,3.4,4.9,0.9,15.1,17.6,9.6,75.75,20.8,10.2,10.649999999999999,33.85,72.45,35.2,4.0,0,0,0
20199,Wallace County,KS,0.1756,0.0891,0.7865,0.3166,0.1219,4.1,0.7,4.4,1.2,25.4,2.2,7.4,6.8,1.2,9.5,18.2,10.9,76.65,21.35,11.95,13.0,35.7,70.94999999999999,36.95,6.0,0,0,0
20201,Washington County,KS,0.0802,0.029,0.6013,0.1928,0.1126,3.0,0.2,5.6,1.4,15.9,1.8,6.5,4.4,1.0,12.3,14.2,7.7,76.1,20.450000000000003,10.4,11.75,35.1,75.55,34.2,6.0,0,0,0
20203,Wichita County,KS,0.4858,0.3455,0.9583,0.6437,0.1473,1.5,0.7,8.0,3.7,23.8,2.3,11.8,24.9,0.5,20.0,20.1,28.1,74.85,19.6,12.95,16.85,34.75,70.75,41.95,6.0,0,0,0
20205,Wilson County,KS,0.4566,0.3898,0.8533,0.2485,0.3207,5.4,0.2,6.6,0.1,26.9,3.7,8.7,3.8,1.0,22.0,19.5,9.0,75.80000000000001,22.15,12.100000000000001,14.55,36.3,69.1,39.849999999999994,6.0,0,0,0
20207,Woodson County,KS,0.2491,0.4174,0.5877,0.1861,0.0681,5.0,0.1,8.6,0.4,24.1,6.2,8.0,0.9,1.8,16.7,20.2,7.6,76.6,21.7,11.7,12.75,35.8,70.4,39.55,6.0,0,0,0
20209,Wyandotte County,KS,0.9386,0.9612,0.8941,0.9227,0.678,8.0,20.1,17.5,8.0,28.8,5.7,18.6,30.2,11.1,29.8,13.9,60.9,75.45,17.75,14.2,22.799999999999997,33.75,73.65,40.7,2.0,0,0,0
21001,Adair County,KY,0.6026,0.7461,0.2109,0.2265,0.7735,5.5,1.6,7.5,0.1,32.1,6.6,13.9,2.5,1.5,20.9,22.0,8.4,76.9,23.35,12.0,15.25,35.15,69.3,38.05,6.0,0,1,0
21003,Allen County,KY,0.6484,0.7563,0.7617,0.0932,0.5288,6.4,0.8,8.2,0.4,26.6,7.3,13.5,2.4,1.6,22.4,18.5,5.9,76.9,23.35,12.0,15.25,35.15,73.35,38.05,4.0,0,1,0
21005,Anderson County,KY,0.0843,0.2908,0.3968,0.1696,0.0051,1.9,3.1,3.5,0.0,20.9,5.4,8.9,2.2,0.8,20.8,18.3,7.3,76.9,23.35,12.0,15.25,35.15,74.5,38.05,5.0,0,1,0
21007,Ballard County,KY,0.2507,0.2574,0.2039,0.2164,0.4757,5.4,3.9,3.7,0.0,25.9,5.2,7.9,1.6,0.4,18.0,17.1,8.1,76.9,23.35,12.0,15.25,35.15,72.8,38.05,4.0,0,1,0
21009,Barren County,KY,0.7919,0.7916,0.9068,0.3118,0.6599,6.7,3.4,8.7,0.8,31.9,4.9,15.3,3.6,2.5,24.5,21.2,10.7,76.9,23.35,12.0,15.25,35.15,73.7,38.05,5.0,0,1,0
21011,Bath County,KY,0.5269,0.5075,0.5772,0.0544,0.7108,9.5,1.7,8.0,0.2,33.6,2.9,18.6,1.8,1.8,17.1,22.6,5.1,76.9,23.35,12.0,15.25,35.15,68.7,38.05,5.0,0,1,0
21013,Bell County,KY,0.7782,0.9319,0.4187,0.1339,0.818,7.7,1.9,6.2,0.0,42.5,10.0,21.8,1.4,2.4,25.8,25.4,6.7,76.9,23.35,12.0,15.25,35.15,67.6,38.05,5.0,0,1,0
21015,Boone County,KY,0.1177,0.0369,0.4731,0.4146,0.1877,3.3,3.6,5.3,1.4,11.9,2.8,6.2,4.5,11.2,17.6,12.2,14.4,76.9,23.35,12.0,15.25,35.15,73.55,38.05,2.0,0,1,0
21017,Bourbon County,KY,0.5237,0.6691,0.6583,0.4416,0.2122,5.1,4.9,3.4,0.5,28.0,5.5,14.7,7.2,0.8,27.0,20.1,15.6,76.9,23.35,12.0,15.25,35.15,74.95,38.05,3.0,0,1,0
21019,Boyd County,KY,0.6704,0.637,0.7585,0.1985,0.7315,8.7,2.0,5.4,0.2,26.8,6.9,11.3,2.0,4.9,23.3,21.9,7.8,76.9,23.35,12.0,15.25,35.15,73.25,38.05,3.0,0,1,0
21021,Boyle County,KY,0.5304,0.6402,0.5339,0.4407,0.357,5.8,7.9,5.9,0.5,25.3,6.2,9.6,3.4,2.3,27.5,17.3,15.5,76.9,23.35,12.0,15.25,35.15,71.2,38.05,5.0,0,1,0
21023,Bracken County,KY,0.2568,0.4432,0.2908,0.0337,0.2364,2.6,1.4,4.1,0.0,27.8,6.2,12.0,0.8,2.6,17.5,17.0,4.5,76.9,23.35,12.0,15.25,35.15,73.35,38.05,2.0,0,1,0
21025,Breathitt County,KY,0.6962,0.7111,0.4445,0.0169,0.9497,13.3,1.0,3.7,0.1,38.3,8.9,20.5,1.2,1.1,18.6,30.6,3.9,76.9,23.35,12.0,15.25,35.15,68.85,38.05,6.0,0,1,0
21027,Breckinridge County,KY,0.6481,0.7197,0.8279,0.1508,0.4976,4.9,1.7,8.3,0.7,34.6,7.7,14.9,1.9,1.2,16.1,21.0,7.0,76.9,23.35,12.0,15.25,35.15,71.5,38.05,6.0,0,1,0
21029,Bullitt County,KY,0.1779,0.1922,0.4648,0.1928,0.1728,4.2,1.2,3.0,1.0,17.4,4.6,10.6,2.6,2.3,19.3,15.8,7.7,76.9,23.35,12.0,15.25,35.15,74.85,38.05,2.0,0,1,0
21031,Butler County,KY,0.7623,0.7658,0.7996,0.1152,0.8043,6.8,0.4,11.7,2.3,32.2,5.4,19.3,3.8,2.5,17.7,19.7,6.3,76.9,23.35,12.0,15.25,35.15,68.2,38.05,4.0,0,1,0
21033,Caldwell County,KY,0.7184,0.6592,0.819,0.3058,0.7216,7.9,6.0,11.2,0.1,25.4,4.7,12.3,2.2,2.7,22.1,28.0,10.5,76.9,23.35,12.0,15.25,35.15,73.5,38.05,6.0,0,1,0
21035,Calloway County,KY,0.5482,0.6363,0.1301,0.3322,0.7996,5.2,3.4,7.0,0.2,31.5,4.7,9.7,2.8,4.9,25.4,18.1,11.3,76.9,23.35,12.0,15.25,35.15,74.3,38.05,5.0,0,1,0
21037,Campbell County,KY,0.2103,0.2001,0.1024,0.2444,0.5542,6.6,2.6,4.2,0.4,17.7,3.8,6.7,2.3,14.4,24.8,13.3,8.9,76.9,23.35,12.0,15.25,35.15,77.4,38.05,2.0,0,1,0
21039,Carlisle County,KY,0.4225,0.5918,0.5059,0.1928,0.2453,2.6,1.2,7.3,0.1,33.1,4.2,13.1,2.5,0.7,21.2,16.9,7.7,76.9,23.35,12.0,15.25,35.15,69.85,38.05,4.0,0,1,0
21041,Carroll County,KY,0.8886,0.8743,0.9609,0.3723,0.7894,6.0,3.3,8.9,1.7,28.9,6.7,17.3,6.9,1.2,24.8,17.5,12.7,76.9,23.35,12.0,15.25,35.15,69.4,38.05,6.0,0,1,0
21043,Carter County,KY,0.5581,0.7639,0.3808,0.0455,0.5708,7.0,0.4,9.6,0.0,35.7,6.0,18.8,1.0,1.6,17.2,21.9,4.8,76.9,23.35,12.0,15.25,35.15,66.85,38.05,3.0,0,1,0
21045,Casey County,KY,0.8361,0.9376,0.6122,0.0881,0.8886,8.1,0.9,12.9,0.7,40.1,10.4,22.7,3.1,0.9,19.7,18.3,5.8,76.9,23.35,12.0,15.25,35.15,65.45,38.05,6.0,0,1,0
21047,Christian County,KY,0.9469,0.929,0.9335,0.7276,0.854,7.2,19.7,8.7,1.1,32.7,7.6,13.7,8.4,4.0,33.7,18.7,35.3,76.9,23.35,12.0,15.25,35.15,74.65,38.05,3.0,0,1,0
21049,Clark County,KY,0.51,0.4938,0.7175,0.3166,0.4235,6.6,3.9,4.3,0.8,22.4,5.2,11.0,3.3,2.8,25.8,18.5,10.9,76.9,23.35,12.0,15.25,35.15,72.0,38.05,3.0,0,1,0
21051,Clay County,KY,0.8174,0.8377,0.5498,0.2323,0.952,12.0,4.1,5.4,0.2,45.1,10.0,27.9,1.2,1.0,20.9,29.0,8.6,76.9,23.35,12.0,15.25,35.15,65.65,38.05,5.0,0,1,0
21053,Clinton County,KY,0.6472,0.6888,0.7862,0.119,0.5994,6.1,0.2,6.2,0.9,36.6,5.6,19.1,3.3,2.0,18.8,24.5,6.4,76.9,23.35,12.0,15.25,35.15,69.0,38.05,6.0,0,1,0
21055,Crittenden County,KY,0.518,0.5587,0.6927,0.0757,0.4922,5.7,0.7,12.0,0.1,30.6,3.4,13.6,1.9,0.5,18.0,31.4,5.6,76.9,23.35,12.0,15.25,35.15,65.6,38.05,6.0,0,1,0
21057,Cumberland County,KY,0.7544,0.8797,0.496,0.1508,0.8018,9.9,2.7,10.3,0.5,39.1,3.8,19.6,1.8,1.7,28.3,18.8,7.0,76.9,23.35,12.0,15.25,35.15,71.05,38.05,6.0,0,1,0
21059,Daviess County,KY,0.6109,0.3443,0.8199,0.3888,0.8247,6.9,4.7,5.1,1.3,23.3,4.1,8.8,3.4,6.1,23.2,16.5,13.4,76.9,23.35,12.0,15.25,35.15,76.5,38.05,4.0,0,1,0
21061,Edmonson County,KY,0.3697,0.6446,0.1763,0.0455,0.3554,3.8,0.8,8.3,0.0,27.6,6.8,18.4,1.6,1.0,12.5,26.3,4.8,76.9,23.35,12.0,15.25,35.15,71.75,38.05,4.0,0,1,0
21063,Elliott County,KY,0.7617,0.8848,0.2113,0.0337,0.9742,6.9,2.9,8.2,0.0,38.9,6.0,24.6,0.9,1.7,22.7,27.4,4.5,76.9,23.35,12.0,15.25,35.15,71.35,38.05,6.0,0,1,0
21065,Estill County,KY,0.7604,0.8686,0.958,0.0191,0.4289,8.0,0.1,4.9,0.9,34.8,8.7,23.5,0.8,2.5,24.7,28.9,4.0,76.9,23.35,12.0,15.25,35.15,70.7,38.05,5.0,0,1,0
21067,Fayette County,KY,0.5542,0.5329,0.1639,0.672,0.7611,7.2,14.6,6.9,2.6,23.0,5.0,7.8,7.4,18.3,28.9,12.5,30.4,76.9,23.35,12.0,15.25,35.15,71.5,38.05,3.0,0,1,0
21069,Fleming County,KY,0.6771,0.7878,0.685,0.0735,0.6376,8.9,0.9,8.6,0.2,34.0,8.4,18.6,1.7,0.6,17.5,20.7,5.5,76.9,23.35,12.0,15.25,35.15,75.0,38.05,6.0,0,1,0
21071,Floyd County,KY,0.7073,0.8626,0.4811,0.0115,0.7544,8.6,0.8,4.8,0.2,40.2,6.8,20.7,0.2,2.4,25.7,25.9,3.6,76.9,23.35,12.0,15.25,35.15,70.0,38.05,5.0,0,1,0
21073,Franklin County,KY,0.6255,0.426,0.8295,0.5094,0.6933,5.8,8.7,6.9,1.6,21.7,4.8,8.1,3.9,8.1,23.6,17.6,18.9,76.9,23.35,12.0,15.25,35.15,73.4,38.05,5.0,0,1,0
21075,Fulton County,KY,0.91,0.881,0.7897,0.6685,0.943,14.1,23.6,5.8,0.0,40.4,5.6,19.6,1.5,2.8,29.2,21.8,30.2,76.9,23.35,12.0,15.25,35.15,71.85,38.05,6.0,0,1,0
21077,Gallatin County,KY,0.5514,0.7066,0.1126,0.3563,0.7401,3.3,2.7,9.5,0.2,31.0,3.7,15.4,5.9,4.6,23.2,16.7,12.1,76.9,23.35,12.0,15.25,35.15,72.55,38.05,2.0,0,1,0
21079,Garrard County,KY,0.3312,0.6316,0.42,0.1753,0.099,4.7,2.3,7.3,0.5,29.4,5.3,15.1,2.5,0.2,19.9,16.9,7.4,76.9,23.35,12.0,15.25,35.15,70.6,38.05,6.0,0,1,0
21081,Grant County,KY,0.2876,0.2819,0.4228,0.1753,0.4082,5.6,0.9,4.8,0.0,22.6,4.5,11.1,3.1,2.8,18.4,17.4,7.4,76.9,23.35,12.0,15.25,35.15,69.5,38.05,2.0,0,1,0
21083,Graves County,KY,0.5507,0.5393,0.518,0.4308,0.5803,5.9,4.0,6.9,0.6,31.4,3.7,9.9,7.4,2.3,24.2,19.1,15.0,76.9,23.35,12.0,15.25,35.15,71.80000000000001,38.05,5.0,0,1,0
21085,Grayson County,KY,0.5428,0.643,0.7025,0.0474,0.461,5.0,0.5,6.3,0.3,30.2,4.8,16.4,1.5,1.7,21.7,19.9,4.9,76.9,23.35,12.0,15.25,35.15,77.15,38.05,6.0,0,1,0
21087,Green County,KY,0.629,0.8046,0.8918,0.1037,0.23,4.6,1.8,8.3,0.4,36.3,9.5,17.1,1.8,0.5,18.5,25.4,6.1,76.9,23.35,12.0,15.25,35.15,64.5,38.05,5.0,0,1,0
21089,Greenup County,KY,0.2351,0.4079,0.4464,0.0407,0.1349,4.6,0.8,5.7,0.2,24.1,6.2,10.1,1.2,1.6,18.2,20.5,4.7,76.9,23.35,12.0,15.25,35.15,71.25,38.05,3.0,0,1,0
21091,Hancock County,KY,0.1874,0.3083,0.4181,0.0735,0.1289,3.8,0.9,5.2,0.0,23.7,4.4,12.8,1.8,1.1,16.8,20.7,5.5,76.9,23.35,12.0,15.25,35.15,72.3,38.05,6.0,0,1,0
21093,Hardin County,KY,0.5721,0.3697,0.714,0.6029,0.6742,6.3,11.3,5.3,0.5,20.3,6.8,7.7,6.0,5.6,21.1,17.7,24.7,76.9,23.35,12.0,15.25,35.15,70.75,38.05,4.0,0,1,0
21095,Harlan County,KY,0.8336,0.8495,0.8167,0.0757,0.9055,8.9,2.1,4.9,0.3,45.1,10.8,23.0,0.3,2.3,22.2,27.7,5.6,76.9,23.35,12.0,15.25,35.15,70.15,38.05,6.0,0,1,0
21097,Harrison County,KY,0.2714,0.2895,0.1753,0.1276,0.567,9.0,2.1,4.5,0.0,25.9,2.8,13.5,2.6,1.7,19.3,17.4,6.6,76.9,23.35,12.0,15.25,35.15,74.55,38.05,6.0,0,1,0
21099,Hart County,KY,0.8037,0.8291,0.7951,0.265,0.7757,8.0,4.2,9.3,0.4,37.0,3.5,21.6,2.0,2.1,26.9,20.3,9.4,76.9,23.35,12.0,15.25,35.15,72.65,38.05,6.0,0,1,0
21101,Henderson County,KY,0.6386,0.4785,0.8463,0.4314,0.6608,6.7,7.2,4.2,0.4,26.3,3.8,10.7,2.9,7.9,28.0,23.3,15.1,76.9,23.35,12.0,15.25,35.15,75.75,38.05,5.0,0,1,0
21103,Henry County,KY,0.5845,0.7025,0.7362,0.2781,0.3586,5.4,2.4,8.6,0.5,25.8,3.9,15.8,3.7,1.7,26.3,18.4,9.7,76.9,23.35,12.0,15.25,35.15,73.75,38.05,2.0,0,1,0
21105,Hickman County,KY,0.2326,0.1966,0.3586,0.4018,0.3058,4.8,9.4,4.7,0.2,21.9,4.1,11.6,2.2,0.2,12.0,20.3,13.9,76.9,23.35,12.0,15.25,35.15,71.45,38.05,6.0,0,1,0
21107,Hopkins County,KY,0.6344,0.5552,0.7961,0.3592,0.6239,5.5,6.0,4.7,0.4,28.0,7.7,11.4,2.3,1.7,20.0,26.1,12.2,76.9,23.35,12.0,15.25,35.15,72.94999999999999,38.05,5.0,0,1,0
21109,Jackson County,KY,0.664,0.7464,0.7789,0.0041,0.6325,7.6,0.2,4.0,0.2,34.9,6.0,27.0,1.1,1.3,22.0,24.1,2.8,76.9,23.35,12.0,15.25,35.15,69.5,38.05,6.0,0,1,0
21111,Jefferson County,KY,0.622,0.468,0.6723,0.7226,0.6516,9.0,21.7,5.3,2.3,22.3,5.1,8.7,6.3,12.7,26.3,14.1,34.9,76.9,23.35,12.0,15.25,35.15,71.69999999999999,38.05,1.0,0,1,0
21113,Jessamine County,KY,0.3474,0.3987,0.5574,0.3697,0.2148,4.0,4.2,6.5,1.1,19.8,4.5,10.4,3.9,2.9,22.9,14.9,12.6,76.9,23.35,12.0,15.25,35.15,74.5,38.05,3.0,0,1,0
21115,Johnson County,KY,0.7509,0.7687,0.6841,0.0099,0.9007,7.6,0.5,5.0,0.3,38.6,5.3,17.2,0.6,5.4,25.1,25.3,3.5,76.9,23.35,12.0,15.25,35.15,69.7,38.05,6.0,0,1,0
21117,Kenton County,KY,0.308,0.2313,0.3856,0.3723,0.4935,6.9,4.4,4.8,1.1,18.6,4.4,8.0,3.6,11.2,21.9,13.5,12.7,76.9,23.35,12.0,15.25,35.15,76.5,38.05,2.0,0,1,0
21119,Knott County,KY,0.7334,0.7248,0.4836,0.0115,0.973,7.5,1.1,3.0,0.0,41.7,10.6,28.3,1.1,1.3,18.2,27.6,3.6,76.9,23.35,12.0,15.25,35.15,67.25,38.05,6.0,0,1,0
21121,Knox County,KY,0.8584,0.9154,0.7757,0.0474,0.9316,13.0,0.7,6.7,0.1,45.9,8.9,21.0,1.5,2.9,23.8,21.8,4.9,76.9,23.35,12.0,15.25,35.15,65.5,38.05,5.0,0,1,0
21123,Larue County,KY,0.2501,0.4553,0.5437,0.2587,0.0522,3.7,2.9,3.7,0.0,29.1,2.8,15.6,3.3,0.3,23.2,18.1,9.2,76.9,23.35,12.0,15.25,35.15,72.55000000000001,38.05,4.0,0,1,0
21125,Laurel County,KY,0.5285,0.5826,0.4706,0.0407,0.6942,5.4,0.7,8.3,0.3,31.2,3.6,16.0,1.6,2.2,20.0,17.8,4.7,76.9,23.35,12.0,15.25,35.15,70.9,38.05,5.0,0,1,0
21127,Lawrence County,KY,0.4744,0.7445,0.5765,0.0115,0.2214,4.7,0.2,6.8,0.3,36.8,5.2,23.1,1.5,1.4,20.3,25.1,3.6,76.9,23.35,12.0,15.25,35.15,68.3,38.05,3.0,0,1,0
21129,Lee County,KY,0.8492,0.854,0.4407,0.2062,0.9968,15.4,2.0,3.1,0.1,50.4,8.1,26.5,2.3,1.7,24.5,28.5,7.9,76.9,23.35,12.0,15.25,35.15,69.5,38.05,6.0,0,1,0
21131,Leslie County,KY,0.5746,0.7041,0.1324,0.0057,0.9182,8.4,0.4,1.7,0.0,45.0,10.0,18.0,0.7,0.8,19.0,27.8,3.0,76.9,23.35,12.0,15.25,35.15,69.05,38.05,6.0,0,1,0
21133,Letcher County,KY,0.7012,0.7833,0.7512,0.0073,0.6962,7.1,0.7,3.8,0.1,41.9,7.7,21.1,0.9,1.4,21.5,31.2,3.2,76.9,23.35,12.0,15.25,35.15,64.75,38.05,6.0,0,1,0
21135,Lewis County,KY,0.5495,0.8002,0.503,0.0048,0.4038,6.4,0.0,5.8,0.0,45.3,7.3,21.3,0.0,1.2,20.2,20.8,2.9,76.9,23.35,12.0,15.25,35.15,71.2,38.05,6.0,0,1,0
21137,Lincoln County,KY,0.5835,0.7031,0.8155,0.1457,0.3455,6.7,1.8,6.3,0.3,30.1,6.6,17.4,1.9,0.2,19.8,17.7,6.9,76.9,23.35,12.0,15.25,35.15,76.80000000000001,38.05,5.0,0,1,0
21139,Livingston County,KY,0.2374,0.497,0.496,0.0735,0.0582,2.9,0.3,4.8,0.0,27.7,6.1,13.0,2.6,0.3,18.6,31.2,5.5,76.9,23.35,12.0,15.25,35.15,71.85,38.05,4.0,0,1,0
21141,Logan County,KY,0.4671,0.6274,0.4852,0.3503,0.2599,6.1,5.8,8.8,0.2,25.7,5.6,12.3,3.1,0.8,20.8,16.5,11.9,76.9,23.35,12.0,15.25,35.15,75.6,38.05,6.0,0,1,0
21143,Lyon County,KY,0.1845,0.1718,0.1616,0.3563,0.3576,2.7,6.5,6.5,0.0,18.8,3.6,9.5,2.5,1.5,16.6,40.0,12.1,76.9,23.35,12.0,15.25,35.15,75.9,38.05,6.0,0,1,0
21145,McCracken County,KY,0.5517,0.3436,0.4763,0.4913,0.8626,8.2,10.5,5.8,0.1,26.5,3.6,7.3,2.8,6.5,23.2,15.9,17.8,76.9,23.35,12.0,15.25,35.15,77.15,38.05,4.0,0,1,0
21147,McCreary County,KY,0.6965,0.7311,0.3077,0.314,0.9087,10.8,6.7,5.1,0.3,50.4,5.6,22.0,1.6,1.0,20.3,23.1,10.8,76.9,23.35,12.0,15.25,35.15,66.6,38.05,6.0,0,1,0
21149,McLean County,KY,0.1839,0.195,0.21,0.0627,0.4165,5.8,1.0,3.5,0.0,18.4,6.7,8.7,2.0,3.6,13.9,18.6,5.3,76.9,23.35,12.0,15.25,35.15,73.69999999999999,38.05,4.0,0,1,0
21151,Madison County,KY,0.3843,0.4843,0.1005,0.328,0.5982,4.5,3.9,5.4,0.5,23.4,5.4,9.2,2.7,7.0,24.2,15.4,11.2,76.9,23.35,12.0,15.25,35.15,71.65,38.05,5.0,0,1,0
21153,Magoffin County,KY,0.7595,0.8396,0.6872,0.0057,0.8062,8.5,0.0,4.0,0.0,51.2,12.8,27.5,1.3,1.4,22.2,31.4,3.0,76.9,23.35,12.0,15.25,35.15,63.800000000000004,38.05,6.0,0,1,0
21155,Marion County,KY,0.7859,0.6949,0.8791,0.3697,0.7957,5.7,6.9,2.8,0.7,31.9,6.0,15.6,2.8,3.2,24.2,21.9,12.6,76.9,23.35,12.0,15.25,35.15,71.05,38.05,6.0,0,1,0
21157,Marshall County,KY,0.1699,0.1833,0.3163,0.0191,0.3175,4.4,0.6,7.1,0.1,23.0,3.0,7.7,1.8,3.2,17.1,17.8,4.0,76.9,23.35,12.0,15.25,35.15,78.7,38.05,6.0,0,1,0
21159,Martin County,KY,0.6869,0.7079,0.1537,0.3592,0.9618,8.3,6.5,2.3,0.3,41.7,6.4,24.7,1.8,1.5,20.0,32.5,12.2,76.9,23.35,12.0,15.25,35.15,67.8,38.05,6.0,0,1,0
21161,Mason County,KY,0.6542,0.6042,0.8304,0.3535,0.5743,10.5,6.8,6.1,0.4,30.5,4.7,14.4,2.2,5.8,21.7,18.0,12.0,76.9,23.35,12.0,15.25,35.15,68.65,38.05,6.0,0,1,0
21163,Meade County,KY,0.1559,0.1839,0.2272,0.335,0.2084,4.2,3.6,3.9,0.1,17.5,4.2,10.4,4.0,2.3,19.4,19.8,11.4,76.9,23.35,12.0,15.25,35.15,74.75,38.05,2.0,0,1,0
21165,Menifee County,KY,0.5676,0.5469,0.6907,0.0191,0.7136,6.9,0.2,5.5,0.0,38.1,4.7,20.3,2.4,0.3,15.0,25.5,4.0,76.9,23.35,12.0,15.25,35.15,73.7,38.05,5.0,0,1,0
21167,Mercer County,KY,0.1591,0.2774,0.2323,0.2781,0.126,4.9,3.5,5.8,1.1,19.1,4.5,9.9,3.3,2.1,20.1,15.3,9.7,76.9,23.35,12.0,15.25,35.15,74.3,38.05,6.0,0,1,0
21169,Metcalfe County,KY,0.5453,0.6217,0.4108,0.0627,0.7194,6.3,1.9,7.8,0.0,32.2,4.8,16.7,2.0,2.4,18.5,20.2,5.3,76.9,23.35,12.0,15.25,35.15,72.8,38.05,5.0,0,1,0
21171,Monroe County,KY,0.714,0.581,0.9112,0.1409,0.777,7.5,2.6,5.7,0.5,32.9,5.4,18.4,3.2,3.4,16.7,24.3,6.8,76.9,23.35,12.0,15.25,35.15,73.1,38.05,6.0,0,1,0
21173,Montgomery County,KY,0.5896,0.6936,0.7,0.1753,0.4617,6.2,2.7,7.0,0.1,26.9,6.0,14.8,3.0,3.4,21.9,20.9,7.4,76.9,23.35,12.0,15.25,35.15,70.65,38.05,5.0,0,1,0
21175,Morgan County,KY,0.5918,0.5845,0.2256,0.1985,0.9297,6.7,4.1,8.0,0.0,34.8,3.1,22.5,1.1,1.5,18.7,26.1,7.8,76.9,23.35,12.0,15.25,35.15,69.25,38.05,6.0,0,1,0
21177,Muhlenberg County,KY,0.3535,0.5307,0.2584,0.182,0.3325,4.6,1.9,5.1,0.2,28.8,4.9,15.8,1.7,1.5,19.9,21.9,7.5,76.9,23.35,12.0,15.25,35.15,69.95,38.05,6.0,0,1,0
21179,Nelson County,KY,0.0888,0.1359,0.3532,0.2879,0.0496,3.0,4.8,5.4,0.7,16.4,2.9,7.8,2.4,2.1,21.0,15.5,10.0,76.9,23.35,12.0,15.25,35.15,76.35,38.05,2.0,0,1,0
21181,Nicholas County,KY,0.4111,0.6001,0.1868,0.0229,0.5345,8.9,0.7,6.4,0.0,27.8,5.6,18.4,0.0,2.9,18.4,22.5,4.2,76.9,23.35,12.0,15.25,35.15,73.44999999999999,38.05,6.0,0,1,0
21183,Ohio County,KY,0.4251,0.4158,0.9252,0.1225,0.1817,3.7,1.0,5.6,1.9,25.7,4.5,18.2,3.5,0.4,15.5,18.3,6.5,76.9,23.35,12.0,15.25,35.15,76.65,38.05,6.0,0,1,0
21185,Oldham County,KY,0.0398,0.0181,0.1702,0.3723,0.112,1.2,3.8,3.1,0.4,8.3,3.9,5.8,4.1,2.8,13.0,9.2,12.7,76.9,23.35,12.0,15.25,35.15,77.2,38.05,2.0,0,1,0
21187,Owen County,KY,0.2711,0.5507,0.3058,0.0932,0.133,2.8,1.0,8.3,0.3,24.8,4.6,16.2,0.6,0.5,19.3,18.7,5.9,76.9,23.35,12.0,15.25,35.15,74.45,38.05,6.0,0,1,0
21189,Owsley County,KY,0.5078,0.7082,0.2246,0.2323,0.5371,10.4,1.3,4.5,0.0,38.1,14.2,28.6,0.0,0.8,15.0,32.4,8.6,76.9,23.35,12.0,15.25,35.15,67.7,38.05,6.0,0,1,0
21191,Pendleton County,KY,0.5221,0.6252,0.3662,0.1225,0.6351,4.3,0.6,6.1,0.0,24.9,5.0,14.5,1.4,1.8,24.5,18.1,6.5,76.9,23.35,12.0,15.25,35.15,73.2,38.05,2.0,0,1,0
21193,Perry County,KY,0.6901,0.7566,0.7343,0.0932,0.6767,7.8,1.0,3.6,0.2,36.3,7.5,20.4,1.1,1.4,21.5,31.3,5.9,76.9,23.35,12.0,15.25,35.15,68.5,38.05,6.0,0,1,0
21195,Pike County,KY,0.7506,0.8673,0.5272,0.0229,0.8489,8.9,0.8,5.4,0.1,36.4,7.3,20.2,1.0,2.7,24.9,29.0,4.2,76.9,23.35,12.0,15.25,35.15,66.05000000000001,38.05,5.0,0,1,0
21197,Powell County,KY,0.7992,0.867,0.5651,0.0757,0.938,8.5,0.3,5.4,0.1,33.2,7.1,18.1,2.0,2.1,27.8,22.8,5.6,76.9,23.35,12.0,15.25,35.15,71.65,38.05,6.0,0,1,0
21199,Pulaski County,KY,0.6456,0.7483,0.8886,0.1339,0.3735,6.1,0.9,6.7,0.8,33.1,4.9,16.2,2.7,2.1,23.9,20.0,6.7,76.9,23.35,12.0,15.25,35.15,64.7,38.05,5.0,0,1,0
21201,Robertson County,KY,0.587,0.7251,0.5339,0.0115,0.6246,2.5,0.3,5.1,0.0,34.0,7.0,15.8,1.8,1.3,21.3,16.6,3.6,76.9,23.35,12.0,15.25,35.15,70.1,38.05,6.0,0,1,0
21203,Rockcastle County,KY,0.5291,0.6389,0.4178,0.0099,0.6621,9.1,0.1,4.7,0.0,33.5,6.6,18.1,1.1,0.6,18.5,22.2,3.5,76.9,23.35,12.0,15.25,35.15,71.6,38.05,5.0,0,1,0
21205,Rowan County,KY,0.5065,0.6927,0.014,0.0932,0.9586,8.8,2.1,5.2,0.2,37.7,4.6,13.2,2.1,3.4,25.9,16.2,5.9,76.9,23.35,12.0,15.25,35.15,72.55000000000001,38.05,6.0,0,1,0
21207,Russell County,KY,0.6029,0.6812,0.938,0.1572,0.2552,3.9,1.1,6.2,0.4,33.0,6.1,17.3,3.8,2.2,19.2,21.5,7.1,76.9,23.35,12.0,15.25,35.15,67.25,38.05,6.0,0,1,0
21209,Scott County,KY,0.1572,0.0544,0.5501,0.4018,0.2552,3.4,4.8,4.5,0.9,14.8,3.7,5.7,4.5,5.9,18.0,13.5,13.9,76.9,23.35,12.0,15.25,35.15,77.65,38.05,3.0,0,1,0
21211,Shelby County,KY,0.2892,0.2564,0.3789,0.5383,0.3007,2.3,5.0,6.9,2.3,17.0,3.3,11.4,9.6,4.6,20.5,12.1,20.6,76.9,23.35,12.0,15.25,35.15,74.85,38.05,2.0,0,1,0
21213,Simpson County,KY,0.2259,0.4779,0.0372,0.4314,0.2205,3.0,9.3,9.2,0.0,20.6,3.5,9.8,2.8,2.8,25.7,14.3,15.1,76.9,23.35,12.0,15.25,35.15,73.05,38.05,5.0,0,1,0
21215,Spencer County,KY,0.0356,0.1448,0.069,0.1276,0.0347,2.7,1.7,4.7,0.2,15.5,6.2,7.4,2.6,1.5,13.7,13.7,6.6,76.9,23.35,12.0,15.25,35.15,70.6,38.05,2.0,0,1,0
21217,Taylor County,KY,0.3395,0.2911,0.5654,0.3086,0.3789,6.7,4.4,3.6,0.0,23.8,4.9,11.6,2.6,1.1,17.5,20.8,10.6,76.9,23.35,12.0,15.25,35.15,72.5,38.05,5.0,0,1,0
21219,Todd County,KY,0.7986,0.7572,0.7455,0.4273,0.8533,9.3,8.0,21.8,2.0,29.5,4.3,21.4,4.8,2.3,17.7,15.4,14.9,76.9,23.35,12.0,15.25,35.15,69.25,38.05,6.0,0,1,0
21221,Trigg County,KY,0.6672,0.685,0.7846,0.377,0.5352,7.0,6.3,11.0,0.2,28.3,4.0,12.2,2.5,1.4,23.6,27.5,12.9,76.9,23.35,12.0,15.25,35.15,68.8,38.05,3.0,0,1,0
21223,Trimble County,KY,0.3633,0.419,0.3805,0.2062,0.4232,5.3,0.3,4.1,0.5,21.5,8.4,14.5,3.4,0.2,16.1,19.9,7.9,76.9,23.35,12.0,15.25,35.15,75.5,38.05,6.0,0,1,0
21225,Union County,KY,0.2424,0.2794,0.1829,0.3649,0.3468,5.1,8.7,5.6,0.2,26.5,3.7,9.4,1.9,1.0,18.6,30.9,12.4,76.9,23.35,12.0,15.25,35.15,71.55,38.05,6.0,0,1,0
21227,Warren County,KY,0.7731,0.6265,0.6029,0.5819,0.9415,6.7,8.6,6.8,3.2,26.8,4.7,11.4,5.7,10.9,25.9,13.9,23.4,76.9,23.35,12.0,15.25,35.15,75.35,38.05,4.0,0,1,0
21229,Washington County,KY,0.4184,0.3735,0.6373,0.3592,0.3818,6.8,5.5,9.8,0.3,21.7,2.3,11.9,0.5,1.0,20.5,20.7,12.2,76.9,23.35,12.0,15.25,35.15,75.95,38.05,6.0,0,1,0
21231,Wayne County,KY,0.6812,0.7941,0.9255,0.1696,0.3128,6.0,0.5,6.8,0.8,40.8,5.2,23.6,3.7,1.1,21.9,24.3,7.3,76.9,23.35,12.0,15.25,35.15,68.25,38.05,6.0,0,1,0
21233,Webster County,KY,0.706,0.5317,0.9704,0.3484,0.5702,5.3,4.1,6.1,1.5,28.2,5.9,14.3,5.8,1.4,17.0,29.1,11.8,76.9,23.35,12.0,15.25,35.15,72.44999999999999,38.05,5.0,0,1,0
21235,Whitley County,KY,0.8365,0.8918,0.5027,0.0407,0.9831,8.6,0.9,8.0,0.1,38.6,6.4,17.9,1.5,2.1,24.1,21.8,4.7,76.9,23.35,12.0,15.25,35.15,64.8,38.05,5.0,0,1,0
21237,Wolfe County,KY,0.776,0.902,0.4728,0.0006,0.8995,16.3,0.2,1.0,0.0,54.9,20.3,36.4,0.0,0.1,26.3,35.6,1.5,76.9,23.35,12.0,15.25,35.15,68.9,38.05,6.0,0,1,0
21239,Woodford County,KY,0.1801,0.1085,0.6659,0.4085,0.1378,3.7,3.7,2.7,1.8,15.5,2.5,8.8,6.7,2.3,21.7,13.5,14.1,76.9,23.35,12.0,15.25,35.15,76.4,38.05,3.0,0,1,0
22001,Acadia Parish,LA,0.8832,0.8867,0.8781,0.5759,0.7935,9.2,16.5,6.4,0.4,35.9,8.8,19.9,3.1,2.8,23.6,19.7,23.0,79.5,31.0,15.4,26.700000000000003,36.900000000000006,76.05000000000001,41.75,3.0,0,1,0
22003,Allen Parish,LA,0.903,0.7525,0.9354,0.6647,0.944,8.2,17.4,7.6,2.9,28.8,8.9,20.4,6.4,0.5,17.9,19.7,30.0,78.65,27.5,14.8,26.549999999999997,36.7,75.9,44.05,6.0,0,1,0
22005,Ascension Parish,LA,0.384,0.2259,0.6717,0.7105,0.3274,3.7,22.7,6.4,1.6,16.1,4.5,11.2,6.2,4.2,17.2,12.3,33.7,81.05000000000001,27.049999999999997,11.7,17.200000000000003,36.85,79.55,35.25,3.0,0,1,0
22007,Assumption Parish,LA,0.7296,0.7719,0.5854,0.7226,0.5635,9.0,28.9,8.7,0.4,29.7,8.0,20.9,3.4,0.4,17.6,17.0,34.9,80.95,27.8,15.05,25.25,38.1,77.25,38.349999999999994,3.0,0,1,0
22009,Avoyelles Parish,LA,0.9682,0.9545,0.9383,0.7299,0.9084,9.9,25.5,7.9,0.5,41.4,7.5,22.0,2.2,1.2,27.8,23.6,35.6,80.0,28.45,16.45,30.299999999999997,37.900000000000006,74.0,43.1,6.0,0,1,0
22011,Beauregard Parish,LA,0.5498,0.4744,0.5377,0.5415,0.6131,5.4,11.3,7.9,0.2,22.0,8.1,11.8,4.0,1.0,12.6,18.0,20.8,79.7,29.2,12.600000000000001,19.25,37.85,77.6,40.6,5.0,0,1,0
22013,Bienville Parish,LA,0.9755,0.8944,0.9612,0.8492,0.9695,12.9,41.6,9.0,0.6,46.9,5.6,14.3,2.2,1.2,26.6,20.6,46.5,82.19999999999999,27.799999999999997,19.8,34.150000000000006,39.35,77.15,47.55,6.0,0,1,0
22015,Bossier Parish,LA,0.7773,0.721,0.7381,0.7359,0.7019,6.1,23.6,9.4,1.9,25.8,5.6,9.7,6.9,6.1,26.4,13.2,36.0,81.15,27.0,12.649999999999999,19.15,35.2,76.8,40.9,3.0,0,1,0
22017,Caddo Parish,LA,0.9329,0.9033,0.8202,0.9017,0.8963,10.3,49.2,7.5,0.4,33.4,8.6,12.7,3.0,9.4,31.4,17.5,56.5,83.05000000000001,27.1,15.85,28.15,37.55,76.6,42.25,3.0,0,1,0
22019,Calcasieu Parish,LA,0.7149,0.616,0.5673,0.7105,0.7693,6.2,24.6,7.7,0.6,25.9,5.6,11.3,4.2,6.2,22.1,14.1,33.7,80.44999999999999,27.8,13.35,20.2,36.65,78.0,42.95,4.0,0,1,0
22021,Caldwell Parish,LA,0.9052,0.8568,0.6777,0.5775,0.986,9.1,20.3,6.8,0.1,39.0,12.9,20.1,0.8,1.5,20.7,18.0,23.1,79.55,29.65,15.45,26.5,37.95,72.5,38.7,6.0,0,1,0
22023,Cameron Parish,LA,0.2984,0.2644,0.5415,0.377,0.2899,1.5,1.1,8.2,3.1,30.0,2.1,9.7,4.0,0.2,10.6,15.9,12.9,79.8,28.85,11.95,15.7,37.35,76.4,36.349999999999994,4.0,0,1,0
22025,Catahoula Parish,LA,0.8581,0.8374,0.2911,0.7121,0.9876,10.3,31.5,8.3,0.1,32.8,6.5,25.0,1.1,3.9,21.0,17.0,33.8,79.8,27.299999999999997,16.35,29.5,37.7,76.1,41.7,6.0,0,1,0
22027,Claiborne Parish,LA,0.8069,0.7636,0.2876,0.8899,0.9395,12.7,49.5,7.0,0.0,48.9,5.2,21.5,1.8,1.7,20.3,14.7,54.5,82.0,25.65,20.8,38.9,38.7,73.8,48.7,6.0,0,1,0
22029,Concordia Parish,LA,0.9949,0.9561,0.9924,0.8088,0.9577,11.8,39.2,10.0,2.0,45.9,12.0,14.2,1.9,0.2,26.9,21.0,43.0,81.55,27.9,18.3,33.0,38.650000000000006,74.7,45.75,5.0,0,1,0
22031,De Soto Parish,LA,0.8101,0.7397,0.8988,0.7929,0.5784,9.1,34.2,7.1,0.4,31.1,6.9,17.6,3.3,1.2,19.5,19.9,40.9,81.69999999999999,27.75,16.2,26.9,37.2,76.0,44.3,3.0,0,1,0
22033,East Baton Rouge Parish,LA,0.846,0.7903,0.6347,0.9017,0.8546,7.7,45.1,8.4,1.7,27.2,7.1,9.2,4.5,18.1,30.5,14.2,56.5,81.65,25.9,13.75,21.549999999999997,34.349999999999994,82.15,35.95,3.0,0,1,0
22035,East Carroll Parish,LA,0.8781,0.9469,0.4897,0.9672,0.7496,12.1,66.4,4.4,0.0,57.0,15.1,32.3,1.5,0.3,34.5,17.6,72.4,81.15,24.95,21.65,46.599999999999994,37.05,75.30000000000001,51.45,6.0,0,1,0
22037,East Feliciana Parish,LA,0.5937,0.4741,0.056,0.8403,0.9609,8.3,40.1,8.0,0.4,22.2,5.5,15.6,1.8,2.3,15.0,15.8,45.8,81.05000000000001,24.9,14.65,22.7,37.95,80.15,42.05,3.0,0,1,0
22039,Evangeline Parish,LA,0.999,0.9841,0.9955,0.7261,0.9895,11.1,25.1,9.1,3.0,43.1,14.0,23.5,4.2,4.4,29.2,24.8,35.2,80.30000000000001,28.6,15.9,28.9,37.65,75.05000000000001,44.8,6.0,0,1,0
22041,Franklin Parish,LA,0.8053,0.9122,0.7525,0.7178,0.4337,5.2,30.4,7.0,0.1,41.7,9.2,21.8,1.7,0.3,23.2,15.7,34.5,80.85,28.75,16.75,30.05,38.7,75.55000000000001,42.1,6.0,0,1,0
22043,Grant Parish,LA,0.7219,0.6163,0.5908,0.6045,0.8231,7.5,14.8,9.7,2.1,27.3,4.0,19.6,5.4,0.4,19.3,19.6,24.8,78.75,27.049999999999997,13.2,22.200000000000003,36.8,71.8,39.75,4.0,0,1,0
22045,Iberia Parish,LA,0.936,0.8409,0.9351,0.8059,0.9115,11.5,31.0,8.0,1.7,33.4,6.3,17.3,4.4,3.0,23.3,16.8,42.6,82.05,28.25,15.9,26.9,36.85,78.25,42.45,5.0,0,1,0
22047,Iberville Parish,LA,0.8501,0.7308,0.7222,0.8842,0.8953,7.6,45.3,8.3,1.7,26.3,7.5,20.3,3.2,0.5,18.3,16.5,52.8,81.05000000000001,25.549999999999997,15.45,26.700000000000003,36.6,79.85,42.95,3.0,0,1,0
22049,Jackson Parish,LA,0.8301,0.6192,0.9173,0.7003,0.8524,10.7,25.7,7.4,0.7,37.0,4.9,16.7,2.0,0.4,17.1,20.7,32.7,81.0,27.2,16.05,25.95,38.5,74.69999999999999,45.0,6.0,0,1,0
22051,Jefferson Parish,LA,0.8295,0.8288,0.8559,0.8673,0.5148,7.2,26.4,10.5,4.7,24.5,6.0,12.8,15.1,14.1,30.0,15.8,49.3,82.25,24.700000000000003,14.899999999999999,21.0,35.8,80.4,41.55,3.0,0,1,0
22053,Jefferson Davis Parish,LA,0.5549,0.5113,0.7079,0.5759,0.4203,5.7,16.7,6.7,0.4,26.8,4.0,16.9,2.6,1.3,19.9,16.4,23.0,79.6,28.85,13.7,21.85,37.65,75.2,42.6,4.0,0,1,0
22055,Lafayette Parish,LA,0.735,0.6344,0.5205,0.7321,0.8285,6.5,25.6,7.6,1.4,25.3,5.2,10.5,4.7,9.6,25.4,12.2,35.8,81.4,26.049999999999997,12.45,19.2,35.0,81.85,34.4,3.0,0,1,0
22057,Lafourche Parish,LA,0.7416,0.6815,0.5609,0.5915,0.8384,7.9,13.2,6.1,0.8,27.6,6.5,18.0,4.5,2.9,20.2,17.2,23.9,79.7,30.4,13.7,21.799999999999997,37.25,78.4,47.2,4.0,0,1,0
22059,LaSalle Parish,LA,0.4648,0.3274,0.4547,0.5326,0.6456,4.7,11.7,4.7,0.4,23.6,4.6,17.1,3.9,0.2,12.6,15.2,20.2,78.3,27.1,12.75,20.75,36.6,79.5,38.75,6.0,0,1,0
22061,Lincoln Parish,LA,0.7786,0.7544,0.1712,0.8524,0.9507,8.6,37.4,6.9,0.6,42.4,4.2,11.3,3.2,4.9,33.4,13.0,46.9,80.5,27.9,14.3,26.25,34.15,77.19999999999999,44.45,5.0,0,1,0
22063,Livingston Parish,LA,0.4709,0.3344,0.6933,0.4378,0.5135,4.1,7.4,8.1,1.3,20.0,4.5,11.3,4.4,4.5,17.5,13.5,15.4,80.85,29.75,12.2,18.6,36.75,77.55000000000001,38.75,3.0,0,1,0
22065,Madison Parish,LA,1.0,0.9663,0.964,0.9459,1.0,13.3,62.3,11.3,0.8,51.8,5.8,23.5,2.9,5.7,26.6,20.3,66.3,82.75,26.75,21.1,41.900000000000006,38.3,73.45,50.0,6.0,0,1,0
22067,Morehouse Parish,LA,0.9558,0.9488,0.7601,0.8804,0.9354,10.3,48.2,7.8,0.3,42.7,8.8,19.1,1.5,1.6,26.8,16.6,52.1,82.15,27.2,18.55,34.55,39.400000000000006,77.95,44.849999999999994,4.0,0,1,0
22069,Natchitoches Parish,LA,0.9281,0.9017,0.4668,0.8661,0.9924,8.0,40.3,7.6,0.1,38.4,8.9,12.5,2.5,6.3,27.4,16.4,49.1,81.3,28.049999999999997,15.15,26.799999999999997,35.4,77.5,41.25,5.0,0,1,0
22071,Orleans Parish,LA,0.8381,0.9115,0.3595,0.9567,0.7381,17.4,56.7,8.5,1.2,33.9,8.4,11.3,5.7,16.2,38.2,13.9,69.2,81.0,27.049999999999997,15.3,24.65,34.1,81.85,34.3,3.0,0,1,0
22073,Ouachita Parish,LA,0.8845,0.882,0.5682,0.8116,0.9303,8.8,37.2,8.0,0.4,33.8,6.5,12.0,2.3,4.6,32.6,13.9,43.2,81.35,25.95,14.65,24.85,36.4,78.2,44.0,4.0,0,1,0
22075,Plaquemines Parish,LA,0.651,0.4092,0.7197,0.7626,0.7451,5.3,19.6,5.6,1.6,23.1,4.4,13.7,8.1,1.7,20.3,14.8,38.3,79.75,26.2,13.100000000000001,20.0,36.2,78.2,38.55,3.0,0,1,0
22077,Pointe Coupee Parish,LA,0.7127,0.8428,0.7521,0.7859,0.2138,5.6,33.8,8.7,0.8,29.1,7.4,19.0,3.1,0.9,22.0,25.7,40.2,81.9,26.950000000000003,15.200000000000001,23.950000000000003,38.3,77.25,39.95,3.0,0,1,0
22079,Rapides Parish,LA,0.9071,0.7744,0.9189,0.776,0.922,9.6,31.1,8.9,0.8,28.7,5.7,12.4,3.5,4.2,24.6,17.8,39.5,81.1,27.75,14.5,23.6,37.1,79.35,40.7,4.0,0,1,0
22081,Red River Parish,LA,0.6662,0.6742,0.7929,0.8225,0.3105,4.8,39.0,9.5,0.1,37.2,3.3,20.4,2.2,0.1,19.8,20.5,44.3,81.5,27.200000000000003,17.950000000000003,32.35,37.5,74.9,43.9,6.0,0,1,0
22083,Richland Parish,LA,0.8632,0.8737,0.5097,0.7751,0.9058,6.2,35.6,9.4,0.0,40.1,6.8,19.9,2.4,0.8,20.4,14.9,39.4,81.30000000000001,27.9,16.35,28.55,37.6,76.1,43.1,4.0,0,1,0
22085,Sabine Parish,LA,0.8848,0.8724,0.973,0.7121,0.5673,8.5,14.4,9.7,0.9,36.6,7.5,14.2,4.3,1.0,22.3,21.3,33.8,80.80000000000001,28.8,16.1,25.9,38.85,76.65,44.8,6.0,0,1,0
22087,St. Bernard Parish,LA,0.9026,0.9392,0.9516,0.7859,0.5173,7.2,23.6,8.1,1.5,32.6,8.0,18.8,10.6,3.1,28.6,18.9,40.2,80.0,28.0,14.8,27.1,37.25,77.05,42.5,3.0,0,1,0
22089,St. Charles Parish,LA,0.4451,0.3624,0.8244,0.7308,0.161,3.3,23.3,6.1,1.3,17.3,6.7,9.3,6.6,1.6,20.1,15.5,35.7,81.15,25.8,12.25,16.95,36.25,80.55000000000001,37.45,3.0,0,1,0
22091,St. Helena Parish,LA,0.9478,0.8021,0.9812,0.8953,0.8746,10.8,51.8,9.1,1.7,36.7,21.5,20.9,2.0,3.7,11.9,26.7,55.5,82.30000000000001,26.35,18.0,32.55,37.65,75.55000000000001,42.8,3.0,0,1,0
22093,St. James Parish,LA,0.2701,0.2189,0.2956,0.8762,0.2164,8.4,48.4,6.1,0.2,22.5,3.6,11.1,1.8,0.4,14.4,12.9,51.0,82.69999999999999,25.1,14.95,22.1,35.4,82.8,43.7,3.0,0,1,0
22095,St. John the Baptist Parish,LA,0.7152,0.7556,0.8209,0.9567,0.2284,4.1,55.8,6.8,1.1,26.2,9.3,13.6,7.3,1.4,23.2,16.0,69.2,83.05000000000001,24.3,16.05,27.05,36.45,80.69999999999999,41.65,3.0,0,1,0
22097,St. Landry Parish,LA,0.9262,0.9453,0.7531,0.8482,0.8505,9.7,40.4,8.8,0.6,40.3,6.9,21.5,2.5,1.7,25.7,13.8,46.4,81.55000000000001,27.0,16.95,30.65,37.35,75.7,40.45,5.0,0,1,0
22099,St. Martin Parish,LA,0.7041,0.7219,0.6612,0.7321,0.5078,7.9,28.7,7.9,0.8,28.1,6.2,17.2,3.2,0.2,20.1,15.9,35.8,80.5,28.95,14.3,24.05,37.0,76.75,45.15,3.0,0,1,0
22101,St. Mary Parish,LA,0.9109,0.8425,0.9469,0.8212,0.7719,11.1,29.6,6.2,2.6,33.7,5.9,19.9,7.3,2.9,25.6,17.8,44.2,81.4,27.950000000000003,16.4,28.2,39.3,77.8,44.95,5.0,0,1,0
22103,St. Tammany Parish,LA,0.4868,0.4537,0.8648,0.5953,0.1699,3.8,12.0,6.9,1.3,19.8,5.2,8.7,6.1,6.8,24.4,16.3,24.2,79.75,25.7,12.100000000000001,15.45,34.85,80.80000000000001,37.25,3.0,0,1,0
22105,Tangipahoa Parish,LA,0.8651,0.7992,0.8963,0.7626,0.7397,5.9,29.6,7.5,0.7,30.1,5.6,16.8,4.7,1.6,24.4,20.2,38.3,80.15,26.549999999999997,14.05,23.55,35.2,76.65,43.05,4.0,0,1,0
22107,Tensas Parish,LA,0.8454,0.9497,0.3471,0.9122,0.7111,8.7,52.5,8.4,0.0,45.4,12.4,21.6,3.1,2.2,24.0,17.6,58.6,83.30000000000001,25.85,21.6,36.45,39.75,77.2,48.8,6.0,0,1,0
22109,Terrebonne Parish,LA,0.7821,0.6452,0.7607,0.7156,0.8075,7.9,19.0,7.3,0.6,24.3,5.9,17.6,5.3,6.1,20.3,16.9,34.3,80.75,27.65,14.2,22.15,36.6,76.05000000000001,41.15,4.0,0,1,0
22111,Union Parish,LA,0.8724,0.798,0.8711,0.6742,0.8451,6.4,23.6,8.1,1.2,35.9,5.4,14.1,5.2,1.4,23.8,15.9,30.6,80.69999999999999,27.9,16.35,26.0,39.3,77.55,37.1,4.0,0,1,0
22113,Vermilion Parish,LA,0.7875,0.7006,0.8915,0.5711,0.6923,9.1,13.5,7.5,1.1,30.7,6.2,15.2,3.8,2.2,19.5,17.6,22.7,79.4,29.15,13.9,22.1,37.45,75.94999999999999,42.7,3.0,0,1,0
22115,Vernon Parish,LA,0.832,0.7343,0.8412,0.6685,0.8088,8.0,13.2,8.1,0.7,29.0,6.1,12.2,9.6,2.2,22.8,20.4,30.2,79.45,27.45,12.55,21.6,36.8,79.9,38.95,6.0,0,1,0
22117,Washington Parish,LA,0.9822,0.9383,0.9771,0.7308,0.9526,10.1,30.3,9.1,1.0,37.6,10.5,16.9,2.6,1.8,24.6,23.7,35.7,79.5,27.75,16.35,27.450000000000003,37.650000000000006,77.2,45.55,5.0,0,1,0
22119,Webster Parish,LA,0.8775,0.8476,0.7047,0.7617,0.8966,8.7,33.5,7.2,0.3,44.7,5.3,13.3,2.3,2.4,30.1,15.7,38.2,81.15,28.15,17.6,30.65,38.0,76.55000000000001,44.650000000000006,5.0,0,1,0
22121,West Baton Rouge Parish,LA,0.6341,0.4811,0.2704,0.8403,0.8721,5.4,41.0,6.5,0.6,22.0,7.6,11.4,3.4,3.5,18.3,13.3,45.8,81.65,25.7,13.3,21.1,35.1,81.7,41.45,3.0,0,1,0
22123,West Carroll Parish,LA,0.6325,0.6093,0.8241,0.5383,0.4149,3.6,15.4,8.5,0.5,34.6,4.6,18.4,4.2,0.3,15.5,16.8,20.6,80.15,28.6,14.7,22.45,37.7,74.1,40.2,6.0,0,1,0
22125,West Feliciana Parish,LA,0.4668,0.4531,0.0722,0.8591,0.6729,3.9,44.2,5.1,0.3,18.3,8.9,16.6,1.5,6.4,17.3,13.4,47.9,80.65,22.15,13.7,19.799999999999997,35.75,81.25,40.0,3.0,0,1,0
22127,Winn Parish,LA,0.7401,0.5886,0.797,0.7245,0.7235,9.4,29.7,9.9,1.3,31.9,4.0,16.1,3.2,0.4,17.4,19.8,35.0,80.25,26.799999999999997,15.9,26.799999999999997,37.8,78.1,45.95,6.0,0,1,0
23001,Androscoggin County,ME,0.6007,0.4725,0.5173,0.3166,0.8715,9.0,4.3,7.4,0.9,21.5,4.8,8.0,2.0,7.4,25.5,17.5,10.9,78.6,30.25,11.2,14.25,34.75,80.25,35.95,4.0,1,0,0
23003,Aroostook County,ME,0.6545,0.636,0.6771,0.1409,0.7677,8.6,0.7,8.8,0.5,25.3,5.8,9.4,1.5,4.2,23.5,21.5,6.8,80.6,26.75,12.75,14.35,37.0,78.3,40.0,6.0,1,0,0
23005,Cumberland County,ME,0.1413,0.1063,0.0401,0.3563,0.5721,7.0,3.1,5.0,0.9,12.2,3.2,3.7,2.3,9.7,24.2,11.3,12.1,79.0,26.15,8.15,8.25,31.0,81.44999999999999,26.7,3.0,1,0,0
23007,Franklin County,ME,0.4569,0.3993,0.315,0.0821,0.8215,9.2,0.4,9.2,0.4,22.3,4.4,6.1,1.5,4.5,23.2,17.7,5.7,77.85,29.200000000000003,10.05,12.850000000000001,34.65,82.45,34.900000000000006,6.0,1,0,0
23009,Hancock County,ME,0.2183,0.3608,0.0891,0.119,0.3955,5.6,0.8,10.2,0.2,18.9,3.9,5.0,1.7,2.4,25.3,14.2,6.4,80.9,26.6,9.649999999999999,10.1,34.8,81.35,29.4,6.0,1,0,0
23011,Kennebec County,ME,0.357,0.2946,0.2934,0.1276,0.7082,7.3,0.7,7.1,0.4,20.5,4.1,5.4,1.8,4.5,23.7,16.6,6.6,79.75,28.9,10.600000000000001,11.8,34.0,77.85,32.5,5.0,1,0,0
23013,Knox County,ME,0.1724,0.2759,0.0834,0.0757,0.3777,5.8,0.4,7.4,0.2,18.1,3.8,6.3,1.7,2.9,24.2,13.1,5.6,80.05,26.549999999999997,9.6,9.45,35.5,78.6,28.8,6.0,1,0,0
23015,Lincoln County,ME,0.1094,0.2065,0.132,0.1457,0.1578,5.4,0.5,8.9,0.3,16.5,3.3,5.2,1.6,1.6,22.2,16.0,6.9,81.25,27.9,9.95,9.3,36.5,78.0,30.95,6.0,1,0,0
23017,Oxford County,ME,0.3452,0.6465,0.0942,0.1276,0.3595,5.6,0.3,9.0,0.1,24.8,5.5,8.9,1.6,4.2,25.3,17.9,6.6,79.69999999999999,27.25,11.899999999999999,14.55,37.05,76.94999999999999,34.8,6.0,1,0,0
23019,Penobscot County,ME,0.4416,0.398,0.1365,0.1928,0.8699,8.2,0.9,8.0,0.3,21.9,4.3,6.1,1.6,5.2,25.3,18.3,7.7,80.8,29.35,10.5,12.15,34.7,81.25,38.15,4.0,1,0,0
23021,Piscataquis County,ME,0.4804,0.5749,0.4524,0.1654,0.4963,6.1,0.6,10.5,0.1,24.7,4.9,8.0,2.4,1.0,23.6,23.4,7.2,80.05000000000001,27.5,11.7,14.600000000000001,36.4,74.3,34.45,6.0,1,0,0
23023,Sagadahoc County,ME,0.1015,0.2972,0.0519,0.1276,0.1273,5.8,0.6,6.7,0.2,16.6,4.4,5.7,2.0,3.2,26.6,12.1,6.6,80.44999999999999,28.15,9.4,9.8,34.55,79.30000000000001,29.55,3.0,1,0,0
23025,Somerset County,ME,0.3,0.5361,0.1228,0.0544,0.3856,6.2,0.5,8.0,0.1,28.7,4.2,8.2,1.3,1.8,24.3,19.2,5.1,81.1,29.8,12.15,15.05,37.05,79.85,36.95,6.0,1,0,0
23027,Waldo County,ME,0.2902,0.4578,0.2647,0.1339,0.2908,5.8,0.4,10.5,0.2,20.7,4.6,6.8,1.6,1.8,23.7,17.4,6.7,80.1,29.299999999999997,10.149999999999999,11.350000000000001,35.45,77.55,34.2,6.0,1,0,0
23029,Washington County,ME,0.6694,0.7751,0.6147,0.3563,0.5498,7.4,0.6,10.5,0.4,27.0,7.0,9.1,2.8,1.9,25.2,23.5,12.1,80.35,27.9,12.8,15.399999999999999,34.3,75.6,39.849999999999994,6.0,1,0,0
23031,York County,ME,0.1304,0.1626,0.1174,0.2214,0.2879,5.2,1.0,5.4,0.4,13.5,3.4,5.3,2.0,5.1,25.6,15.0,8.2,79.35,26.1,9.2,9.35,33.9,81.69999999999999,33.0,3.0,1,0,0
24001,Allegany County,MD,0.5552,0.532,0.3917,0.3847,0.7302,9.6,7.2,4.0,0.3,26.4,6.8,9.4,2.0,6.5,23.3,18.9,13.3,78.6,26.15,12.3,18.65,35.35,77.8,37.0,5.0,0,1,0
24003,Anne Arundel County,MD,0.1639,0.0773,0.2027,0.7286,0.2962,3.8,17.2,4.5,1.4,9.7,4.2,6.5,8.7,13.2,19.3,10.7,35.4,78.9,20.15,9.75,11.7,33.55,86.1,34.35,2.0,0,1,0
24005,Baltimore County,MD,0.5571,0.3653,0.5103,0.8428,0.6748,7.8,29.6,5.3,1.9,16.1,5.2,8.3,6.1,18.5,26.6,11.9,45.9,79.4,21.049999999999997,12.2,16.0,35.35,79.5,34.1,2.0,0,1,0
24009,Calvert County,MD,0.0057,0.0095,0.0261,0.5978,0.0159,3.1,12.1,3.2,0.3,7.8,3.2,5.5,4.6,4.4,15.9,9.6,24.4,78.35,20.1,10.0,10.7,35.05,82.1,36.099999999999994,4.0,0,1,0
24011,Caroline County,MD,0.7579,0.7318,0.868,0.6277,0.5218,6.1,13.2,6.8,2.1,26.6,4.6,15.6,8.2,1.8,29.1,14.6,26.7,77.55000000000001,24.65,13.0,19.6,37.75,75.44999999999999,41.5,6.0,0,1,0
24013,Carroll County,MD,0.0277,0.0153,0.0662,0.3824,0.1285,4.0,3.7,2.9,0.6,8.9,3.1,5.8,4.1,6.0,17.1,12.5,13.2,74.85,23.0,9.4,9.25,35.400000000000006,81.2,37.55,2.0,0,1,0
24015,Cecil County,MD,0.322,0.2991,0.2539,0.4839,0.4661,5.2,6.6,3.9,0.9,17.6,4.9,8.6,4.9,6.2,24.5,13.0,17.5,76.30000000000001,23.6,12.1,13.600000000000001,36.8,72.9,41.05,2.0,0,1,0
24017,Charles County,MD,0.174,0.0951,0.3894,0.9424,0.1028,3.3,48.3,4.0,1.0,10.1,4.9,5.6,6.7,6.1,20.0,10.4,64.7,80.5,17.7,12.600000000000001,16.549999999999997,34.65,80.15,41.599999999999994,2.0,0,1,0
24019,Dorchester County,MD,0.7824,0.6809,0.9513,0.7655,0.4766,10.0,25.6,5.2,1.7,25.6,5.5,12.2,6.1,4.8,31.5,17.0,38.7,80.15,20.9,14.700000000000001,20.15,34.85,81.45,41.849999999999994,5.0,0,1,0
24021,Frederick County,MD,0.1234,0.063,0.2504,0.6726,0.1763,3.9,9.8,4.5,1.7,9.6,3.7,6.7,11.0,10.8,19.0,9.9,30.5,77.95,20.75,10.0,10.7,36.9,74.95,34.5,2.0,0,1,0
24023,Garrett County,MD,0.2564,0.2389,0.448,0.0299,0.4356,7.4,1.3,5.8,0.3,20.1,4.6,9.5,1.3,3.1,17.9,18.2,4.4,77.95,21.85,12.25,12.850000000000001,39.55,75.65,36.25,6.0,0,1,0
24025,Harford County,MD,0.0789,0.0531,0.1355,0.6233,0.1397,4.0,14.0,3.5,0.9,11.9,3.7,5.8,5.0,10.6,19.6,11.0,26.4,78.65,22.0,10.649999999999999,11.15,37.4,80.85,35.599999999999994,2.0,0,1,0
24027,Howard County,MD,0.1483,0.027,0.4769,0.8785,0.1689,4.0,19.7,3.9,3.6,8.7,3.8,4.8,7.5,18.5,17.1,8.4,51.6,80.05,17.95,9.75,9.55,37.5,82.95,29.8,2.0,0,1,0
24029,Kent County,MD,0.4353,0.3003,0.5931,0.5778,0.4674,6.5,14.1,4.3,1.1,17.6,3.3,9.5,4.7,5.4,29.9,15.0,23.2,78.75,23.05,12.0,13.25,37.9,81.55,35.75,6.0,0,1,0
24031,Montgomery County,MD,0.4893,0.2711,0.4388,0.9122,0.623,7.9,18.2,6.7,6.6,12.0,4.8,8.7,20.0,28.4,22.1,8.8,58.6,76.45,17.35,10.0,12.25,39.05,80.2,26.0,2.0,0,1,0
24033,Prince George's County,MD,0.8161,0.7159,0.5116,0.9914,0.8676,9.3,60.4,10.5,7.4,14.9,6.7,12.9,20.0,22.8,27.9,9.9,88.4,77.55000000000001,14.95,14.399999999999999,22.25,34.65,81.1,42.05,2.0,0,1,0
24035,Queen Anne's County,MD,0.043,0.1215,0.112,0.4496,0.0188,3.1,5.8,5.0,1.1,11.2,3.6,6.7,4.6,2.6,22.2,10.1,15.8,75.9,23.15,10.2,10.5,34.1,81.65,29.299999999999997,2.0,0,1,0
24037,St. Mary's County,MD,0.2466,0.0945,0.4057,0.6449,0.4244,4.5,14.3,4.0,0.8,12.5,3.7,8.2,5.7,9.6,19.8,11.3,28.2,77.0,21.35,10.850000000000001,12.2,35.5,77.45,37.3,4.0,0,1,0
24039,Somerset County,MD,0.8794,0.797,0.4639,0.861,0.987,7.5,38.9,3.9,1.3,29.5,7.0,15.3,4.0,9.8,31.7,16.1,48.2,79.1,21.0,13.75,23.799999999999997,35.65,76.35,39.099999999999994,4.0,0,1,0
24041,Talbot County,MD,0.3338,0.1852,0.7935,0.5854,0.2316,7.2,12.1,4.4,2.0,16.4,3.2,7.8,7.3,2.7,24.6,16.7,23.6,80.25,21.65,11.149999999999999,12.149999999999999,37.7,80.55000000000001,30.450000000000003,5.0,0,1,0
24043,Washington County,MD,0.6325,0.4788,0.5867,0.5867,0.7846,7.9,11.1,5.5,1.1,20.1,5.0,11.6,6.2,8.4,24.8,15.3,23.7,78.5,23.299999999999997,12.350000000000001,16.3,33.4,74.9,39.0,3.0,0,1,0
24045,Wicomico County,MD,0.7916,0.7178,0.5829,0.7735,0.8438,7.4,25.8,6.5,2.4,23.0,6.9,11.5,5.7,12.8,28.9,12.2,39.3,80.5,21.85,12.05,17.15,37.400000000000006,77.05,40.25,4.0,0,1,0
24047,Worcester County,MD,0.4305,0.3933,0.3697,0.5437,0.4798,5.6,12.2,5.8,0.6,15.0,6.5,6.5,3.8,32.8,27.4,15.3,21.0,80.75,21.5,11.7,12.0,37.5,78.35,33.3,5.0,0,1,0
24510,Baltimore City,MD,0.8565,0.811,0.6169,0.9698,0.8466,26.5,60.7,5.5,1.6,29.4,6.9,12.9,5.9,18.5,36.3,16.4,73.0,80.25,23.55,14.05,25.299999999999997,34.8,81.80000000000001,38.75,1.0,0,1,0
25001,Barnstable County,MA,0.1279,0.1537,0.3003,0.3917,0.1107,5.0,2.8,3.0,1.5,12.0,4.5,4.1,3.5,4.2,25.8,13.8,13.5,82.65,23.9,8.899999999999999,9.05,34.85,82.6,26.55,4.0,1,0,0
25003,Berkshire County,MA,0.4235,0.3242,0.4311,0.3939,0.6061,9.4,2.7,2.1,0.7,18.4,5.3,6.6,5.3,7.4,29.2,14.9,13.6,79.80000000000001,26.05,9.55,12.0,33.2,78.45,31.35,4.0,1,0,0
25005,Bristol County,MA,0.6227,0.5148,0.6332,0.5558,0.699,9.6,3.8,2.9,4.2,18.1,5.7,13.9,9.0,9.6,28.0,14.3,21.9,81.05000000000001,24.15,9.95,15.3,34.1,82.25,32.05,2.0,1,0,0
25007,Dukes County,MA,0.133,0.3821,0.2704,0.5094,0.0064,3.9,2.9,6.5,5.0,12.8,7.0,5.8,3.6,0.9,26.4,10.0,18.9,81.1,24.549999999999997,8.95,9.2,33.3,82.35,25.4,5.0,1,0,0
25009,Essex County,MA,0.6055,0.3869,0.5584,0.7038,0.8024,9.9,3.4,2.9,6.9,16.1,5.3,10.1,22.7,15.0,28.8,12.0,33.1,80.1,22.65,9.5,13.7,33.1,83.55,30.0,2.0,1,0,0
25011,Franklin County,MA,0.4375,0.3742,0.5619,0.3248,0.5037,7.3,1.1,2.2,1.1,19.8,5.7,6.3,4.6,6.1,31.2,16.8,11.1,80.3,26.25,9.45,11.5,33.95,81.5,26.200000000000003,5.0,1,0,0
25013,Hampden County,MA,0.8177,0.6637,0.8638,0.7798,0.776,12.2,7.5,3.1,5.6,24.0,6.2,13.3,26.8,11.5,32.3,16.3,39.6,79.55000000000001,27.15,11.3,19.2,32.85,81.15,35.05,3.0,1,0,0
25015,Hampshire County,MA,0.2708,0.2463,0.0582,0.4763,0.664,7.4,2.0,2.0,1.1,16.4,5.3,4.8,6.2,9.4,27.3,11.7,17.2,80.19999999999999,27.6,8.0,10.35,29.200000000000003,83.9,23.299999999999997,4.0,1,0,0
25017,Middlesex County,MA,0.2854,0.1219,0.062,0.6885,0.8282,10.5,4.9,2.5,4.3,11.6,4.4,6.6,8.4,20.2,22.2,9.7,31.7,79.4,23.9,8.1,9.65,33.35,81.8,23.8,2.0,1,0,0
25019,Nantucket County,MA,0.1031,0.1728,0.0442,0.6548,0.1199,4.0,9.4,4.7,0.9,10.6,5.5,2.7,15.1,1.5,23.0,10.3,29.2,80.5,22.35,7.9,8.85,32.5,82.3,27.299999999999997,5.0,1,0,0
25021,Norfolk County,MA,0.2959,0.1378,0.126,0.6487,0.741,9.1,6.8,1.9,3.8,10.4,5.0,5.8,5.2,19.3,22.7,9.6,28.6,80.65,22.25,8.35,9.600000000000001,33.7,86.5,23.45,2.0,1,0,0
25023,Plymouth County,MA,0.3064,0.1992,0.3605,0.5597,0.4715,6.3,8.7,2.4,2.8,11.0,5.2,6.9,4.4,8.2,24.4,11.2,22.1,80.8,24.35,9.25,11.75,34.9,86.85,29.7,2.0,1,0,0
25025,Suffolk County,MA,0.7849,0.6853,0.1982,0.8988,0.978,31.8,18.5,3.5,10.1,24.6,6.7,12.9,23.5,33.5,31.4,12.2,56.2,79.05,22.85,9.7,17.2,32.6,85.2,24.7,1.0,1,0,0
25027,Worcester County,MA,0.51,0.3373,0.406,0.6268,0.7423,8.7,4.7,2.5,3.8,15.8,5.6,8.6,12.5,11.4,26.5,12.6,26.6,80.5,25.9,9.7,13.399999999999999,33.099999999999994,84.25,32.55,3.0,1,0,0
26001,Alcona County,MI,0.1298,0.4203,0.2234,0.1094,0.0274,3.5,0.4,4.3,0.1,23.9,6.3,8.8,1.8,0.5,21.4,23.0,6.2,80.80000000000001,27.3,12.95,14.0,37.25,77.55,39.05,6.0,0,0,0
26003,Alger County,MI,0.2908,0.209,0.1075,0.4948,0.6866,5.9,7.8,3.5,0.0,18.9,5.1,6.3,2.0,3.3,21.9,18.3,18.0,78.80000000000001,25.45,11.6,14.899999999999999,34.3,76.19999999999999,36.35,6.0,0,0,0
26005,Allegan County,MI,0.1677,0.1225,0.3694,0.3977,0.2278,3.1,1.3,5.1,0.8,17.6,3.4,8.3,7.7,2.6,18.5,10.6,13.8,78.3,26.35,10.5,13.6,31.950000000000003,78.3,35.45,5.0,0,0,0
26007,Alpena County,MI,0.4165,0.4951,0.4617,0.0881,0.4563,9.0,0.8,5.5,0.1,28.0,7.4,7.2,1.5,4.3,21.1,19.9,5.8,79.5,29.049999999999997,12.35,16.1,35.05,73.6,41.3,5.0,0,0,0
26009,Antrim County,MI,0.0566,0.1479,0.0904,0.1339,0.0977,3.6,0.6,5.6,0.0,16.8,4.6,5.7,2.5,1.9,19.6,15.5,6.7,79.9,26.5,10.8,11.2,35.05,76.8,36.4,6.0,0,0,0
26011,Arenac County,MI,0.377,0.4696,0.5052,0.1276,0.3306,7.3,0.6,5.7,0.5,23.5,7.2,10.6,2.2,2.8,19.1,19.5,6.6,79.0,28.4,12.5,15.8,35.45,76.85,38.5,6.0,0,0,0
26013,Baraga County,MI,0.4178,0.2975,0.202,0.6402,0.7006,7.9,7.8,4.7,0.2,24.6,4.9,8.7,1.8,3.3,19.3,19.7,27.9,78.55,27.05,13.05,19.4,34.15,74.45,40.5,6.0,0,0,0
26015,Barry County,MI,0.0668,0.1604,0.1206,0.1753,0.0865,3.4,0.6,4.9,0.3,14.8,5.3,6.9,3.5,2.1,19.4,13.6,7.4,78.30000000000001,26.9,10.05,12.35,34.65,77.35,36.8,2.0,0,0,0
26017,Bay County,MI,0.294,0.371,0.3048,0.3248,0.2978,6.9,1.2,5.2,0.1,22.2,4.8,9.0,5.7,6.7,22.6,15.8,11.1,78.45,27.65,11.25,14.8,33.05,77.6,37.95,4.0,0,0,0
26019,Benzie County,MI,0.0818,0.2456,0.0547,0.1861,0.1056,2.9,0.7,6.7,0.0,17.9,4.5,6.6,2.5,1.6,21.7,15.6,7.6,79.80000000000001,27.049999999999997,10.850000000000001,11.25,34.150000000000006,74.3,35.4,4.0,0,0,0
26021,Berrien County,MI,0.6338,0.6179,0.5743,0.6223,0.5737,7.8,13.9,6.3,0.6,25.8,6.6,8.4,5.9,6.5,25.5,13.8,26.3,78.65,26.4,12.1,16.450000000000003,33.15,75.44999999999999,38.849999999999994,4.0,0,0,0
26023,Branch County,MI,0.7181,0.5883,0.6949,0.3248,0.8921,6.4,1.8,10.7,2.9,25.3,4.9,11.2,5.6,4.1,20.5,14.7,11.1,77.65,28.1,12.100000000000001,17.5,33.85,72.9,35.95,5.0,0,0,0
26025,Calhoun County,MI,0.6815,0.5982,0.678,0.5867,0.6888,7.4,9.9,5.8,1.0,24.2,6.8,8.9,5.7,11.7,25.5,14.3,23.7,78.95,27.4,12.25,17.65,34.3,74.4,42.5,4.0,0,0,0
26027,Cass County,MI,0.2122,0.3554,0.2097,0.4356,0.1324,4.1,4.8,5.7,0.2,20.0,5.0,10.3,4.2,2.1,20.9,16.3,15.3,78.75,27.75,11.55,15.05,34.7,77.05000000000001,36.150000000000006,3.0,0,0,0
26029,Charlevoix County,MI,0.1518,0.1759,0.2542,0.1753,0.2418,5.5,0.5,7.2,0.5,16.2,3.8,5.3,2.4,4.4,21.5,14.2,7.4,79.85,25.9,10.45,10.8,34.7,78.05000000000001,35.0,6.0,0,0,0
26031,Cheboygan County,MI,0.2599,0.4995,0.2281,0.2781,0.139,4.7,0.8,6.0,0.3,23.1,7.2,10.3,1.6,1.5,20.3,19.1,9.7,79.80000000000001,28.0,12.399999999999999,15.15,35.45,72.80000000000001,41.05,6.0,0,0,0
26033,Chippewa County,MI,0.6373,0.5574,0.1769,0.6971,0.9112,7.7,5.2,6.9,0.3,25.8,7.7,7.7,2.1,5.8,21.8,18.0,32.4,78.7,27.1,11.95,18.45,33.45,76.15,36.0,5.0,0,0,0
26035,Clare County,MI,0.693,0.9068,0.5527,0.1094,0.5339,7.8,0.7,11.7,0.3,31.9,9.3,12.9,2.3,2.3,23.6,23.3,6.2,79.35,29.25,13.25,18.65,36.85,72.15,40.3,6.0,0,0,0
26037,Clinton County,MI,0.0414,0.0554,0.1136,0.3388,0.0802,2.6,1.7,4.0,0.4,15.3,3.7,4.9,4.8,6.9,18.9,12.9,11.5,79.65,27.55,9.6,11.45,33.9,78.65,35.1,3.0,0,0,0
26039,Crawford County,MI,0.3707,0.5157,0.4276,0.182,0.2739,7.2,0.3,5.5,0.2,25.0,6.1,9.0,2.3,1.1,23.0,22.0,7.5,79.80000000000001,28.85,12.65,15.45,34.9,75.9,37.3,6.0,0,0,0
26041,Delta County,MI,0.335,0.3506,0.2402,0.2536,0.5463,8.9,0.3,5.3,0.0,22.5,5.2,7.7,1.5,5.9,22.1,17.7,9.1,78.9,29.35,11.9,14.65,33.35,74.9,39.95,5.0,0,0,0
26043,Dickinson County,MI,0.0945,0.0576,0.1798,0.1225,0.3589,6.9,0.8,4.9,0.2,18.4,3.8,4.0,1.8,4.1,15.3,16.7,6.5,79.65,28.6,10.95,12.45,34.0,80.3,38.1,5.0,0,0,0
26045,Eaton County,MI,0.1782,0.1244,0.265,0.503,0.2886,4.3,6.9,4.4,0.5,13.9,4.8,5.2,5.8,12.6,20.7,15.8,18.5,79.6,27.35,10.350000000000001,12.55,33.35,77.44999999999999,38.849999999999994,3.0,0,0,0
26047,Emmet County,MI,0.1149,0.1406,0.0706,0.3118,0.2994,5.3,0.8,6.2,0.1,15.8,3.8,4.5,2.0,6.4,21.5,12.8,10.7,79.80000000000001,26.25,10.0,10.45,33.8,78.6,32.7,5.0,0,0,0
26049,Genesee County,MI,0.6573,0.6424,0.7369,0.6513,0.4683,7.9,19.3,4.8,0.5,25.7,8.5,9.0,3.8,8.6,27.3,17.7,28.8,79.19999999999999,27.75,12.1,19.6,34.55,77.35,40.6,3.0,0,0,0
26051,Gladwin County,MI,0.5202,0.7133,0.4349,0.0821,0.4687,6.8,0.3,8.6,0.5,26.2,6.9,11.0,2.0,1.9,22.6,20.1,5.7,79.65,28.25,12.7,16.35,36.1,76.0,40.45,6.0,0,0,0
26053,Gogebic County,MI,0.2418,0.3178,0.1686,0.2587,0.3506,8.3,1.7,5.1,0.2,26.8,6.0,3.8,1.9,3.4,20.0,16.8,9.2,80.2,27.6,12.85,15.45,36.3,75.0,37.05,6.0,0,0,0
26055,Grand Traverse County,MI,0.2033,0.1737,0.0856,0.2214,0.6227,5.8,0.7,5.1,0.3,16.7,3.9,5.1,3.1,8.4,23.8,12.4,8.2,79.25,26.25,9.55,10.65,32.65,76.05000000000001,35.3,4.0,0,0,0
26057,Gratiot County,MI,0.4171,0.3509,0.1839,0.4356,0.7251,5.2,5.6,5.1,0.4,23.7,4.9,8.1,6.6,4.8,21.8,15.7,15.3,77.75,27.1,11.05,16.799999999999997,32.95,75.75,37.1,5.0,0,0,0
26059,Hillsdale County,MI,0.483,0.4703,0.322,0.1225,0.7751,6.1,0.7,7.0,0.5,26.6,4.4,9.7,2.6,3.8,21.8,15.2,6.5,78.55,30.15,12.05,16.799999999999997,35.95,75.5,37.7,5.0,0,0,0
26061,Houghton County,MI,0.4213,0.5259,0.0216,0.2444,0.8778,9.1,1.1,6.3,0.7,28.0,6.2,5.8,1.8,7.5,24.2,11.4,8.9,77.5,26.65,9.9,13.350000000000001,30.85,74.05,35.3,5.0,0,0,0
26063,Huron County,MI,0.2046,0.3703,0.2227,0.0757,0.2014,6.2,0.5,6.1,0.4,22.9,5.3,8.7,2.7,2.2,20.2,15.9,5.6,79.1,27.75,12.2,15.100000000000001,34.75,74.65,38.7,6.0,0,0,0
26065,Ingham County,MI,0.5759,0.5326,0.1282,0.6911,0.8543,9.1,11.4,5.0,1.5,24.9,6.4,6.4,8.2,19.2,29.3,13.6,31.9,78.4,27.049999999999997,10.399999999999999,15.05,30.450000000000003,77.65,35.55,3.0,0,0,0
26067,Ionia County,MI,0.3296,0.294,0.0786,0.4085,0.7378,5.3,3.9,6.7,0.3,17.9,5.3,8.7,5.2,6.3,19.6,13.3,14.1,77.69999999999999,26.950000000000003,10.5,15.100000000000001,31.8,75.75,40.150000000000006,2.0,0,0,0
26069,Iosco County,MI,0.4362,0.6682,0.3987,0.1985,0.2444,7.5,0.7,6.4,0.3,28.4,7.4,10.2,2.7,3.2,22.8,20.7,7.8,79.65,28.5,13.3,17.0,36.8,73.4,38.8,6.0,0,0,0
26071,Iron County,MI,0.3239,0.3493,0.4308,0.1457,0.4213,7.7,0.7,6.0,0.1,24.0,4.6,7.3,2.3,3.2,22.1,20.8,6.9,79.5,27.25,12.75,14.9,36.2,77.25,39.1,6.0,0,0,0
26073,Isabella County,MI,0.5711,0.7881,0.0153,0.4445,0.8883,7.0,2.4,7.8,0.4,34.3,7.2,7.4,4.4,14.7,30.3,14.4,15.7,78.0,30.15,11.05,18.1,30.95,74.35,41.3,5.0,0,0,0
26075,Jackson County,MI,0.5014,0.4279,0.3535,0.4725,0.706,7.0,7.8,5.7,0.4,20.7,6.3,8.0,3.8,6.3,22.7,14.9,17.0,77.3,27.5,11.45,15.1,33.2,77.75,39.25,4.0,0,0,0
26077,Kalamazoo County,MI,0.4257,0.4098,0.1486,0.5927,0.6109,6.8,10.6,4.9,0.7,21.5,6.4,5.6,5.4,16.8,25.7,12.4,24.1,78.7,29.0,9.55,14.3,32.1,78.15,38.15,3.0,0,0,0
26079,Kalkaska County,MI,0.3035,0.5332,0.1966,0.1861,0.2561,5.3,0.9,7.3,0.1,25.9,4.6,11.6,2.6,1.6,21.8,18.6,7.6,78.55000000000001,28.65,11.9,15.899999999999999,34.35,73.1,38.45,4.0,0,0,0
26081,Kent County,MI,0.4464,0.2587,0.4674,0.6437,0.6239,6.7,9.2,5.0,2.7,18.1,4.5,7.6,11.1,13.2,23.3,10.7,28.1,78.7,27.6,9.95,13.75,29.5,78.05000000000001,34.849999999999994,1.0,0,0,0
26083,Keweenaw County,MI,0.0076,0.1098,0.0929,0.0229,0.0029,2.2,0.0,7.5,0.1,15.1,4.7,1.9,1.6,0.4,15.9,13.2,4.2,80.85,26.25,10.95,9.65,36.0,76.85,34.0,5.0,0,0,0
26085,Lake County,MI,0.721,0.9259,0.3118,0.5119,0.5342,9.3,9.9,7.0,0.2,34.8,7.5,17.7,3.1,0.2,29.3,26.0,19.0,79.0,27.25,14.85,23.0,35.7,70.6,40.4,6.0,0,0,0
26087,Lapeer County,MI,0.2065,0.2507,0.2644,0.2733,0.2571,4.3,1.1,6.4,1.0,17.2,5.3,8.0,5.0,2.5,19.3,14.4,9.6,78.15,26.85,10.600000000000001,13.6,33.1,75.35,35.25,2.0,0,0,0
26089,Leelanau County,MI,0.0118,0.0328,0.0687,0.3016,0.0229,4.0,0.4,4.7,0.3,12.2,3.2,3.8,4.4,0.8,18.9,13.9,10.4,81.05,25.1,10.05,8.75,34.8,77.9,31.799999999999997,4.0,0,0,0
26091,Lenawee County,MI,0.4403,0.4171,0.3662,0.4165,0.5441,5.2,2.1,5.5,1.0,19.5,5.6,8.9,8.5,4.7,23.7,14.1,14.5,77.19999999999999,28.35,11.2,14.649999999999999,34.55,77.4,40.7,5.0,0,0,0
26093,Livingston County,MI,0.0041,0.0318,0.0162,0.1339,0.049,3.0,0.6,3.3,0.3,9.0,4.0,3.9,2.7,4.9,18.5,10.9,6.7,79.45,25.950000000000003,8.649999999999999,9.05,32.8,78.3,32.099999999999994,2.0,0,0,0
26095,Luce County,MI,0.5313,0.5005,0.5698,0.5218,0.5037,5.6,9.7,2.6,0.7,29.1,8.3,8.2,1.6,2.5,21.7,24.5,19.5,78.85,25.05,12.85,18.5,34.2,73.6,41.099999999999994,6.0,0,0,0
26097,Mackinac County,MI,0.6211,0.6029,0.448,0.6437,0.6465,12.1,3.8,11.2,0.7,25.5,10.1,7.4,2.3,4.0,19.1,19.0,28.1,80.2,27.2,13.95,19.05,35.55,73.2,41.25,6.0,0,0,0
26099,Macomb County,MI,0.4079,0.4127,0.4095,0.5867,0.3353,5.8,12.3,5.1,2.3,16.9,5.7,9.4,2.9,8.0,25.4,14.0,23.7,80.6,26.45,10.5,15.5,35.1,78.7,37.4,2.0,0,0,0
26101,Manistee County,MI,0.3583,0.3961,0.2724,0.3592,0.4438,5.0,3.2,4.5,0.4,19.9,6.6,9.7,3.6,2.1,21.6,18.9,12.2,79.5,27.25,11.8,14.65,34.5,76.6,36.8,6.0,0,0,0
26103,Marquette County,MI,0.2291,0.3277,0.0353,0.2323,0.5571,6.0,1.6,4.1,0.3,22.0,5.6,4.6,1.7,8.2,24.7,14.6,8.6,79.6,28.200000000000003,10.0,12.55,31.8,71.55,37.2,5.0,0,0,0
26105,Mason County,MI,0.3812,0.3598,0.3032,0.2816,0.5756,6.8,1.1,6.6,0.3,23.0,4.8,6.5,4.8,5.3,22.6,16.5,9.8,79.6,27.6,11.95,14.600000000000001,34.55,76.2,40.45,5.0,0,0,0
26107,Mecosta County,MI,0.6102,0.6141,0.2418,0.2816,0.9122,6.2,2.5,7.8,0.4,28.1,5.5,8.0,2.7,3.7,24.5,17.5,9.8,78.80000000000001,29.5,11.4,16.65,33.4,73.44999999999999,37.7,5.0,0,0,0
26109,Menominee County,MI,0.1553,0.181,0.1565,0.2062,0.3194,6.8,0.5,5.0,0.1,19.8,4.5,7.3,2.1,4.1,19.2,16.4,7.9,79.15,28.55,11.9,14.8,34.65,78.1,38.9,5.0,0,0,0
26111,Midland County,MI,0.1683,0.1473,0.1257,0.2854,0.4413,5.8,1.5,3.9,0.3,17.4,5.0,5.0,3.1,7.6,20.6,13.8,9.9,78.8,26.549999999999997,9.75,11.45,33.8,77.85,31.75,4.0,0,0,0
26113,Missaukee County,MI,0.4757,0.6246,0.5663,0.2062,0.2991,3.9,0.5,9.1,0.5,22.5,6.9,9.6,3.2,1.1,22.6,18.1,7.9,79.1,28.5,11.75,15.2,35.05,74.05,39.25,5.0,0,0,0
26115,Monroe County,MI,0.1588,0.2771,0.1066,0.2914,0.2046,5.2,2.1,3.6,0.2,17.5,5.7,8.3,4.0,5.7,22.1,14.8,10.1,78.1,27.35,11.05,13.1,34.85,68.95,40.45,4.0,0,0,0
26117,Montcalm County,MI,0.4607,0.4722,0.1833,0.335,0.7273,6.0,3.2,8.4,0.6,21.9,4.2,11.9,3.7,2.7,21.6,16.5,11.4,78.75,27.6,11.5,17.0,34.1,75.5,42.35,2.0,0,0,0
26119,Montmorency County,MI,0.4311,0.7518,0.3977,0.0627,0.1957,7.4,0.3,6.5,0.1,29.2,6.2,11.8,1.5,1.2,26.0,24.0,5.3,79.94999999999999,28.15,13.5,16.35,36.95,74.15,38.45,6.0,0,0,0
26121,Muskegon County,MI,0.63,0.5091,0.4798,0.6029,0.7945,7.1,13.0,4.9,0.4,24.0,7.5,7.9,6.1,6.7,23.7,14.3,24.7,78.6,28.05,11.7,16.9,33.0,78.4,44.25,4.0,0,0,0
26123,Newaygo County,MI,0.5463,0.5367,0.6974,0.3322,0.4868,4.4,0.9,7.5,0.7,25.1,4.7,10.6,6.1,1.5,22.8,18.6,11.3,78.45,27.65,11.75,16.65,34.45,71.05000000000001,37.65,6.0,0,0,0
26125,Oakland County,MI,0.1435,0.1298,0.1225,0.6656,0.2119,5.5,13.0,4.1,1.7,12.4,4.8,5.3,4.5,11.8,21.7,11.4,30.1,80.25,21.15,9.35,11.15,31.95,75.45,31.1,2.0,0,0,0
26127,Oceana County,MI,0.6252,0.5212,0.7051,0.5218,0.6443,4.8,0.9,8.9,1.6,26.0,5.0,10.3,15.4,1.0,19.9,16.9,19.5,77.7,27.15,12.149999999999999,17.15,34.5,76.55,40.650000000000006,6.0,0,0,0
26129,Ogemaw County,MI,0.4766,0.6503,0.4919,0.1152,0.3681,5.7,0.5,5.0,0.2,27.9,7.1,11.8,2.3,2.3,23.2,22.4,6.3,78.95,28.8,13.0,16.700000000000003,35.15,72.25,39.3,6.0,0,0,0
26131,Ontonagon County,MI,0.1269,0.2899,0.2033,0.1037,0.0939,4.9,0.9,4.0,0.2,24.8,6.3,6.4,1.6,1.8,19.2,20.1,6.1,80.65,27.25,13.3,14.5,37.7,71.05000000000001,37.1,6.0,0,0,0
26133,Osceola County,MI,0.5924,0.6608,0.6115,0.182,0.5924,6.9,0.9,9.1,0.2,25.5,7.7,10.7,2.3,1.5,20.2,19.6,7.5,79.0,28.6,12.05,16.75,34.45,76.4,39.5,6.0,0,0,0
26135,Oscoda County,MI,0.5797,0.8801,0.5482,0.0932,0.2778,7.2,0.4,14.9,0.4,27.5,8.9,14.6,1.9,1.4,21.1,23.0,5.9,79.15,28.7,13.85,18.35,36.400000000000006,72.19999999999999,38.3,6.0,0,0,0
26137,Otsego County,MI,0.2759,0.3322,0.5692,0.0983,0.2339,5.9,0.8,7.5,0.1,20.1,4.8,5.7,1.9,3.1,22.9,16.7,6.0,79.5,28.15,10.850000000000001,12.9,33.95,77.45,38.0,6.0,0,0,0
26139,Ottawa County,MI,0.1371,0.0544,0.119,0.4814,0.4801,3.9,1.6,3.4,1.2,13.2,3.8,5.8,10.2,7.8,19.3,10.1,17.4,80.2,26.75,8.95,11.5,30.85,78.8,32.75,2.0,0,0,0
26141,Presque Isle County,MI,0.1957,0.356,0.3083,0.0579,0.1534,5.7,0.3,6.0,0.5,23.6,6.4,7.9,1.6,0.9,18.0,18.5,5.2,80.45,28.1,12.85,14.65,36.85,74.65,41.0,6.0,0,0,0
26143,Roscommon County,MI,0.3898,0.5129,0.5065,0.1696,0.2781,7.9,0.4,5.4,0.6,26.7,5.7,9.3,2.2,1.2,22.6,24.0,7.3,80.15,27.7,12.85,14.6,35.95,71.7,39.1,6.0,0,0,0
26145,Saginaw County,MI,0.6707,0.601,0.6774,0.6885,0.6013,8.0,18.4,4.5,0.4,27.8,6.6,9.5,9.0,7.7,25.1,17.7,31.7,79.94999999999999,27.05,12.85,20.200000000000003,32.400000000000006,77.35,36.85,4.0,0,0,0
26147,St. Clair County,MI,0.2914,0.4302,0.3707,0.2781,0.1985,5.6,2.3,4.7,0.3,20.0,6.7,8.1,3.6,4.2,23.9,16.7,9.7,79.45,28.2,10.85,14.25,33.05,72.5,36.35,2.0,0,0,0
26149,St. Joseph County,MI,0.5905,0.5667,0.763,0.4248,0.4712,8.2,2.1,9.1,1.3,21.4,5.3,12.8,8.6,5.7,21.2,16.8,14.8,77.65,28.1,11.65,16.5,32.55,74.65,38.3,5.0,0,0,0
26151,Sanilac County,MI,0.4613,0.5577,0.5017,0.1508,0.4397,6.0,0.4,7.5,0.5,25.2,6.5,9.1,4.1,2.9,21.1,17.9,7.0,78.69999999999999,28.6,12.05,16.0,34.9,73.69999999999999,39.95,6.0,0,0,0
26153,Schoolcraft County,MI,0.552,0.7016,0.6265,0.434,0.2762,7.4,0.6,6.9,0.7,28.1,7.9,11.0,1.4,3.3,22.3,21.1,15.2,79.94999999999999,28.05,13.3,17.1,35.95,72.94999999999999,40.2,6.0,0,0,0
26155,Shiawassee County,MI,0.1489,0.2224,0.1709,0.1339,0.2383,5.8,0.7,4.8,0.3,19.7,4.1,7.9,3.0,4.4,21.7,15.6,6.7,79.25,28.950000000000003,11.2,14.1,34.25,74.15,38.65,5.0,0,0,0
26157,Tuscola County,MI,0.2841,0.3786,0.2555,0.2109,0.3544,5.2,1.0,5.1,0.1,22.7,6.1,8.5,3.8,1.8,20.5,19.3,8.0,78.2,28.25,11.649999999999999,15.4,34.5,74.69999999999999,41.55,6.0,0,0,0
26159,Van Buren County,MI,0.6494,0.5593,0.7413,0.5326,0.6281,5.5,3.4,7.5,1.6,23.5,4.7,11.6,11.9,4.3,23.6,13.4,20.2,78.9,28.0,12.15,16.95,34.099999999999994,74.7,39.3,6.0,0,0,0
26161,Washtenaw County,MI,0.3223,0.2571,0.0232,0.6847,0.8056,8.1,11.4,3.5,1.4,19.5,4.7,4.2,5.1,16.3,27.7,10.1,31.4,77.1,26.7,8.649999999999999,11.25,28.35,78.05000000000001,28.25,3.0,0,0,0
26163,Wayne County,MI,0.861,0.8234,0.881,0.8769,0.6367,12.1,37.4,5.8,2.7,29.7,9.0,12.2,6.3,11.5,30.3,15.4,51.3,80.2,24.6,13.4,23.85,33.95,76.8,37.349999999999994,1.0,0,0,0
26165,Wexford County,MI,0.5056,0.5355,0.5581,0.2109,0.5288,5.4,0.9,6.8,0.2,25.0,6.3,10.0,2.3,2.8,20.8,17.7,8.0,78.4,28.7,11.65,16.0,33.8,70.55,38.9,5.0,0,0,0
27001,Aitkin County,MN,0.2838,0.4464,0.2698,0.1508,0.2755,5.2,0.4,5.6,0.1,21.0,5.8,7.4,1.4,2.8,25.2,20.6,7.0,75.80000000000001,25.0,12.45,13.1,33.900000000000006,76.2,33.3,6.0,0,0,0
27003,Anoka County,MN,0.1807,0.0837,0.3303,0.5654,0.3178,4.7,7.8,4.3,2.1,11.4,4.0,5.8,5.1,11.5,20.5,9.8,22.4,72.30000000000001,24.85,9.95,11.899999999999999,30.25,75.25,36.0,2.0,0,0,0
27005,Becker County,MN,0.3808,0.2615,0.4451,0.4165,0.5616,5.1,0.7,6.4,0.2,20.5,4.3,6.9,2.3,5.8,21.5,14.7,14.5,75.55,24.85,10.350000000000001,12.75,31.75,74.45,37.3,5.0,0,0,0
27007,Beltrami County,MN,0.755,0.5768,0.4572,0.6548,0.9647,6.9,0.9,8.1,0.3,27.1,5.4,7.6,2.6,11.3,23.8,14.8,29.2,72.4,27.2,10.75,16.15,30.700000000000003,77.5,39.15,5.0,0,0,0
27009,Benton County,MN,0.3719,0.1362,0.4136,0.3748,0.8301,5.3,5.5,3.5,0.9,16.5,3.7,8.3,3.1,22.1,20.9,11.2,12.8,73.65,25.9,9.75,12.7,31.0,79.55000000000001,41.35,4.0,0,0,0
27011,Big Stone County,MN,0.0881,0.0592,0.1855,0.0474,0.3567,4.7,0.1,4.8,0.5,18.3,2.0,6.6,2.2,7.2,18.1,13.1,4.9,74.30000000000001,23.5,11.25,12.15,33.4,77.25,37.900000000000006,6.0,0,0,0
27013,Blue Earth County,MN,0.3831,0.2822,0.0433,0.4018,0.9325,7.0,4.6,3.6,1.2,24.7,3.7,5.2,4.1,17.1,27.3,10.9,13.9,73.25,26.450000000000003,9.7,13.15,29.450000000000003,81.4,35.3,4.0,0,0,0
27015,Brown County,MN,0.1145,0.05,0.237,0.1928,0.413,4.6,0.8,4.1,0.6,15.8,2.7,7.0,4.8,7.3,18.2,11.5,7.7,75.0,24.35,10.25,11.649999999999999,31.099999999999998,78.8,35.85,5.0,0,0,0
27017,Carlton County,MN,0.3678,0.21,0.4808,0.3649,0.6386,4.8,2.0,4.8,0.5,19.8,4.7,5.9,1.9,6.7,21.6,15.4,12.4,71.80000000000001,27.0,10.7,12.0,31.099999999999998,78.19999999999999,38.65,3.0,0,0,0
27019,Carver County,MN,0.0337,0.0048,0.1954,0.3818,0.0862,4.0,1.6,2.6,0.8,6.8,3.1,3.7,4.4,9.2,16.8,7.7,13.1,74.2,23.2,7.9,8.2,28.3,81.80000000000001,31.65,2.0,0,0,0
27021,Cass County,MN,0.3465,0.4763,0.2291,0.5202,0.2657,4.5,0.5,7.7,0.2,22.9,6.4,6.1,2.4,2.1,22.7,15.1,19.4,74.9,24.2,12.1,13.5,33.65,76.25,36.9,5.0,0,0,0
27023,Chippewa County,MN,0.6452,0.5145,0.8024,0.4222,0.6806,7.4,1.1,6.9,1.5,22.6,5.2,9.3,8.1,11.7,24.5,15.3,14.7,73.05,24.8,11.45,14.8,32.1,74.75,40.599999999999994,6.0,0,0,0
27025,Chisago County,MN,0.0426,0.0385,0.0251,0.2323,0.3131,4.0,1.1,3.9,0.3,11.0,3.7,4.8,2.6,6.1,18.9,11.2,8.6,74.15,24.55,9.45,10.399999999999999,32.4,78.8,36.2,2.0,0,0,0
27027,Clay County,MN,0.4381,0.2514,0.2383,0.4314,0.8807,8.4,4.3,3.8,0.6,21.3,4.0,5.7,4.9,21.3,26.3,11.8,15.1,72.65,25.95,9.3,12.25,31.5,79.15,33.5,3.0,0,0,0
27029,Clearwater County,MN,0.7779,0.7381,0.5552,0.4658,0.9109,8.5,0.2,12.5,0.2,20.1,7.6,12.4,2.5,4.4,22.3,17.7,16.7,72.1,25.65,11.4,15.350000000000001,31.3,71.69999999999999,34.6,6.0,0,0,0
27031,Cook County,MN,0.084,0.0503,0.1298,0.4378,0.2253,4.0,0.3,5.1,0.8,14.5,3.1,2.8,2.5,3.4,19.5,13.2,15.4,75.85,23.65,10.850000000000001,10.3,32.95,78.7,35.25,6.0,0,0,0
27033,Cottonwood County,MN,0.4903,0.1823,0.9004,0.4613,0.6102,5.6,1.6,4.4,1.1,23.1,3.9,8.7,9.1,5.3,17.8,13.6,16.5,73.85,24.25,11.649999999999999,14.85,33.4,77.65,39.5,6.0,0,0,0
27035,Crow Wing County,MN,0.2087,0.2889,0.2393,0.1152,0.2984,4.8,0.6,6.0,0.2,17.9,5.0,5.7,1.6,7.5,24.2,15.1,6.3,74.25,23.8,10.25,10.7,30.5,79.25,37.45,5.0,0,0,0
27037,Dakota County,MN,0.1492,0.0601,0.4123,0.6013,0.2071,4.5,7.0,3.7,1.7,10.0,3.7,4.4,7.7,17.2,20.9,9.9,24.6,74.65,23.2,9.05,9.85,32.150000000000006,78.69999999999999,34.35,2.0,0,0,0
27039,Dodge County,MN,0.0401,0.0111,0.1839,0.265,0.1543,3.8,0.8,4.8,0.9,8.2,2.9,4.2,5.1,4.5,15.7,9.6,9.4,72.5,24.5,8.95,9.65,30.450000000000003,79.35,35.05,4.0,0,0,0
27041,Douglas County,MN,0.1174,0.0614,0.2886,0.0675,0.3971,5.4,0.4,3.6,0.3,15.4,3.1,4.3,2.0,11.6,21.0,11.9,5.4,74.85,25.4,9.95,10.2,33.2,76.65,35.35,5.0,0,0,0
27043,Faribault County,MN,0.1629,0.1661,0.3742,0.328,0.1734,5.1,0.5,5.3,0.6,21.3,4.3,6.7,7.7,4.6,18.3,13.3,11.2,73.65,24.6,11.25,14.15,33.15,76.05,37.7,6.0,0,0,0
27045,Fillmore County,MN,0.2004,0.1584,0.371,0.0579,0.433,6.2,0.5,7.9,0.6,16.2,3.2,8.1,1.9,4.6,18.5,11.1,5.2,73.80000000000001,24.65,10.4,11.4,32.25,78.0,40.6,4.0,0,0,0
27047,Freeborn County,MN,0.4986,0.3516,0.7203,0.4763,0.524,6.3,1.1,6.6,2.2,20.8,4.4,11.5,10.6,8.2,19.9,13.5,17.2,73.5,23.35,11.4,14.100000000000001,31.9,74.6,36.1,5.0,0,0,0
27049,Goodhue County,MN,0.1645,0.1266,0.1196,0.2733,0.4979,6.6,1.6,5.4,0.7,14.2,4.0,5.5,3.6,11.0,21.3,10.1,9.6,72.94999999999999,23.75,9.7,11.2,31.450000000000003,76.7,35.9,5.0,0,0,0
27051,Grant County,MN,0.1998,0.2323,0.4951,0.1339,0.1861,4.2,0.6,5.1,0.3,21.2,3.7,6.7,2.5,5.4,23.1,15.3,6.7,74.0,25.7,11.149999999999999,13.0,33.35,78.8,39.8,6.0,0,0,0
27053,Hennepin County,MN,0.4108,0.1979,0.1979,0.7038,0.8126,8.9,13.2,4.7,2.7,15.5,4.3,6.2,7.1,30.1,24.6,10.1,33.1,74.2,25.65,7.75,11.3,30.85,77.95,27.1,1.0,0,0,0
27055,Houston County,MN,0.0207,0.0235,0.1546,0.0983,0.0716,3.5,0.6,4.9,0.6,13.1,1.6,5.2,1.4,3.9,18.2,11.4,6.0,73.85,23.55,9.850000000000001,9.95,31.900000000000002,75.9,34.05,4.0,0,0,0
27057,Hubbard County,MN,0.2809,0.2358,0.2937,0.2364,0.5297,5.2,0.7,5.8,0.4,18.6,4.3,5.9,2.6,5.3,23.3,14.7,8.7,75.8,23.2,11.3,11.35,31.65,79.15,35.349999999999994,6.0,0,0,0
27059,Isanti County,MN,0.0913,0.2081,0.1199,0.1861,0.0996,3.3,0.9,5.1,0.3,15.2,4.2,7.5,2.4,7.9,23.3,12.7,7.6,72.3,24.95,9.65,11.95,31.85,75.4,32.599999999999994,2.0,0,0,0
27061,Itasca County,MN,0.4012,0.3465,0.3089,0.314,0.6405,5.6,0.6,5.1,0.1,18.9,6.2,5.6,1.7,6.6,24.6,18.0,10.8,74.35,24.9,11.8,12.25,31.4,74.55,36.05,5.0,0,0,0
27063,Jackson County,MN,0.0856,0.0264,0.3503,0.2485,0.2386,4.9,0.3,4.0,0.8,15.6,2.0,6.5,4.3,5.6,17.0,14.3,9.0,74.1,23.55,10.3,10.95,32.599999999999994,76.55000000000001,35.95,6.0,0,0,0
27065,Kanabec County,MN,0.2612,0.308,0.1304,0.1225,0.5565,4.5,0.4,4.9,0.2,20.7,4.4,8.7,1.8,4.1,23.0,15.9,6.5,71.95,25.9,11.3,14.149999999999999,31.55,77.05000000000001,37.45,6.0,0,0,0
27067,Kandiyohi County,MN,0.5383,0.2765,0.7684,0.5667,0.6895,5.5,6.0,6.1,3.6,20.0,3.8,9.9,13.1,9.7,20.8,13.2,22.5,74.25,23.799999999999997,11.15,13.649999999999999,31.299999999999997,79.55,40.8,5.0,0,0,0
27069,Kittson County,MN,0.0958,0.0232,0.1123,0.1037,0.609,4.6,0.8,4.4,0.1,17.1,3.1,4.0,1.3,5.8,13.1,10.9,6.1,74.75,24.35,10.65,10.85,32.95,76.9,34.2,6.0,0,0,0
27071,Koochiching County,MN,0.3118,0.1989,0.5119,0.2536,0.5323,6.9,0.8,6.0,0.1,18.9,5.1,7.3,1.4,6.3,17.5,19.0,9.1,74.5,24.65,11.350000000000001,11.85,32.95,77.6,37.05,6.0,0,0,0
27073,Lac qui Parle County,MN,0.0535,0.0169,0.4932,0.0932,0.1276,3.4,0.5,3.0,0.7,14.3,2.1,5.9,2.6,6.5,17.6,15.9,5.9,74.94999999999999,23.6,10.45,10.399999999999999,33.2,79.75,34.4,6.0,0,0,0
27075,Lake County,MN,0.0805,0.0741,0.2873,0.0474,0.1934,4.3,0.3,4.9,0.2,15.7,2.8,7.1,1.6,4.8,19.1,15.7,4.9,73.55,24.2,10.6,11.05,32.5,79.05000000000001,35.349999999999994,6.0,0,0,0
27077,Lake of the Woods County,MN,0.0417,0.0942,0.0264,0.2265,0.1588,2.4,0.4,4.7,0.0,17.2,2.1,4.0,0.5,2.9,23.3,12.6,8.4,74.80000000000001,23.950000000000003,10.9,10.95,33.7,75.44999999999999,35.900000000000006,6.0,0,0,0
27079,Le Sueur County,MN,0.0694,0.069,0.3408,0.2879,0.0786,2.8,0.9,5.7,1.1,12.2,3.6,5.1,6.7,6.0,19.1,10.4,10.0,73.75,24.1,9.8,10.7,31.0,74.25,35.15,2.0,0,0,0
27081,Lincoln County,MN,0.069,0.0961,0.3073,0.0675,0.1002,3.0,0.2,5.5,0.3,18.2,2.7,6.7,2.2,3.2,19.3,13.2,5.4,75.0,24.15,10.45,11.6,31.7,78.05,36.75,6.0,0,0,0
27083,Lyon County,MN,0.5348,0.2125,0.7245,0.4913,0.8498,7.3,2.9,6.4,3.1,19.6,3.0,7.2,7.6,12.7,22.4,12.2,17.8,73.9,23.25,10.25,12.7,30.75,76.19999999999999,38.15,5.0,0,0,0
27085,McLeod County,MN,0.1126,0.0875,0.2603,0.3086,0.2087,4.0,0.5,5.1,0.9,13.3,3.2,6.5,6.9,10.7,20.7,13.9,10.6,72.75,23.950000000000003,10.3,11.3,31.55,77.75,42.1,5.0,0,0,0
27087,Mahnomen County,MN,0.9577,0.944,0.8645,0.8941,0.8708,8.2,0.2,13.7,0.3,36.0,10.3,13.1,4.8,5.3,24.1,16.8,55.4,73.55,27.25,15.4,27.05,31.9,70.25,44.099999999999994,6.0,0,0,0
27089,Marshall County,MN,0.1133,0.0414,0.4925,0.2062,0.2246,3.9,0.3,4.1,0.6,15.4,2.9,7.4,4.8,4.8,16.6,12.4,7.9,73.75,24.3,10.6,11.95,33.1,76.2,39.1,6.0,0,0,0
27091,Martin County,MN,0.2867,0.2364,0.504,0.2536,0.3859,6.1,0.6,5.6,0.4,21.1,5.2,6.0,5.4,8.9,19.8,16.0,9.1,74.15,24.0,11.35,13.0,32.7,78.2,36.45,5.0,0,0,0
27093,Meeker County,MN,0.1018,0.0611,0.286,0.1508,0.2701,4.6,0.3,5.1,0.4,15.2,2.5,5.9,4.3,5.1,19.5,12.1,7.0,74.19999999999999,24.6,10.8,11.649999999999999,31.3,74.85,37.1,6.0,0,0,0
27095,Mille Lacs County,MN,0.5406,0.3754,0.6137,0.3484,0.7636,6.7,0.4,5.5,0.5,18.8,4.7,9.4,2.7,8.2,24.7,15.7,11.8,72.6,25.4,10.85,14.15,33.05,76.05000000000001,38.25,2.0,0,0,0
27097,Morrison County,MN,0.1448,0.217,0.1394,0.0474,0.2997,5.2,0.3,4.4,0.2,18.6,4.1,7.6,1.8,4.7,22.9,12.9,4.9,73.85,25.049999999999997,10.65,12.149999999999999,32.7,79.65,37.150000000000006,6.0,0,0,0
27099,Mower County,MN,0.5021,0.1845,0.8215,0.6083,0.6697,5.9,3.8,4.6,5.2,21.3,3.2,9.0,12.6,9.8,20.1,12.0,25.0,73.05,24.75,10.95,15.4,30.5,79.30000000000001,38.099999999999994,5.0,0,0,0
27101,Murray County,MN,0.0983,0.0719,0.5008,0.2733,0.0942,4.1,0.6,5.1,1.6,15.7,3.0,8.8,4.7,3.3,15.4,12.5,9.6,73.75,24.9,10.85,11.85,32.65,77.0,36.5,6.0,0,0,0
27103,Nicollet County,MN,0.1877,0.0468,0.2781,0.3888,0.5943,5.3,3.0,3.7,0.7,17.5,1.9,4.9,5.0,11.9,20.2,12.1,13.4,72.25,25.15,9.3,11.2,29.1,78.7,33.75,4.0,0,0,0
27105,Nobles County,MN,0.8323,0.5549,0.9599,0.8225,0.797,7.1,4.9,12.0,10.6,22.8,3.0,20.6,30.0,9.7,19.6,13.1,44.3,72.15,21.75,12.6,20.5,32.65,70.80000000000001,38.900000000000006,5.0,0,0,0
27107,Norman County,MN,0.2806,0.2326,0.2946,0.3535,0.4763,5.1,1.2,6.2,0.1,18.2,5.1,7.2,5.5,6.8,19.5,13.7,12.0,73.30000000000001,24.75,11.05,13.1,32.3,75.95,35.7,6.0,0,0,0
27109,Olmsted County,MN,0.2361,0.0627,0.2841,0.5654,0.6367,6.7,7.0,3.8,2.2,13.3,3.4,5.1,5.3,15.8,20.8,9.5,22.4,72.25,24.4,8.95,9.899999999999999,31.75,82.19999999999999,36.45,4.0,0,0,0
27111,Otter Tail County,MN,0.3303,0.2482,0.4852,0.2444,0.5221,5.6,1.0,5.1,0.9,17.8,5.3,6.8,3.7,5.5,21.7,14.0,8.9,73.85,24.299999999999997,10.399999999999999,11.55,34.55,81.45,34.349999999999994,5.0,0,0,0
27113,Pennington County,MN,0.1416,0.0436,0.2205,0.3217,0.5091,4.7,1.2,3.2,0.3,15.8,1.9,4.7,4.5,13.9,21.2,14.7,11.0,73.75,25.45,10.25,12.05,32.2,77.55000000000001,40.35,6.0,0,0,0
27115,Pine County,MN,0.4919,0.4493,0.1689,0.3446,0.8482,6.2,2.1,6.0,0.3,19.9,5.8,8.8,3.1,3.4,23.5,18.3,11.7,74.3,25.65,11.6,14.350000000000001,32.7,74.55,39.35,6.0,0,0,0
27117,Pipestone County,MN,0.2288,0.1059,0.7509,0.4248,0.2043,5.6,0.6,6.7,1.0,19.1,2.9,7.3,7.6,5.1,16.0,13.4,14.8,74.25,25.0,11.35,14.0,32.95,77.4,38.7,6.0,0,0,0
27119,Polk County,MN,0.4365,0.2027,0.4018,0.4314,0.8428,6.5,2.4,4.8,0.6,21.0,3.4,6.6,6.8,12.5,23.0,12.7,15.1,73.4,25.1,10.25,13.05,30.25,79.25,39.55,4.0,0,0,0
27121,Pope County,MN,0.028,0.0315,0.0585,0.0821,0.1779,4.6,0.4,3.2,0.0,16.0,1.0,4.8,1.9,5.8,20.2,13.3,5.7,75.25,24.6,10.55,10.850000000000001,32.6,78.75,38.9,6.0,0,0,0
27123,Ramsey County,MN,0.7076,0.4346,0.5278,0.7881,0.9456,10.3,11.8,5.3,4.5,20.5,4.7,8.8,7.7,28.5,27.9,12.0,40.4,74.1,25.799999999999997,10.15,14.7,31.799999999999997,79.05,32.2,1.0,0,0,0
27125,Red Lake County,MN,0.0891,0.0216,0.2978,0.2399,0.3143,4.5,0.8,2.8,0.2,17.2,1.5,5.0,3.8,5.3,18.1,13.2,8.8,74.44999999999999,24.85,10.55,11.7,32.25,78.65,38.7,6.0,0,0,0
27127,Redwood County,MN,0.1794,0.1047,0.3341,0.4085,0.3223,4.2,0.7,6.9,0.6,19.4,1.7,7.0,3.9,6.5,17.9,11.3,14.1,73.55,24.549999999999997,11.4,14.1,32.75,75.6,36.7,6.0,0,0,0
27129,Renville County,MN,0.2482,0.118,0.4957,0.4057,0.4375,6.3,0.6,4.7,0.6,20.2,3.1,8.6,9.5,7.3,17.3,12.5,14.0,73.55,23.95,11.649999999999999,13.95,32.85,74.7,38.95,6.0,0,0,0
27131,Rice County,MN,0.4598,0.2984,0.2491,0.5269,0.8253,5.0,6.3,6.0,2.5,17.0,5.3,7.5,8.7,10.9,22.3,9.6,19.9,74.19999999999999,23.15,9.75,12.95,29.950000000000003,76.8,38.1,5.0,0,0,0
27133,Rock County,MN,0.1304,0.07,0.1594,0.1696,0.4887,6.1,0.2,4.2,0.1,17.3,2.8,6.0,3.4,6.1,20.0,11.8,7.3,74.05000000000001,24.8,10.3,12.149999999999999,31.6,74.55,36.8,3.0,0,0,0
27135,Roseau County,MN,0.2504,0.139,0.4069,0.3016,0.5097,5.4,0.8,4.8,0.6,15.7,4.3,7.1,1.6,9.7,20.2,10.9,10.4,73.35,23.85,10.5,12.4,31.65,77.5,35.8,6.0,0,0,0
27137,St. Louis County,MN,0.3054,0.2542,0.0964,0.2816,0.7684,8.5,1.6,3.7,0.3,21.6,4.6,5.1,1.9,10.7,24.6,14.7,9.8,73.6,25.55,10.3,11.850000000000001,29.55,78.1,35.7,3.0,0,0,0
27139,Scott County,MN,0.1034,0.0175,0.4359,0.5616,0.1807,3.0,5.0,3.4,2.1,9.4,3.2,5.1,5.6,8.4,17.5,8.1,22.2,73.69999999999999,22.450000000000003,8.95,9.8,30.299999999999997,79.80000000000001,31.75,2.0,0,0,0
27141,Sherburne County,MN,0.1047,0.0245,0.3799,0.3592,0.2612,4.1,3.2,3.3,1.1,9.4,3.0,5.6,3.0,9.5,18.7,9.5,12.2,71.5,24.15,8.65,10.649999999999999,29.85,78.15,38.7,2.0,0,0,0
27143,Sibley County,MN,0.1139,0.0624,0.168,0.3675,0.3293,5.0,1.0,4.5,1.2,14.7,3.2,6.8,9.3,6.1,18.7,12.5,12.5,73.25,24.049999999999997,10.35,12.9,31.200000000000003,75.4,38.8,6.0,0,0,0
27145,Stearns County,MN,0.4572,0.2673,0.3035,0.4725,0.8473,5.6,8.0,4.3,1.6,20.9,4.4,7.3,3.8,20.0,23.4,11.2,17.0,73.8,25.3,9.75,13.25,31.05,78.15,36.7,4.0,0,0,0
27147,Steele County,MN,0.3105,0.1562,0.524,0.4273,0.5247,7.4,3.0,3.7,1.4,17.1,3.4,7.3,8.3,10.3,23.3,11.0,14.9,73.0,23.65,9.95,12.0,30.950000000000003,80.2,37.5,5.0,0,0,0
27149,Stevens County,MN,0.1728,0.0732,0.1435,0.42,0.5555,4.3,1.6,5.0,3.3,20.3,1.4,6.4,7.9,12.3,18.4,11.3,14.6,71.69999999999999,24.65,9.649999999999999,12.85,29.6,77.75,38.099999999999994,6.0,0,0,0
27151,Swift County,MN,0.5119,0.3204,0.9618,0.3503,0.3487,4.6,0.9,5.9,1.4,24.8,3.7,6.9,5.7,7.9,23.3,16.6,11.9,74.05,25.7,11.649999999999999,14.05,33.65,75.75,38.75,6.0,0,0,0
27153,Todd County,MN,0.5915,0.4031,0.7763,0.363,0.7331,6.1,0.4,9.4,2.8,21.7,4.1,11.0,7.4,4.8,19.4,13.6,12.3,72.85,25.05,11.600000000000001,15.05,33.25,76.15,39.45,6.0,0,0,0
27155,Traverse County,MN,0.1829,0.0713,0.4257,0.3977,0.3691,5.2,0.6,2.4,1.0,18.9,4.0,6.2,4.4,7.3,16.9,14.3,13.8,74.0,24.299999999999997,11.45,13.15,33.75,76.65,39.0,6.0,0,0,0
27157,Wabasha County,MN,0.0986,0.0449,0.3293,0.0983,0.2949,4.7,0.2,4.1,0.8,13.3,2.2,5.5,3.2,4.8,20.9,12.6,6.0,74.6,23.4,10.05,10.2,31.8,77.8,37.5,4.0,0,0,0
27159,Wadena County,MN,0.7448,0.5027,0.7604,0.2265,0.9822,9.1,0.5,6.1,0.1,24.0,6.1,7.5,2.2,9.8,24.0,15.4,8.4,73.05,26.05,11.399999999999999,14.4,31.4,77.15,38.45,6.0,0,0,0
27161,Waseca County,MN,0.2195,0.1158,0.4973,0.3388,0.3818,3.3,0.8,3.9,0.9,15.4,3.3,7.1,6.5,5.3,22.0,11.8,11.5,73.7,25.15,10.45,13.0,31.8,76.5,39.150000000000006,6.0,0,0,0
27163,Washington County,MN,0.0503,0.0134,0.1938,0.5326,0.1263,4.1,4.8,3.5,1.2,8.0,3.0,3.8,4.6,10.4,18.2,9.4,20.2,75.1,23.15,9.5,8.600000000000001,31.85,83.05,32.3,2.0,0,0,0
27165,Watonwan County,MN,0.6583,0.5199,0.7261,0.6701,0.6557,6.5,0.4,11.4,7.5,19.1,6.1,12.2,27.2,7.3,17.7,12.1,30.3,73.9,22.950000000000003,11.65,16.2,32.0,79.4,37.099999999999994,6.0,0,0,0
27167,Wilkin County,MN,0.1556,0.1629,0.0729,0.2164,0.4941,5.2,0.5,2.6,0.2,19.6,5.0,6.7,3.6,10.8,19.5,14.2,8.1,73.4,25.45,10.95,12.9,32.0,80.35,38.45,5.0,0,0,0
27169,Winona County,MN,0.2377,0.2208,0.0134,0.2816,0.8664,7.3,1.4,5.2,0.7,21.3,2.8,6.9,3.2,13.0,24.1,11.1,9.8,72.19999999999999,25.25,9.45,11.5,29.55,75.44999999999999,35.05,5.0,0,0,0
27171,Wright County,MN,0.0235,0.0165,0.1149,0.2914,0.0827,2.8,1.4,4.5,0.5,8.6,2.2,5.1,3.3,6.4,18.1,9.1,10.1,74.2,24.6,8.7,9.5,31.25,77.4,35.099999999999994,2.0,0,0,0
27173,Yellow Medicine County,MN,0.237,0.076,0.5829,0.335,0.483,5.4,0.8,3.9,0.8,19.2,3.2,7.4,5.1,4.6,17.1,13.2,11.4,73.95,25.2,11.05,13.1,31.8,76.1,38.849999999999994,6.0,0,0,0
28001,Adams County,MS,0.971,0.9523,0.9402,0.936,0.8393,8.6,53.4,12.7,4.1,41.5,7.1,17.5,7.0,3.5,23.7,15.1,63.2,81.85,17.799999999999997,18.700000000000003,32.0,37.349999999999994,72.6,41.35,5.0,0,1,0
28003,Alcorn County,MS,0.8944,0.9494,0.6761,0.5161,0.8785,7.7,9.4,13.6,0.2,32.2,6.4,18.1,3.5,4.8,25.5,22.7,19.2,79.2,22.4,13.7,19.6,39.2,70.2,40.0,5.0,0,1,0
28005,Amite County,MS,0.7894,0.7808,0.9348,0.8027,0.3646,7.6,40.2,11.4,0.3,38.0,7.5,12.5,0.1,1.3,17.5,27.6,42.1,81.5,19.95,17.85,26.8,38.65,73.5,45.2,6.0,0,1,0
28007,Attala County,MS,0.957,0.9411,0.8893,0.8549,0.8603,8.1,42.2,9.9,0.2,36.4,7.2,15.9,2.2,1.7,27.2,18.8,47.4,81.4,19.35,15.399999999999999,25.15,36.8,72.55,42.8,6.0,0,1,0
28009,Benton County,MS,0.7725,0.8212,0.7913,0.7821,0.4219,6.3,32.9,13.8,1.0,30.7,4.4,22.0,3.1,0.9,21.7,22.4,39.9,80.4,19.95,15.7,24.2,37.9,71.95,42.349999999999994,2.0,0,1,0
28011,Bolivar County,MS,0.994,0.9927,0.8883,0.9567,0.9583,10.8,63.2,14.6,0.7,47.1,7.4,17.8,2.3,3.7,32.8,17.5,69.2,83.44999999999999,19.2,19.2,33.9,37.849999999999994,74.65,46.65,5.0,0,1,0
28013,Calhoun County,MS,0.8988,0.7964,0.9844,0.7378,0.7066,7.5,28.4,11.5,1.8,34.4,4.2,21.7,6.5,0.6,21.2,22.2,36.2,79.85,20.6,16.4,25.95,37.3,69.85,41.2,6.0,0,1,0
28015,Carroll County,MS,0.7,0.7884,0.3653,0.7442,0.5947,5.1,35.8,7.5,0.0,36.1,6.0,21.2,0.1,0.1,20.0,21.0,36.7,80.7,19.35,16.450000000000003,24.75,38.45,70.15,40.2,5.0,0,1,0
28017,Chickasaw County,MS,0.9542,0.8664,0.9838,0.8759,0.8081,9.5,43.7,10.6,1.6,35.5,3.1,24.0,5.1,0.9,29.9,17.9,50.9,80.35,19.5,17.049999999999997,28.450000000000003,38.5,71.44999999999999,43.55,6.0,0,1,0
28019,Choctaw County,MS,0.7932,0.9074,0.7286,0.7028,0.4305,5.8,29.2,12.4,0.0,31.4,7.3,13.1,1.8,0.7,24.4,25.2,33.0,80.6,20.0,14.899999999999999,20.9,38.2,74.15,40.35,6.0,0,1,0
28021,Claiborne County,MS,0.819,0.9714,0.0137,0.9924,0.9427,12.0,85.7,19.5,0.0,49.0,9.0,17.9,0.2,2.9,21.4,12.3,88.9,83.7,17.65,20.0,38.95,35.75,73.6,49.15,6.0,0,1,0
28023,Clarke County,MS,0.8021,0.8759,0.9087,0.7521,0.3156,6.8,34.3,14.0,0.1,32.1,5.6,14.3,1.6,0.0,23.0,26.2,37.4,81.15,20.9,15.9,24.4,37.65,74.30000000000001,38.75,5.0,0,1,0
28025,Clay County,MS,0.7913,0.9825,0.2879,0.93,0.3649,8.0,60.0,11.5,0.1,36.7,8.9,18.3,0.2,0.9,28.9,8.1,62.0,82.65,18.5,17.55,30.15,37.2,75.65,47.75,6.0,0,1,0
28027,Coahoma County,MS,0.9895,0.9933,0.9045,0.9822,0.8896,12.0,75.9,13.4,1.4,49.3,10.8,18.7,1.8,3.1,28.5,14.7,80.4,83.6,18.15,20.65,38.599999999999994,38.1,73.95,46.75,5.0,0,1,0
28029,Copiah County,MS,0.7976,0.8034,0.3719,0.9017,0.8148,7.4,51.0,14.4,0.2,35.4,5.2,15.1,3.7,0.2,19.6,15.2,56.5,81.8,19.299999999999997,16.75,26.95,36.2,74.15,42.099999999999994,3.0,0,1,0
28031,Covington County,MS,0.7674,0.8947,0.6678,0.7894,0.3758,6.5,34.9,9.9,0.0,35.1,5.8,17.1,2.5,1.0,24.5,18.2,40.5,80.85,19.549999999999997,14.45,23.0,36.2,72.45,40.4,6.0,0,1,0
28033,DeSoto County,MS,0.3563,0.3847,0.51,0.7859,0.1289,3.7,30.8,8.9,0.8,17.1,4.4,8.8,5.2,3.6,23.2,11.9,40.2,80.69999999999999,19.799999999999997,11.9,17.1,34.9,74.25,37.099999999999994,2.0,0,1,0
28035,Forrest County,MS,0.9497,0.923,0.7346,0.8101,0.9758,8.0,36.1,11.4,0.6,34.9,7.4,10.5,3.2,11.7,29.4,20.2,43.1,80.1,20.700000000000003,13.3,22.95,33.45,76.2,36.7,4.0,0,1,0
28037,Franklin County,MS,0.5787,0.5568,0.915,0.7537,0.1597,3.3,35.7,10.9,0.0,37.9,2.6,15.7,0.0,0.2,16.8,24.2,37.5,80.85,20.25,16.55,25.9,38.95,69.8,40.5,6.0,0,1,0
28039,George County,MS,0.8384,0.9045,0.728,0.3961,0.7591,6.1,7.7,13.6,0.5,32.7,10.4,14.0,3.2,1.3,21.3,20.4,13.7,77.6,21.75,12.399999999999999,17.950000000000003,36.3,71.8,37.05,6.0,0,1,0
28041,Greene County,MS,0.7776,0.888,0.1308,0.6538,0.8969,7.2,25.4,14.1,0.1,27.8,12.6,18.9,1.3,1.2,19.5,24.5,29.1,78.15,19.9,13.55,21.85,36.05,71.1,41.9,6.0,0,1,0
28043,Grenada County,MS,0.8492,0.9093,0.6885,0.8616,0.6306,6.9,44.9,12.8,0.0,34.9,4.1,18.0,0.4,3.6,29.6,19.9,48.4,80.25,19.65,16.15,26.05,36.849999999999994,71.4,46.1,5.0,0,1,0
28045,Hancock County,MS,0.4776,0.5959,0.4343,0.4445,0.3236,3.8,6.9,10.3,0.1,24.3,6.2,9.6,3.9,4.6,20.3,18.4,15.7,79.35,20.4,12.55,15.2,38.3,73.0,37.15,3.0,0,1,0
28047,Harrison County,MS,0.9182,0.9246,0.9093,0.756,0.7525,5.9,24.6,14.1,1.1,27.5,8.4,10.9,5.6,11.6,29.8,18.5,37.6,80.6,21.35,13.2,19.950000000000003,37.2,71.6,36.55,3.0,0,1,0
28049,Hinds County,MS,0.9154,0.9437,0.5686,0.9771,0.8638,7.2,72.7,12.5,0.4,33.6,7.8,11.1,1.6,9.0,32.3,14.6,76.3,83.05,17.450000000000003,16.15,27.9,35.95,77.9,44.3,3.0,0,1,0
28051,Holmes County,MS,0.992,0.994,0.875,0.9879,0.945,15.1,83.0,12.1,0.1,50.3,8.8,19.0,0.5,1.9,34.4,32.1,84.9,83.65,18.1,22.15,42.3,37.349999999999994,75.0,51.1,3.0,0,1,0
28053,Humphreys County,MS,0.9787,0.9997,0.9297,0.9815,0.5927,12.2,78.6,15.5,0.1,56.5,13.7,25.2,0.3,1.5,37.8,27.7,80.0,83.5,19.05,22.65,42.55,37.9,72.65,52.7,6.0,0,1,0
28055,Issaquena County,MS,0.9539,0.9879,0.0767,0.9682,0.9994,17.3,70.4,12.8,0.0,33.5,12.1,35.7,1.0,2.9,27.6,37.7,72.5,78.4,16.950000000000003,17.1,36.849999999999994,35.2,72.55000000000001,46.3,6.0,0,1,0
28057,Itawamba County,MS,0.2463,0.3446,0.0773,0.328,0.4251,3.8,6.0,10.5,0.2,21.8,2.8,14.8,1.8,2.2,14.3,14.9,11.2,78.55,21.450000000000003,11.5,15.75,37.3,69.65,36.6,5.0,0,1,0
28059,Jackson County,MS,0.8288,0.8533,0.929,0.7066,0.4442,4.5,20.3,12.9,1.2,25.4,8.1,11.3,7.1,6.8,25.1,20.5,33.3,80.19999999999999,20.049999999999997,13.9,18.049999999999997,36.1,73.65,40.6,3.0,0,1,0
28061,Jasper County,MS,0.6281,0.5227,0.7591,0.8969,0.4139,9.4,53.8,11.3,0.0,32.4,3.8,11.4,0.8,0.3,17.0,19.4,55.8,82.2,18.700000000000003,17.1,27.299999999999997,37.25,75.80000000000001,45.05,5.0,0,1,0
28063,Jefferson County,MS,0.8991,0.9084,0.5822,0.9901,0.8619,5.8,77.2,11.3,0.5,50.6,5.4,24.1,8.5,1.7,21.9,14.5,87.0,83.85,16.9,21.700000000000003,39.55,37.8,72.45,51.6,5.0,0,1,0
28065,Jefferson Davis County,MS,0.8743,0.9749,0.6831,0.9332,0.4903,7.0,61.0,12.7,0.1,37.7,9.2,14.5,0.2,0.3,27.9,21.3,62.5,83.05,18.55,19.3,31.85,38.55,74.0,45.599999999999994,6.0,0,1,0
28067,Jones County,MS,0.791,0.6666,0.916,0.7321,0.6319,6.0,28.9,11.0,1.2,32.3,3.7,13.9,4.7,2.0,21.1,16.3,35.8,80.25,20.299999999999997,14.8,22.15,37.45,75.1,41.75,5.0,0,1,0
28069,Kemper County,MS,0.95,0.9615,0.7054,0.9472,0.8998,4.9,61.8,14.8,0.2,33.1,14.1,20.0,0.8,1.6,22.2,21.6,66.6,82.1,17.75,17.1,28.6,36.75,74.94999999999999,44.650000000000006,6.0,0,1,0
28071,Lafayette County,MS,0.4391,0.5686,0.0057,0.6656,0.8578,5.9,23.3,9.1,0.4,31.5,2.8,8.2,2.6,12.2,27.4,9.5,30.1,79.55000000000001,20.25,11.350000000000001,16.6,34.5,75.15,35.7,5.0,0,1,0
28073,Lamar County,MS,0.6032,0.6662,0.637,0.6373,0.3627,4.5,20.9,12.7,0.7,24.1,5.8,8.8,3.1,10.1,22.6,14.5,27.6,80.65,21.5,11.8,16.05,36.45,70.75,38.6,4.0,0,1,0
28075,Lauderdale County,MS,0.959,0.9249,0.8097,0.8638,0.9612,9.8,43.4,9.9,0.3,36.1,5.5,15.8,2.2,5.9,30.4,17.9,48.7,81.25,19.200000000000003,15.399999999999999,25.549999999999997,36.05,75.25,42.2,5.0,0,1,0
28077,Lawrence County,MS,0.8505,0.9405,0.9596,0.735,0.2479,5.3,31.5,13.9,0.5,39.0,12.0,17.1,2.4,0.3,20.9,27.3,35.9,80.5,21.200000000000003,17.0,28.049999999999997,37.05,70.25,46.2,6.0,0,1,0
28079,Leake County,MS,0.9574,0.8692,0.9695,0.882,0.8606,8.9,39.8,15.9,1.9,34.6,6.0,18.7,5.1,0.9,18.9,23.3,52.3,80.65,19.549999999999997,15.75,26.9,36.7,74.5,42.8,6.0,0,1,0
28081,Lee County,MS,0.7455,0.6758,0.7016,0.7391,0.6815,4.9,29.7,11.2,0.9,21.8,5.6,12.7,3.0,8.0,22.3,14.0,36.3,80.85,20.3,13.100000000000001,18.35,36.85,70.4,36.349999999999994,5.0,0,1,0
28083,Leflore County,MS,0.9411,0.9962,0.5485,0.9806,0.763,12.9,74.6,14.4,0.2,48.8,11.8,16.8,2.9,2.7,31.2,13.4,78.8,83.7,17.8,19.95,37.95,36.95,74.2,43.65,5.0,0,1,0
28085,Lincoln County,MS,0.6042,0.6551,0.2739,0.7019,0.6252,4.4,30.2,13.9,0.2,30.9,4.3,12.7,1.3,1.2,18.9,14.9,32.9,79.7,20.200000000000003,14.399999999999999,21.5,37.1,68.4,40.3,5.0,0,1,0
28087,Lowndes County,MS,0.7521,0.8559,0.3522,0.8718,0.5787,6.8,44.5,10.6,0.3,29.5,6.2,12.0,2.4,3.5,26.7,11.7,50.0,81.15,19.25,14.55,22.35,35.05,77.4,37.7,5.0,0,1,0
28089,Madison County,MS,0.3554,0.2937,0.3656,0.8323,0.2883,3.7,37.6,7.4,0.8,16.6,4.2,7.4,3.1,5.6,23.4,10.7,45.1,81.75,17.95,11.600000000000001,14.35,33.6,77.2,36.15,3.0,0,1,0
28091,Marion County,MS,0.8928,0.9847,0.6004,0.7423,0.6879,5.8,32.3,15.7,0.3,39.5,9.5,17.2,1.7,2.1,25.5,21.9,36.5,80.25,20.85,15.8,26.25,37.25,70.35,43.55,6.0,0,1,0
28093,Marshall County,MS,0.8699,0.8832,0.7133,0.8848,0.7388,3.8,45.5,11.6,1.1,32.6,4.8,17.2,4.3,1.7,25.7,19.6,52.9,81.1,19.75,17.1,29.1,37.75,71.7,42.0,2.0,0,1,0
28095,Monroe County,MS,0.6163,0.7512,0.5457,0.7066,0.3054,5.1,30.2,10.5,0.4,30.3,5.5,15.1,1.5,0.2,20.1,14.0,33.3,80.85,20.35,15.1,23.049999999999997,38.35,75.35,42.9,6.0,0,1,0
28097,Montgomery County,MS,0.9599,0.9774,0.8428,0.8591,0.8295,8.6,46.0,9.7,0.0,42.9,7.8,24.4,0.6,4.2,27.4,21.2,47.9,81.75,19.35,17.450000000000003,27.85,38.6,69.19999999999999,43.65,5.0,0,1,0
28099,Neshoba County,MS,0.9402,0.9087,0.8902,0.804,0.8893,8.3,22.8,12.7,0.5,40.5,9.3,17.7,0.2,1.4,19.2,18.1,42.3,79.55,21.65,15.5,26.4,36.95,72.44999999999999,43.25,6.0,0,1,0
28101,Newton County,MS,0.6793,0.6882,0.6411,0.7922,0.4747,5.5,31.2,14.3,0.0,34.4,4.3,14.3,2.1,0.4,17.7,20.9,40.8,79.9,20.6,14.7,24.25,36.150000000000006,70.5,41.2,6.0,0,1,0
28103,Noxubee County,MS,0.964,0.9946,0.9653,0.973,0.4919,7.1,73.6,18.7,0.5,37.2,9.3,18.9,0.3,1.9,27.2,24.5,74.4,82.30000000000001,18.299999999999997,19.6,36.55,36.150000000000006,75.9,46.45,5.0,0,1,0
28105,Oktibbeha County,MS,0.6939,0.8463,0.0407,0.819,0.812,4.9,36.6,7.9,0.8,39.8,6.8,9.1,1.8,13.5,31.9,10.8,44.0,79.44999999999999,19.55,12.4,20.35,31.8,75.7,37.05,5.0,0,1,0
28107,Panola County,MS,0.8626,0.9771,0.6615,0.8851,0.455,5.3,49.6,13.6,0.0,37.1,9.5,18.1,0.6,1.0,24.8,17.7,53.1,81.4,20.450000000000003,17.0,29.700000000000003,36.95,72.5,46.349999999999994,6.0,0,1,0
28109,Pearl River County,MS,0.6907,0.7604,0.8422,0.5231,0.3417,2.9,12.5,13.1,0.6,26.3,5.6,13.1,3.4,1.0,21.5,20.7,19.6,79.3,21.6,13.100000000000001,18.65,37.1,71.30000000000001,38.05,5.0,0,1,0
28111,Perry County,MS,0.6914,0.7846,0.7159,0.5679,0.4057,4.5,11.6,14.1,0.0,35.2,6.3,14.1,7.0,0.4,16.6,29.5,22.6,80.0,21.65,14.8,21.45,38.7,70.25,43.650000000000006,4.0,0,1,0
28113,Pike County,MS,0.9812,0.979,0.7922,0.9077,0.9733,6.8,54.0,12.7,0.1,40.8,7.2,17.3,1.6,5.5,28.1,18.9,57.6,82.6,19.65,17.6,30.950000000000003,36.8,70.80000000000001,46.25,5.0,0,1,0
28115,Pontotoc County,MS,0.6087,0.5679,0.8804,0.6077,0.3035,3.3,14.4,12.0,2.5,28.1,2.9,19.9,7.5,0.9,17.2,18.5,24.9,78.35,21.1,13.0,19.85,36.35,73.05000000000001,38.849999999999994,6.0,0,1,0
28117,Prentiss County,MS,0.6993,0.6303,0.7744,0.5317,0.6389,5.9,10.7,8.8,0.6,31.2,5.0,16.5,1.5,1.7,17.4,18.0,20.1,79.0,21.950000000000003,13.100000000000001,19.200000000000003,36.95,74.05,40.9,5.0,0,1,0
28119,Quitman County,MS,0.9551,0.9959,0.4645,0.9749,0.8867,14.6,71.8,15.8,0.0,47.8,12.2,24.8,0.4,1.9,25.3,17.0,75.2,82.94999999999999,18.8,21.15,40.05,37.2,71.6,51.150000000000006,6.0,0,1,0
28121,Rankin County,MS,0.3732,0.3166,0.3436,0.636,0.4225,2.4,21.6,9.3,0.5,15.7,4.4,10.0,2.7,5.3,19.7,13.8,27.5,80.1,19.55,11.399999999999999,14.45,36.65,77.45,36.5,3.0,0,1,0
28123,Scott County,MS,0.9217,0.8877,0.9936,0.8769,0.5177,8.1,35.6,13.3,2.9,40.7,6.0,22.3,11.8,0.7,19.1,19.6,51.3,79.85,20.3,17.05,30.2,37.55,74.65,43.3,3.0,0,1,0
28125,Sharkey County,MS,0.9838,0.9854,0.8027,0.9707,0.9494,15.1,72.5,20.3,0.0,49.1,12.8,20.3,0.7,1.1,22.4,21.6,73.5,83.45,18.200000000000003,22.4,40.2,38.5,73.35,50.4,6.0,0,1,0
28127,Simpson County,MS,0.7808,0.8632,0.8186,0.7668,0.3583,4.4,35.1,12.7,0.5,27.8,6.0,19.9,2.0,0.3,21.7,20.0,38.8,80.65,20.15,14.7,22.799999999999997,37.400000000000006,76.75,40.150000000000006,3.0,0,1,0
28129,Smith County,MS,0.7251,0.6293,0.8708,0.6249,0.5504,6.8,24.3,15.0,0.2,32.1,3.5,18.0,0.5,1.1,14.9,20.5,26.5,80.0,21.549999999999997,15.2,23.85,38.6,72.3,43.7,6.0,0,1,0
28131,Stone County,MS,0.8587,0.8355,0.6157,0.5892,0.9408,6.9,16.1,12.5,0.2,30.5,8.1,14.4,2.3,1.5,19.9,21.9,23.8,79.4,21.25,13.05,18.75,36.5,72.7,41.15,3.0,0,1,0
28133,Sunflower County,MS,0.9303,0.986,0.5068,0.9777,0.8091,9.3,73.5,11.6,0.9,41.8,11.1,23.0,1.9,1.9,26.1,14.7,76.4,82.25,17.15,18.8,37.0,35.65,74.0,48.75,6.0,0,1,0
28135,Tallahatchie County,MS,0.9141,0.9809,0.5336,0.9437,0.7639,10.8,61.4,15.9,0.7,40.0,11.0,21.9,1.9,2.1,22.7,16.4,65.1,80.65,18.65,17.95,32.2,37.7,73.0,45.0,6.0,0,1,0
28137,Tate County,MS,0.8915,0.951,0.5724,0.7321,0.84,4.0,30.4,12.9,0.5,28.3,7.2,16.5,3.4,1.6,29.0,15.5,35.8,79.75,20.25,13.35,20.450000000000003,37.0,69.45,36.25,2.0,0,1,0
28139,Tippah County,MS,0.8839,0.924,0.9061,0.574,0.6815,3.7,14.5,14.2,1.3,33.6,6.0,20.7,4.7,2.2,22.1,20.9,22.9,79.5,21.700000000000003,14.2,21.5,37.400000000000006,69.4,43.4,6.0,0,1,0
28141,Tishomingo County,MS,0.7467,0.8094,0.9465,0.2485,0.4073,5.0,1.3,12.0,1.7,32.8,3.5,18.5,3.5,2.1,24.5,21.9,9.0,78.85,22.85,13.45,18.700000000000003,38.6,67.25,39.45,6.0,0,1,0
28143,Tunica County,MS,0.9602,0.9952,0.2943,0.9838,0.9666,9.5,80.3,13.1,0.1,48.7,12.2,16.4,1.3,8.5,36.1,10.5,81.7,83.0,18.65,20.65,42.45,36.2,72.95,50.9,2.0,0,1,0
28145,Union County,MS,0.6977,0.6109,0.9306,0.5727,0.4403,4.1,15.7,10.1,0.8,27.0,4.1,22.4,4.6,2.0,18.1,19.2,22.8,78.55000000000001,21.7,13.2,20.549999999999997,39.05,72.0,41.55,6.0,0,1,0
28147,Walthall County,MS,0.8982,0.936,0.9577,0.8543,0.4448,5.5,40.9,10.4,0.6,34.6,6.5,18.5,2.4,0.1,25.5,23.8,47.3,80.9,19.75,16.1,26.7,38.25,74.4,43.150000000000006,5.0,0,1,0
28149,Warren County,MS,0.8279,0.7496,0.9386,0.8858,0.5285,6.5,48.7,11.2,1.2,26.7,4.7,12.3,2.2,6.4,25.0,19.8,53.2,82.1,18.700000000000003,14.85,22.55,35.849999999999994,74.3,43.8,5.0,0,1,0
28151,Washington County,MS,0.9971,0.9965,0.9784,0.9758,0.8836,12.4,71.9,13.4,0.8,43.2,9.5,19.9,1.8,7.5,34.5,24.6,75.7,82.5,17.299999999999997,19.3,36.599999999999994,36.0,71.4,44.2,5.0,0,1,0
28153,Wayne County,MS,0.9119,0.9446,0.9739,0.8075,0.4607,6.5,37.9,18.2,1.7,35.1,8.7,17.5,3.7,1.3,21.0,18.9,42.9,80.6,20.15,16.4,27.8,37.1,71.30000000000001,44.3,6.0,0,1,0
28155,Webster County,MS,0.6112,0.7919,0.6866,0.5542,0.2068,6.9,18.5,13.5,0.1,24.0,6.4,15.2,1.6,1.5,21.2,20.4,21.8,79.5,20.65,12.5,17.5,38.3,72.75,36.4,5.0,0,1,0
28157,Wilkinson County,MS,0.8349,0.8498,0.6446,0.9672,0.6497,6.8,67.4,9.8,0.0,41.3,6.3,14.7,1.8,0.7,21.8,24.3,72.4,82.25,17.25,19.1,33.8,37.2,73.4,47.55,6.0,0,1,0
28159,Winston County,MS,0.8543,0.8591,0.8438,0.8734,0.6036,7.0,46.7,11.0,0.1,35.2,6.9,14.5,1.5,1.5,21.2,24.2,50.4,82.2,19.25,17.6,28.799999999999997,37.650000000000006,71.85,41.85,6.0,0,1,0
28161,Yalobusha County,MS,0.7429,0.7976,0.7725,0.8031,0.3799,6.1,38.3,13.2,0.4,35.2,5.0,15.5,2.6,0.7,20.1,18.6,42.2,80.7,20.1,17.0,28.200000000000003,38.5,71.45,40.1,5.0,0,1,0
28163,Yazoo County,MS,0.9975,0.9968,0.8396,0.945,0.9952,11.1,60.4,13.7,1.2,42.0,10.4,23.0,4.0,2.2,29.6,24.3,66.1,80.0,18.65,18.2,36.150000000000006,36.8,73.15,50.35,3.0,0,1,0
29001,Adair County,MO,0.4006,0.6494,0.0143,0.342,0.6837,7.0,4.1,8.1,1.3,32.9,5.5,8.0,2.8,3.1,23.5,11.5,11.6,76.6,27.4,10.45,14.149999999999999,32.7,71.85,36.8,5.0,0,0,0
29003,Andrew County,MO,0.0169,0.097,0.048,0.1508,0.0248,3.5,0.8,6.3,0.0,14.7,4.1,5.5,2.7,2.2,18.3,12.1,7.0,76.9,24.3,10.399999999999999,10.95,35.849999999999994,78.19999999999999,35.9,4.0,0,0,0
29005,Atchison County,MO,0.2249,0.3347,0.5399,0.0757,0.1339,4.4,0.3,11.6,0.2,25.5,2.6,9.3,1.6,1.4,16.9,17.3,5.6,77.95,25.85,12.9,14.2,36.650000000000006,70.15,41.6,6.0,0,0,0
29007,Audrain County,MO,0.7105,0.6338,0.8062,0.3802,0.7079,6.7,4.8,15.0,0.7,29.8,3.9,13.2,3.4,2.4,18.8,19.4,13.0,77.7,26.5,12.85,17.35,34.3,70.25,39.95,5.0,0,0,0
29009,Barry County,MO,0.5768,0.672,0.749,0.5094,0.2568,3.5,0.3,13.1,1.6,29.0,3.6,14.5,9.9,0.8,20.9,16.1,18.9,76.5,25.25,13.3,18.05,36.9,70.35,37.75,6.0,0,0,0
29011,Barton County,MO,0.6767,0.9208,0.8183,0.2628,0.1788,7.8,0.3,11.5,0.2,36.9,6.1,13.4,3.1,1.1,26.3,21.3,9.3,77.0,26.35,13.6,18.5,36.900000000000006,71.2,40.75,6.0,0,0,0
29013,Bates County,MO,0.7114,0.8027,0.5698,0.1985,0.7261,7.4,2.1,10.6,0.0,29.0,7.5,11.5,2.7,0.8,22.4,17.7,7.8,76.75,26.9,12.45,16.35,36.55,66.7,41.1,2.0,0,0,0
29015,Benton County,MO,0.5364,0.7222,0.4079,0.1753,0.4827,6.2,0.7,11.7,0.2,27.4,5.0,12.4,2.3,1.1,22.1,23.5,7.4,78.69999999999999,25.700000000000003,13.85,14.95,38.85,72.1,38.9,6.0,0,0,0
29017,Bollinger County,MO,0.4241,0.6869,0.3373,0.1037,0.2771,3.8,0.6,10.3,0.2,29.6,4.9,15.7,1.7,0.7,19.4,20.0,6.1,77.3,26.75,12.45,15.600000000000001,36.45,70.85,39.099999999999994,4.0,0,0,0
29019,Boone County,MO,0.4244,0.3968,0.062,0.5711,0.7776,6.1,9.1,6.6,1.0,25.2,3.9,5.2,3.6,12.2,27.8,12.3,22.7,76.9,23.9,9.8,12.25,32.8,72.7,30.700000000000003,4.0,0,0,0
29021,Buchanan County,MO,0.8218,0.7541,0.7639,0.5094,0.8845,8.8,5.7,12.8,1.4,27.3,4.8,10.4,7.0,7.7,25.2,17.4,18.9,77.05000000000001,25.15,12.2,16.450000000000003,36.6,72.5,43.0,4.0,0,0,0
29023,Butler County,MO,0.8412,0.9402,0.6265,0.3888,0.7563,8.8,5.1,13.3,0.0,35.0,5.3,16.4,2.4,2.2,28.6,22.8,13.4,77.15,28.049999999999997,13.95,20.15,37.75,64.3,41.2,5.0,0,0,0
29025,Caldwell County,MO,0.3163,0.5212,0.1966,0.1457,0.3191,6.6,0.4,11.0,0.1,27.9,4.8,10.2,2.7,0.7,17.6,15.0,6.9,76.95,25.6,11.65,14.25,36.5,69.35,38.9,2.0,0,0,0
29027,Callaway County,MO,0.2447,0.4445,0.0589,0.3217,0.3169,4.0,4.2,10.0,0.1,18.6,5.2,9.8,2.2,1.4,20.3,13.4,11.0,76.75,25.1,11.05,13.3,35.15,75.55000000000001,37.0,4.0,0,0,0
29029,Camden County,MO,0.3493,0.5428,0.2892,0.1572,0.294,2.8,0.9,12.7,0.4,20.0,5.2,8.3,3.1,20.8,22.7,18.6,7.1,78.94999999999999,24.4,12.3,11.899999999999999,38.6,76.35,35.55,6.0,0,0,0
29031,Cape Girardeau County,MO,0.3099,0.3551,0.0598,0.4378,0.6147,5.8,7.6,6.9,0.3,23.1,3.2,8.2,2.6,6.7,24.1,14.0,15.4,78.05000000000001,24.8,10.7,13.05,34.05,74.2,35.3,4.0,0,0,0
29033,Carroll County,MO,0.1378,0.3019,0.1285,0.1037,0.1556,6.1,1.4,7.0,0.1,24.0,4.7,8.6,1.9,2.5,16.8,13.8,6.1,77.25,25.799999999999997,12.25,14.5,35.75,70.5,38.7,6.0,0,0,0
29035,Carter County,MO,0.4823,0.8005,0.3353,0.1696,0.2348,10.5,1.0,16.1,0.0,31.2,1.2,16.6,2.3,0.7,27.8,29.6,7.3,77.6,27.450000000000003,13.95,19.299999999999997,37.1,69.9,39.9,6.0,0,0,0
29037,Cass County,MO,0.1257,0.1868,0.2981,0.4165,0.0608,4.0,4.3,8.6,0.2,12.8,4.5,5.9,4.9,2.4,19.8,14.0,14.5,77.25,24.4,10.5,11.0,34.8,77.55000000000001,37.9,2.0,0,0,0
29039,Cedar County,MO,0.6643,0.756,0.5975,0.1696,0.6809,7.2,0.3,16.0,0.0,34.6,2.5,14.2,2.6,1.5,23.4,22.4,7.3,77.3,26.25,13.649999999999999,17.25,37.599999999999994,67.25,39.95,6.0,0,0,0
29041,Chariton County,MO,0.1747,0.2052,0.3891,0.1094,0.2065,4.6,2.6,8.1,0.0,20.5,4.3,7.9,1.0,0.8,12.7,17.3,6.2,77.75,24.85,12.2,13.75,36.55,74.85,38.55,6.0,0,0,0
29043,Christian County,MO,0.1107,0.1724,0.2641,0.2294,0.1047,2.5,0.7,8.6,0.6,15.0,3.6,7.2,3.5,3.2,19.3,12.9,8.5,77.6,25.1,9.899999999999999,10.600000000000001,33.9,74.05,36.099999999999994,3.0,0,0,0
29045,Clark County,MO,0.265,0.4381,0.154,0.0264,0.4031,5.8,0.2,12.2,0.1,28.0,3.9,10.4,1.0,0.2,10.6,14.2,4.3,76.94999999999999,26.299999999999997,13.100000000000001,16.6,37.0,70.75,41.55,6.0,0,0,0
29047,Clay County,MO,0.2692,0.2218,0.4556,0.546,0.2514,4.5,6.4,7.8,1.1,14.8,4.0,6.2,7.4,12.2,22.5,11.9,21.2,76.6,23.6,10.25,11.2,34.7,76.35,37.25,2.0,0,0,0
29049,Clinton County,MO,0.1661,0.3618,0.1772,0.182,0.1136,4.1,0.8,9.0,0.2,17.9,6.1,6.2,2.5,0.7,20.5,14.4,7.5,76.9,25.549999999999997,10.8,12.3,35.55,72.35,39.3,2.0,0,0,0
29051,Cole County,MO,0.2049,0.1161,0.1877,0.525,0.4696,5.3,11.3,7.0,0.5,15.4,3.1,7.5,3.1,7.0,18.3,12.1,19.8,78.25,23.549999999999997,10.2,11.399999999999999,34.3,78.5,36.650000000000006,4.0,0,0,0
29053,Cooper County,MO,0.3716,0.4448,0.3245,0.3592,0.3828,4.4,5.5,9.8,0.2,21.4,5.0,9.5,2.2,1.5,19.6,16.1,12.2,77.05,24.55,11.1,13.05,35.3,76.55,37.6,4.0,0,0,0
29055,Crawford County,MO,0.657,0.9179,0.4104,0.1572,0.4773,6.1,0.5,13.8,0.1,26.3,6.9,15.8,2.3,1.3,25.4,21.7,7.1,76.94999999999999,26.5,12.55,15.899999999999999,36.400000000000006,72.15,41.8,6.0,0,0,0
29057,Dade County,MO,0.595,0.7894,0.3013,0.1572,0.6338,6.6,0.6,11.2,0.3,35.0,5.7,10.6,2.3,0.7,22.5,16.1,7.1,77.94999999999999,26.4,13.9,16.8,37.7,74.05,40.6,6.0,0,0,0
29059,Dallas County,MO,0.5466,0.8031,0.6662,0.1276,0.2176,4.8,0.1,15.6,0.3,32.6,4.9,11.1,2.4,0.6,23.2,19.9,6.6,76.75,26.75,13.3,17.55,36.05,69.65,39.4,3.0,0,0,0
29061,Daviess County,MO,0.5157,0.5514,0.3213,0.0379,0.7884,8.9,0.5,14.9,0.2,27.1,2.0,12.9,1.7,1.8,20.3,14.4,4.6,76.8,26.549999999999997,12.6,15.7,38.2,72.69999999999999,38.55,6.0,0,0,0
29063,DeKalb County,MO,0.1753,0.2243,0.0293,0.4356,0.4559,6.3,8.2,9.9,0.2,18.2,3.1,10.8,2.9,2.2,14.2,14.9,15.3,76.95,23.950000000000003,11.3,13.25,35.5,76.44999999999999,39.05,4.0,0,0,0
29065,Dent County,MO,0.6551,0.7388,0.7569,0.1861,0.5374,5.6,0.4,13.0,0.1,29.4,4.8,14.4,2.0,1.0,20.4,21.6,7.6,77.5,25.299999999999997,12.85,15.799999999999999,36.05,69.55000000000001,39.4,6.0,0,0,0
29067,Douglas County,MO,0.5969,0.8702,0.8196,0.1225,0.1448,4.5,0.5,10.6,0.0,30.2,6.5,15.2,1.0,0.6,23.4,21.2,6.5,77.65,26.35,13.3,16.25,37.25,66.44999999999999,37.95,6.0,0,0,0
29069,Dunklin County,MO,0.9707,0.9424,0.993,0.5778,0.8291,8.5,7.9,17.6,1.2,33.7,5.7,20.0,7.2,2.8,23.3,21.9,23.2,77.05000000000001,27.200000000000003,14.55,22.65,36.9,68.55,46.3,5.0,0,0,0
29071,Franklin County,MO,0.1066,0.2851,0.07,0.2536,0.0964,4.0,0.9,7.7,0.1,16.2,4.6,9.6,1.9,3.5,19.8,14.3,9.1,77.5,26.200000000000003,10.95,11.7,36.15,71.6,39.45,2.0,0,0,0
29073,Gasconade County,MO,0.2488,0.2024,0.4085,0.0757,0.4836,6.0,0.9,8.1,0.2,20.1,2.1,11.1,0.8,0.8,16.1,17.5,5.6,77.75,25.65,11.75,12.850000000000001,36.900000000000006,69.15,39.25,6.0,0,0,0
29075,Gentry County,MO,0.4066,0.5711,0.2358,0.0627,0.5129,5.0,0.5,11.6,0.1,27.2,2.9,12.4,2.1,2.4,21.8,15.6,5.3,76.4,25.6,11.899999999999999,15.1,35.7,68.30000000000001,41.05,6.0,0,0,0
29077,Greene County,MO,0.5317,0.5835,0.1034,0.4085,0.8272,7.1,3.0,11.9,0.5,25.0,3.9,6.9,4.1,14.9,28.5,14.9,14.1,77.1,24.65,10.6,13.65,33.599999999999994,70.3,37.25,3.0,0,0,0
29079,Grundy County,MO,0.679,0.7375,0.7031,0.1409,0.6748,11.1,0.4,18.4,0.9,25.8,4.1,14.6,2.7,3.7,21.9,14.6,6.8,77.35,26.200000000000003,12.75,16.25,36.7,71.0,39.3,6.0,0,0,0
29081,Harrison County,MO,0.4378,0.4015,0.8113,0.0983,0.3637,6.4,1.0,7.4,0.2,30.7,2.3,9.2,2.7,2.0,21.8,21.1,6.0,77.5,25.9,13.0,16.15,37.5,71.2,39.5,6.0,0,0,0
29083,Henry County,MO,0.6526,0.7674,0.8527,0.1928,0.3691,5.1,0.7,10.7,0.4,25.4,6.7,10.9,2.8,1.7,23.8,19.7,7.7,77.35,26.0,12.7,15.799999999999999,36.55,73.9,38.55,6.0,0,0,0
29085,Hickory County,MO,0.6157,0.9669,0.6182,0.1037,0.1298,3.3,0.1,14.6,1.0,37.4,8.8,10.6,2.1,0.2,33.9,26.9,6.1,78.85,26.7,16.3,20.55,40.3,70.25,43.05,6.0,0,0,0
29087,Holt County,MO,0.1705,0.2545,0.5765,0.0627,0.084,3.3,0.7,10.0,0.1,22.8,3.9,6.4,1.4,0.9,17.4,19.6,5.3,77.7,24.9,12.2,13.5,37.0,75.0,36.8,6.0,0,0,0
29089,Howard County,MO,0.35,0.4423,0.3458,0.3723,0.3029,3.2,5.8,9.8,0.4,22.1,4.5,11.5,2.0,0.7,18.5,16.4,12.7,77.5,25.6,11.05,12.8,35.7,71.94999999999999,35.4,4.0,0,0,0
29091,Howell County,MO,0.7693,0.9096,0.7149,0.1572,0.6271,7.5,0.4,15.8,0.2,36.5,5.5,13.8,2.4,2.7,23.8,19.2,7.1,76.95,27.4,13.45,18.85,35.849999999999994,72.05,36.8,5.0,0,0,0
29093,Iron County,MO,0.6074,0.6242,0.7331,0.1928,0.5778,5.8,0.7,11.0,0.0,27.9,3.3,13.7,2.0,1.8,22.3,22.9,7.7,77.44999999999999,27.200000000000003,13.25,16.85,37.2,74.15,42.2,6.0,0,0,0
29095,Jackson County,MO,0.6866,0.6612,0.5899,0.7684,0.5829,7.9,22.6,11.6,1.6,22.6,4.9,8.3,9.6,15.2,28.7,12.9,38.9,76.65,25.6,11.55,16.75,36.9,75.75,37.2,1.0,0,0,0
29097,Jasper County,MO,0.7451,0.7531,0.7703,0.489,0.6344,6.5,1.8,13.8,1.2,29.0,4.1,11.7,8.7,5.8,24.5,15.8,17.7,76.35,26.05,12.15,16.25,34.95,69.19999999999999,40.1,4.0,0,0,0
29099,Jefferson County,MO,0.1136,0.1931,0.2151,0.2816,0.0983,3.2,1.0,7.9,0.3,14.6,3.8,8.8,2.2,3.3,19.0,13.7,9.8,77.7,24.299999999999997,10.3,11.399999999999999,34.0,73.85,40.0,2.0,0,0,0
29101,Johnson County,MO,0.3815,0.5142,0.0484,0.4416,0.5873,4.3,3.5,10.1,0.5,21.8,4.8,7.6,5.0,3.9,24.3,12.7,15.6,76.8,26.6,9.95,13.2,32.849999999999994,72.9,36.4,5.0,0,0,0
29103,Knox County,MO,0.2679,0.6583,0.3382,0.0983,0.0509,2.7,1.2,25.3,0.1,28.9,2.1,14.8,0.8,0.0,20.4,17.0,6.0,76.9,26.049999999999997,13.35,17.85,37.05,70.85,39.65,6.0,0,0,0
29105,Laclede County,MO,0.7327,0.8101,0.861,0.2444,0.503,6.8,0.5,11.6,0.4,30.1,5.9,12.7,2.7,3.7,22.6,18.2,8.9,76.9,26.5,12.75,17.799999999999997,36.95,70.9,38.4,5.0,0,0,0
29107,Lafayette County,MO,0.1101,0.1247,0.3754,0.2587,0.1094,3.4,2.1,8.4,0.6,17.7,2.4,8.3,3.4,2.8,14.1,16.1,9.2,76.55,25.25,10.65,12.100000000000001,37.0,71.25,36.9,2.0,0,0,0
29109,Lawrence County,MO,0.7362,0.8352,0.7661,0.3723,0.5027,6.0,0.3,14.5,1.2,28.4,5.2,14.2,8.2,1.5,23.8,16.5,12.7,76.65,26.2,12.6,17.65,36.25,73.3,40.1,6.0,0,0,0
29111,Lewis County,MO,0.4486,0.6328,0.0286,0.2109,0.7932,5.7,3.9,8.2,0.0,27.7,5.9,13.6,1.4,2.5,19.3,14.2,8.0,76.45,26.35,11.8,16.1,34.4,70.15,37.400000000000006,5.0,0,0,0
29113,Lincoln County,MO,0.1976,0.2316,0.4222,0.1928,0.1925,4.0,1.9,8.7,0.3,18.6,3.4,9.3,2.7,1.8,18.2,14.4,7.7,76.44999999999999,25.1,10.5,12.3,34.3,75.5,39.65,2.0,0,0,0
29115,Linn County,MO,0.1263,0.2682,0.3007,0.0932,0.0687,5.4,0.7,8.8,0.2,25.6,2.8,9.6,2.9,0.6,15.1,14.1,5.9,77.44999999999999,25.9,12.0,14.95,36.55,74.65,35.8,6.0,0,0,0
29117,Livingston County,MO,0.3073,0.3519,0.2854,0.2164,0.4394,6.2,2.9,10.7,0.0,21.6,3.0,12.5,2.1,2.2,17.4,14.5,8.1,77.35,26.75,11.55,15.45,35.45,74.05,39.5,6.0,0,0,0
29119,McDonald County,MO,0.8899,0.9596,0.8581,0.6701,0.5854,5.6,2.0,20.7,4.9,35.2,5.9,20.7,11.6,1.2,23.4,14.1,30.3,76.7,26.9,14.65,23.2,36.55,64.6,42.85,6.0,0,0,0
29121,Macon County,MO,0.3388,0.3773,0.6287,0.182,0.2549,5.6,1.9,11.7,0.5,19.7,3.8,8.7,1.7,1.3,20.6,16.4,7.5,77.75,24.6,11.4,12.850000000000001,35.900000000000006,73.65,34.5,6.0,0,0,0
29123,Madison County,MO,0.5097,0.5612,0.7299,0.1094,0.4181,4.9,1.1,15.0,0.0,20.5,5.1,11.8,2.6,2.2,19.0,22.6,6.2,76.45,26.049999999999997,11.899999999999999,14.6,35.5,75.19999999999999,37.6,6.0,0,0,0
29125,Maries County,MO,0.4814,0.7423,0.4292,0.1276,0.2835,5.9,0.3,10.4,0.5,23.0,5.6,13.0,1.8,1.2,24.8,22.0,6.6,77.25,26.049999999999997,11.95,14.45,36.150000000000006,72.94999999999999,38.05,6.0,0,0,0
29127,Marion County,MO,0.4368,0.3182,0.4865,0.2984,0.6627,7.8,5.5,7.8,0.1,25.3,2.9,10.3,0.4,5.2,18.9,15.4,10.3,77.44999999999999,25.55,11.7,14.1,34.349999999999994,75.4,39.7,5.0,0,0,0
29129,Mercer County,MO,0.4878,0.4728,0.6962,0.1572,0.4852,5.3,0.3,12.1,1.0,28.0,2.9,9.0,3.0,4.3,20.6,16.5,7.1,77.65,26.4,13.7,17.049999999999997,37.400000000000006,72.6,41.25,6.0,0,0,0
29131,Miller County,MO,0.3793,0.5237,0.2914,0.0932,0.4276,4.0,1.0,10.8,0.2,25.4,4.6,10.9,2.1,5.2,19.3,17.3,5.9,77.35,26.5,11.899999999999999,14.6,36.45,72.65,37.4,6.0,0,0,0
29133,Mississippi County,MO,0.9106,0.9586,0.8851,0.658,0.6844,17.0,24.1,12.4,0.4,39.9,5.1,20.7,1.1,1.9,29.5,26.1,29.5,78.0,25.55,15.399999999999999,24.65,36.150000000000006,71.65,47.650000000000006,5.0,0,0,0
29135,Moniteau County,MO,0.5367,0.3882,0.4884,0.3248,0.8288,6.6,2.7,16.0,1.4,18.6,3.0,13.6,5.5,1.5,17.0,13.0,11.1,76.1,25.200000000000003,11.05,14.2,35.15,72.35,39.150000000000006,4.0,0,0,0
29137,Monroe County,MO,0.5059,0.4289,0.6064,0.2164,0.6656,7.4,3.5,12.6,0.5,26.2,1.2,10.0,1.9,2.0,20.1,15.3,8.1,78.0,26.049999999999997,13.0,15.5,36.8,73.5,37.9,6.0,0,0,0
29139,Montgomery County,MO,0.4187,0.4235,0.6367,0.1696,0.4104,3.8,1.7,9.8,0.1,25.3,3.0,12.3,2.1,1.5,19.0,19.9,7.3,76.85,25.85,12.4,15.4,36.75,73.35,37.2,6.0,0,0,0
29141,Morgan County,MO,0.8657,0.853,0.8393,0.1572,0.9481,11.1,0.3,24.1,0.7,30.1,3.5,20.3,2.5,3.4,23.7,21.3,7.1,76.2,27.15,13.7,17.85,37.0,66.2,38.2,6.0,0,0,0
29143,New Madrid County,MO,0.7891,0.812,0.9045,0.5915,0.4706,8.0,12.2,13.8,0.2,33.7,4.0,16.7,2.1,1.2,22.7,21.3,23.9,77.25,26.45,14.4,21.4,36.7,70.95,43.1,6.0,0,0,0
29145,Newton County,MO,0.5682,0.5628,0.4435,0.489,0.6354,5.0,0.9,13.4,1.5,25.4,4.2,10.7,5.9,3.3,20.1,14.4,17.7,77.3,25.55,12.25,15.45,35.9,76.35,38.849999999999994,4.0,0,0,0
29147,Nodaway County,MO,0.2151,0.3675,0.0102,0.1654,0.6538,7.0,2.2,8.6,0.3,27.1,2.3,5.8,1.7,5.7,24.5,12.9,7.2,77.15,26.299999999999997,10.5,13.350000000000001,33.8,76.8,37.8,5.0,0,0,0
29149,Oregon County,MO,0.6589,0.8941,0.7273,0.1339,0.3112,3.9,0.1,19.6,0.0,39.6,4.5,14.2,1.9,0.3,24.0,22.7,6.7,77.25,26.9,14.5,19.75,37.5,70.95,41.150000000000006,6.0,0,0,0
29151,Osage County,MO,0.0181,0.0188,0.0258,0.0057,0.2517,4.7,0.2,4.9,0.1,13.0,1.0,7.2,1.0,1.4,14.1,12.6,3.0,76.95,24.75,10.2,11.100000000000001,35.4,76.6,35.6,4.0,0,0,0
29153,Ozark County,MO,0.5632,0.9224,0.3099,0.0821,0.3045,6.4,0.6,16.5,0.0,37.8,6.2,19.1,2.1,0.3,20.4,26.3,5.7,77.85,26.95,15.4,19.85,38.5,66.4,42.4,6.0,0,0,0
29155,Pemiscot County,MO,0.9364,0.9901,0.9415,0.7105,0.5122,9.4,25.9,13.0,0.3,43.1,9.6,17.8,3.1,1.5,29.8,23.1,33.7,79.19999999999999,26.25,16.4,27.25,38.15,73.44999999999999,44.9,6.0,0,0,0
29157,Perry County,MO,0.3175,0.5164,0.2284,0.0983,0.3315,5.4,0.7,7.1,0.7,19.3,5.1,14.4,2.4,2.1,22.2,13.9,6.0,76.75,25.15,11.2,13.3,35.6,76.6,36.0,6.0,0,0,0
29159,Pettis County,MO,0.6936,0.6188,0.84,0.4636,0.6074,7.0,2.8,14.1,2.4,24.5,3.9,12.4,9.2,5.6,21.5,16.5,16.6,77.2,25.0,11.7,15.3,34.35,71.05000000000001,36.2,5.0,0,0,0
29161,Phelps County,MO,0.6402,0.6309,0.3544,0.3977,0.8361,6.6,2.0,9.3,0.3,27.8,4.2,8.2,2.9,7.4,29.1,16.5,13.8,76.1,26.2,11.3,14.1,34.15,73.7,35.400000000000006,5.0,0,0,0
29163,Pike County,MO,0.7216,0.5122,0.7321,0.3217,0.9459,7.8,5.0,9.2,0.6,25.3,4.8,13.6,2.3,2.9,17.5,16.4,11.0,77.05000000000001,24.6,12.4,16.799999999999997,35.9,74.4,38.3,6.0,0,0,0
29165,Platte County,MO,0.1632,0.104,0.3379,0.5488,0.2078,4.0,7.2,6.3,0.7,13.1,3.6,3.6,6.6,13.6,21.1,12.6,21.5,79.4,23.1,9.4,9.55,34.75,74.55,36.85,2.0,0,0,0
29167,Polk County,MO,0.6077,0.7289,0.3869,0.1861,0.7047,5.6,1.2,14.4,0.5,28.2,3.6,12.1,2.8,1.5,24.5,16.1,7.6,77.3,26.6,12.1,16.05,36.05,72.55,39.1,3.0,0,0,0
29169,Pulaski County,MO,0.6927,0.5479,0.419,0.6793,0.9049,5.1,9.7,10.8,0.9,25.0,4.7,5.5,11.6,3.9,25.9,16.8,31.1,75.35,24.3,9.75,15.2,30.950000000000003,73.0,37.099999999999994,5.0,0,0,0
29171,Putnam County,MO,0.3258,0.2409,0.63,0.0525,0.5151,6.8,0.2,12.9,0.4,17.9,4.0,6.6,2.6,0.1,16.9,15.2,5.0,78.45,25.25,11.899999999999999,13.2,36.95,74.7,35.05,6.0,0,0,0
29173,Ralls County,MO,0.1168,0.377,0.1489,0.1409,0.0363,2.9,1.8,8.1,0.0,20.9,5.3,8.5,1.4,0.7,19.6,16.6,6.8,77.75,25.8,12.25,13.9,36.75,72.69999999999999,39.900000000000006,5.0,0,0,0
29175,Randolph County,MO,0.6268,0.7267,0.4556,0.3649,0.6179,5.4,5.0,11.0,0.1,27.7,5.3,10.4,2.2,2.5,23.6,18.2,12.4,76.35,25.85,11.85,15.8,34.95,72.55,37.650000000000006,5.0,0,0,0
29177,Ray County,MO,0.0932,0.2911,0.1273,0.1572,0.0468,2.2,1.2,10.3,0.1,21.2,3.1,10.3,2.7,1.3,17.1,14.0,7.1,76.6,25.7,11.95,13.9,36.349999999999994,68.75,39.45,2.0,0,0,0
29179,Reynolds County,MO,0.6354,0.8575,0.3882,0.1985,0.5301,6.1,1.7,12.9,0.0,28.2,10.0,21.3,1.7,0.7,18.2,31.4,7.8,76.9,26.45,13.850000000000001,18.1,37.6,70.25,41.1,6.0,0,0,0
29181,Ripley County,MO,0.476,0.8231,0.4384,0.1572,0.1441,4.9,0.1,16.9,0.0,34.9,3.6,17.8,2.2,0.8,22.5,23.9,7.1,77.25,27.8,14.05,19.55,37.35,71.05,41.2,6.0,0,0,0
29183,St. Charles County,MO,0.034,0.0178,0.0764,0.4308,0.118,3.3,4.9,4.3,0.5,8.0,3.1,4.6,3.6,7.7,17.2,10.9,15.0,77.25,23.15,9.55,8.600000000000001,34.5,77.7,35.6,2.0,0,0,0
29185,St. Clair County,MO,0.6182,0.5877,0.7486,0.1696,0.6688,5.1,0.5,14.8,0.2,31.4,2.5,10.6,2.4,1.5,21.1,23.6,7.3,77.5,26.4,14.0,16.950000000000003,37.5,72.05000000000001,37.650000000000006,6.0,0,0,0
29186,Ste. Genevieve County,MO,0.1537,0.1734,0.3029,0.0881,0.2669,3.2,1.5,5.6,0.2,18.6,4.8,8.5,1.3,3.7,15.3,16.6,5.8,77.35,25.15,11.15,12.5,36.15,72.65,37.150000000000006,6.0,0,0,0
29187,St. Francois County,MO,0.7257,0.7426,0.4636,0.2733,0.889,6.8,2.9,12.0,0.3,26.9,4.8,13.1,2.0,4.2,23.0,21.2,9.6,76.4,26.2,12.15,16.95,35.45,72.75,40.3,5.0,0,0,0
29189,St. Louis County,MO,0.3401,0.2227,0.4289,0.7458,0.3767,6.4,24.1,5.9,1.0,15.6,4.3,5.8,3.1,11.0,24.4,11.8,36.9,78.4,23.15,10.55,12.25,33.85,76.9,31.4,2.0,0,0,0
29195,Saline County,MO,0.44,0.3694,0.4314,0.5616,0.4928,5.5,5.4,6.8,2.4,23.0,2.7,12.1,11.1,4.2,21.9,17.2,22.2,76.7,24.950000000000003,11.8,15.75,35.15,73.25,38.45,5.0,0,0,0
29197,Schuyler County,MO,0.2329,0.2122,0.3525,0.0379,0.468,7.2,0.4,17.2,0.0,18.3,2.3,7.6,1.3,0.8,14.5,19.8,4.6,76.7,25.0,11.0,12.4,35.599999999999994,76.15,38.9,5.0,0,0,0
29199,Scotland County,MO,0.3169,0.6395,0.2529,0.007,0.1963,4.6,0.1,31.1,0.0,21.8,1.2,16.8,0.0,0.7,23.2,14.9,3.1,76.35,25.8,11.600000000000001,15.0,35.900000000000006,70.4,37.400000000000006,6.0,0,0,0
29201,Scott County,MO,0.665,0.615,0.6923,0.4973,0.6548,7.4,11.3,11.2,0.0,27.0,2.9,13.6,2.6,2.9,23.0,18.3,18.1,78.05000000000001,25.15,12.25,17.55,36.1,69.35,38.150000000000006,5.0,0,0,0
29203,Shannon County,MO,0.4429,0.6052,0.266,0.1508,0.4833,5.5,0.3,12.2,0.0,26.0,2.7,14.1,0.4,0.0,22.4,21.1,7.0,77.25,25.9,13.2,16.65,36.6,74.19999999999999,36.9,6.0,0,0,0
29205,Shelby County,MO,0.3968,0.4295,0.4874,0.0675,0.5014,5.6,1.4,10.0,0.2,34.7,1.1,11.5,2.3,3.8,17.6,14.7,5.4,76.65,26.15,13.2,17.049999999999997,36.9,70.25,40.45,6.0,0,0,0
29207,Stoddard County,MO,0.4359,0.6952,0.5994,0.119,0.1514,4.7,1.3,12.8,0.0,29.5,4.3,18.5,1.9,0.9,18.4,21.6,6.4,75.4,26.85,12.75,17.5,35.45,70.35,37.6,6.0,0,0,0
29209,Stone County,MO,0.4337,0.734,0.203,0.1037,0.3436,3.1,0.2,9.5,0.2,26.2,8.4,9.7,2.5,4.9,22.8,19.3,6.1,78.9,25.0,12.95,13.25,38.95,69.80000000000001,41.1,6.0,0,0,0
29211,Sullivan County,MO,0.5068,0.4244,0.4919,0.5854,0.5638,5.8,3.1,8.6,4.4,27.1,2.4,14.2,18.7,1.2,18.7,11.6,23.6,77.1,24.7,13.5,17.95,36.85,69.5,40.25,6.0,0,0,0
29213,Taney County,MO,0.7941,0.7887,0.5969,0.377,0.9071,4.9,1.8,15.6,1.0,27.0,5.1,10.2,6.3,18.6,25.2,17.1,12.9,77.19999999999999,25.05,11.95,14.45,35.9,73.80000000000001,36.05,5.0,0,0,0
29215,Texas County,MO,0.8575,0.9675,0.5183,0.2854,0.8702,8.2,2.4,16.7,0.2,35.8,6.0,15.1,2.4,1.8,28.5,24.9,9.9,77.4,26.15,14.25,19.15,37.05,67.4,42.150000000000006,6.0,0,0,0
29217,Vernon County,MO,0.5733,0.6627,0.5717,0.1339,0.5934,8.4,0.5,16.5,0.3,31.2,4.0,11.6,2.5,0.8,19.6,19.8,6.7,77.2,27.35,12.9,17.15,37.150000000000006,69.0,37.95,6.0,0,0,0
29219,Warren County,MO,0.1689,0.3719,0.0881,0.2781,0.1518,2.5,2.1,7.4,0.0,17.0,4.8,11.7,3.7,1.0,20.5,15.2,9.7,76.65,25.45,11.15,13.0,35.55,73.6,38.85,2.0,0,0,0
29221,Washington County,MO,0.7957,0.8085,0.7327,0.2109,0.8571,9.4,1.7,11.9,0.1,33.5,4.4,18.3,1.7,0.1,22.1,24.2,8.0,76.5,26.9,13.5,19.0,36.25,68.0,41.599999999999994,6.0,0,0,0
29223,Wayne County,MO,0.6675,0.9233,0.2587,0.1654,0.6122,5.5,1.0,13.6,0.0,35.5,8.3,17.8,2.0,0.7,20.6,29.0,7.2,76.80000000000001,26.950000000000003,15.0,20.549999999999997,37.8,68.25,41.4,6.0,0,0,0
29225,Webster County,MO,0.5437,0.5555,0.5122,0.2062,0.6675,5.5,0.6,13.3,1.3,25.3,4.8,12.1,2.3,2.4,16.8,14.7,7.9,76.5,26.450000000000003,11.399999999999999,14.95,35.0,74.25,41.6,3.0,0,0,0
29227,Worth County,MO,0.2237,0.1731,0.7375,0.0337,0.2291,8.5,0.3,8.7,0.0,29.1,0.9,6.0,1.9,1.8,10.9,19.4,4.5,77.65,25.65,13.35,15.399999999999999,37.5,71.9,40.45,6.0,0,0,0
29229,Wright County,MO,0.749,0.915,0.9564,0.1457,0.2329,6.5,0.2,16.0,0.8,37.2,4.8,17.6,2.4,1.5,24.0,18.1,6.9,77.15,27.35,14.0,20.0,36.9,71.5,42.150000000000006,6.0,0,0,0
29510,St. Louis City,MO,0.8139,0.8161,0.3668,0.8941,0.8438,18.5,43.7,10.1,1.4,30.3,5.4,10.0,4.3,19.8,32.1,15.6,55.4,80.4,23.9,13.0,19.65,32.3,80.05,37.0,1.0,0,0,0
30001,Beaverhead County,MT,0.2043,0.307,0.041,0.3166,0.4343,0.9,1.0,6.5,0.0,25.7,2.8,5.7,5.5,2.8,24.8,16.1,10.9,71.05,24.950000000000003,9.45,12.05,31.55,74.05000000000001,28.8,6.0,0,0,1
30003,Big Horn County,MT,0.7646,0.8861,0.0977,0.9714,0.7661,6.5,0.0,18.7,0.0,42.1,15.0,10.7,6.3,1.4,19.4,10.6,73.8,69.55000000000001,25.4,14.45,29.65,28.950000000000003,65.85,35.65,6.0,0,0,1
30005,Blaine County,MT,0.9443,0.9055,0.8721,0.9036,0.8982,9.2,0.8,17.4,0.3,33.5,13.2,10.9,3.6,3.2,21.8,19.9,56.9,69.45,24.75,13.3,23.15,31.099999999999998,68.25,41.35,6.0,0,0,1
30007,Broadwater County,MT,0.0827,0.4913,0.0328,0.314,0.0076,1.9,0.3,8.1,0.0,19.7,8.2,6.7,2.2,0.5,22.6,14.7,10.8,70.25,23.9,9.1,10.7,31.2,72.45,30.5,4.0,0,0,1
30009,Carbon County,MT,0.1241,0.342,0.2615,0.2109,0.0258,2.7,0.5,7.2,0.6,18.7,4.9,4.2,2.9,1.2,25.5,16.8,8.0,71.80000000000001,24.0,10.0,10.5,32.05,73.45,32.8,4.0,0,0,1
30011,Carter County,MT,0.4069,0.5084,0.0675,0.1409,0.7681,5.7,0.0,13.6,0.0,26.7,2.4,5.7,1.1,3.3,27.1,15.7,6.8,71.30000000000001,24.65,10.4,12.35,33.25,73.7,33.05,6.0,0,0,1
30013,Cascade County,MT,0.4435,0.3357,0.3439,0.4613,0.6761,5.7,1.5,6.9,0.1,22.9,3.3,6.6,5.0,10.7,25.4,15.1,16.5,72.94999999999999,27.6,9.600000000000001,13.2,31.9,75.80000000000001,35.599999999999994,4.0,0,0,1
30015,Chouteau County,MT,0.2584,0.28,0.1222,0.5892,0.3726,5.4,0.1,5.8,0.0,25.7,5.2,7.7,3.0,3.5,16.1,12.4,23.8,71.4,24.65,10.85,15.6,32.0,73.05000000000001,35.7,6.0,0,0,1
30017,Custer County,MT,0.3589,0.196,0.2806,0.3086,0.7989,4.4,0.2,7.4,0.5,19.6,3.3,5.6,3.6,7.8,21.3,20.3,10.6,70.6,24.6,9.5,11.95,30.0,75.55000000000001,32.650000000000006,6.0,0,0,1
30019,Daniels County,MT,0.1228,0.153,0.1759,0.2692,0.1909,5.9,0.3,4.2,0.0,24.1,1.5,3.8,1.4,2.5,23.4,20.3,9.5,71.15,23.6,9.7,11.15,31.7,72.30000000000001,33.75,6.0,0,0,1
30021,Dawson County,MT,0.0764,0.0124,0.147,0.2294,0.441,5.1,0.8,4.0,0.0,12.7,3.0,4.8,2.7,4.6,15.5,16.6,8.5,68.8,23.85,9.149999999999999,10.55,29.849999999999998,73.45,32.9,6.0,0,0,1
30023,Deer Lodge County,MT,0.6417,0.6144,0.6656,0.3016,0.7073,9.3,0.5,7.2,0.0,31.5,3.8,9.5,3.7,5.3,28.2,25.5,10.4,70.0,25.1,11.2,14.7,31.25,70.65,32.3,6.0,0,0,1
30025,Fallon County,MT,0.1508,0.035,0.1028,0.1508,0.7938,7.2,0.0,6.5,0.0,18.0,0.0,3.5,0.8,3.7,15.9,13.3,7.0,68.85,24.450000000000003,9.25,11.45,30.25,76.5,31.4,6.0,0,0,1
30027,Fergus County,MT,0.3837,0.3548,0.091,0.1409,0.8772,7.4,0.5,14.1,0.1,21.5,3.1,5.4,2.1,4.4,22.1,15.0,6.8,71.35,24.1,9.9,12.350000000000001,30.75,75.5,31.2,6.0,0,0,1
30029,Flathead County,MT,0.2094,0.3108,0.0776,0.2444,0.3929,3.7,0.3,8.8,0.3,19.2,3.2,4.4,3.3,5.7,27.0,11.5,8.9,69.3,24.35,8.350000000000001,10.399999999999999,30.05,71.75,31.0,5.0,0,0,1
30031,Gallatin County,MT,0.0783,0.2129,0.0013,0.2984,0.4693,2.6,0.4,7.4,0.3,18.3,2.1,2.4,4.3,10.2,26.8,9.2,10.3,68.5,22.6,6.95,8.55,27.1,71.65,23.5,4.0,0,0,1
30033,Garfield County,MT,0.0652,0.1915,0.0496,0.0025,0.1648,0.7,1.1,15.5,0.0,21.6,0.0,2.9,0.0,0.0,18.0,10.4,2.5,70.85,25.4,10.0,12.0,31.45,73.45,30.65,6.0,0,0,1
30035,Glacier County,MT,0.9752,0.9583,0.8403,0.9634,0.9529,5.6,0.2,30.0,1.0,43.1,7.9,13.3,3.6,3.2,22.9,15.0,71.2,68.25,25.9,15.0,32.2,29.1,67.35,39.8,6.0,0,0,1
30037,Golden Valley County,MT,0.1451,0.2886,0.0916,0.4165,0.1304,2.3,1.1,13.0,0.0,23.3,1.3,8.7,8.6,0.0,17.5,19.0,14.5,72.3,24.75,12.1,15.05,33.5,73.45,32.65,6.0,0,0,1
30039,Granite County,MT,0.2246,0.4871,0.0792,0.1225,0.2421,3.1,0.0,6.3,0.0,25.8,5.7,9.6,3.1,0.0,20.6,17.5,6.5,71.7,23.4,10.350000000000001,12.15,32.15,73.94999999999999,30.5,6.0,0,0,1
30041,Hill County,MT,0.4419,0.3723,0.321,0.6923,0.5103,5.5,0.2,7.2,0.1,27.1,3.9,9.6,4.0,3.0,19.2,11.9,32.0,70.8,26.5,11.5,18.6,31.75,67.85,38.75,6.0,0,0,1
30043,Jefferson County,MT,0.1158,0.0757,0.1807,0.2364,0.35,3.1,0.3,5.7,0.2,11.3,3.4,6.3,3.0,1.2,19.3,17.1,8.7,70.75,23.5,8.95,9.7,30.35,71.85,32.45,4.0,0,0,1
30045,Judith Basin County,MT,0.049,0.1483,0.3207,0.1753,0.0099,1.9,0.0,5.2,0.1,24.9,2.4,5.8,5.5,1.2,19.9,12.1,7.4,71.80000000000001,24.6,10.95,12.85,32.75,72.55,31.6,6.0,0,0,1
30047,Lake County,MT,0.7541,0.8113,0.8587,0.7308,0.3223,4.0,0.3,15.4,0.8,27.6,6.5,7.7,4.5,1.8,26.0,15.2,35.7,72.6,25.799999999999997,10.75,15.8,29.75,73.19999999999999,33.1,6.0,0,0,1
30049,Lewis and Clark County,MT,0.1906,0.1772,0.1276,0.2984,0.4496,5.3,0.5,5.5,0.1,16.4,3.5,5.0,3.7,5.8,24.9,14.0,10.3,73.2,26.4,8.4,9.75,30.65,76.75,30.9,4.0,0,0,1
30051,Liberty County,MT,0.6592,0.4852,0.9421,0.0048,0.7751,13.9,0.0,5.7,0.3,40.4,0.2,23.4,0.6,9.9,19.2,19.8,2.9,70.8,26.049999999999997,11.5,17.4,32.3,69.3,34.25,6.0,0,0,1
30053,Lincoln County,MT,0.5628,0.8489,0.4874,0.2444,0.2459,3.8,0.1,13.3,0.5,31.3,6.9,7.6,3.5,2.2,28.1,22.2,8.9,72.6,25.95,11.7,14.649999999999999,33.3,70.55,37.7,6.0,0,0,1
30055,McCone County,MT,0.0121,0.0076,0.0725,0.2733,0.0605,0.0,0.0,5.8,0.4,8.5,2.5,3.1,0.0,0.0,9.1,13.5,9.6,70.8,23.35,9.4,9.85,32.650000000000006,75.0,32.65,6.0,0,0,1
30057,Madison County,MT,0.098,0.1454,0.0299,0.2234,0.3592,1.7,0.0,8.9,0.0,12.8,2.3,3.6,4.5,5.4,22.8,14.8,8.3,71.25,22.75,8.95,9.6,31.85,72.6,28.65,6.0,0,0,1
30059,Meagher County,MT,0.0188,0.1088,0.0379,0.1861,0.0309,0.4,0.1,6.3,0.0,20.1,1.5,2.8,2.6,0.3,20.9,15.3,7.6,72.6,23.85,10.4,11.100000000000001,32.55,74.4,32.45,6.0,0,0,1
30061,Mineral County,MT,0.2218,0.3328,0.343,0.2816,0.1521,1.9,0.7,7.5,0.0,22.1,3.6,6.9,3.3,0.4,23.5,18.5,9.8,71.1,24.75,10.8,13.2,33.4,73.55,35.9,4.0,0,0,1
30063,Missoula County,MT,0.2762,0.3481,0.0181,0.3697,0.7296,5.5,0.6,6.5,0.4,19.9,4.5,3.6,3.6,12.8,29.3,12.3,12.6,70.35,26.65,8.100000000000001,9.95,29.950000000000003,77.3,26.549999999999997,4.0,0,0,1
30065,Musselshell County,MT,0.2278,0.3427,0.273,0.2733,0.1928,3.3,0.0,5.8,0.3,22.8,4.9,8.9,3.4,0.4,20.3,18.0,9.6,70.95,24.4,10.85,13.65,31.799999999999997,70.85,35.45,6.0,0,0,1
30067,Park County,MT,0.1623,0.3287,0.021,0.1928,0.4028,4.4,0.2,9.6,0.1,20.2,3.3,3.1,3.3,5.3,25.8,11.5,7.7,70.6,23.35,9.2,10.5,30.650000000000002,74.94999999999999,30.2,6.0,0,0,1
30069,Petroleum County,MT,0.0013,0.0255,0.0045,0.0016,0.043,0.0,0.0,4.6,0.0,20.4,0.8,0.3,0.0,0.0,14.8,6.5,1.9,71.25,22.9,10.3,10.85,32.45,72.44999999999999,32.9,6.0,0,0,1
30071,Phillips County,MT,0.2081,0.188,0.3188,0.4839,0.2262,2.1,0.0,9.4,0.0,21.1,3.4,6.8,2.3,1.3,15.9,15.6,17.5,70.95,24.95,10.4,13.0,31.9,71.0,38.9,6.0,0,0,1
30073,Pondera County,MT,0.7967,0.6837,0.7582,0.5444,0.8861,5.8,0.1,7.4,1.3,29.1,6.4,12.0,2.4,3.9,21.3,18.4,21.1,69.8,25.9,12.05,18.95,31.450000000000003,69.05,37.35,6.0,0,0,1
30075,Powder River County,MT,0.1521,0.1919,0.0789,0.2214,0.3875,5.1,0.0,7.7,0.0,19.7,1.0,10.7,2.3,0.3,18.1,17.5,8.2,71.4,23.049999999999997,9.95,10.899999999999999,32.650000000000006,75.5,30.5,6.0,0,0,1
30077,Powell County,MT,0.2319,0.1807,0.0544,0.3592,0.7159,3.6,0.9,6.6,0.0,19.3,4.8,7.5,2.2,2.9,14.7,21.5,12.2,68.9,22.6,10.25,13.65,31.45,72.35,35.7,6.0,0,0,1
30079,Prairie County,MT,0.3567,0.5495,0.3793,0.2984,0.1884,5.2,0.0,5.8,0.0,42.0,2.9,13.8,0.9,0.0,22.5,18.4,10.3,72.05,24.2,13.2,16.95,33.9,67.5,33.75,6.0,0,0,1
30081,Ravalli County,MT,0.1511,0.3306,0.1607,0.2854,0.0888,4.0,0.2,9.8,0.0,16.1,4.4,7.0,3.8,2.7,22.7,18.6,9.9,70.95,23.35,8.85,10.149999999999999,31.5,74.15,31.799999999999997,6.0,0,0,1
30083,Richland County,MT,0.2644,0.2647,0.139,0.363,0.5132,7.4,0.2,7.1,0.3,15.4,4.9,4.3,5.8,7.3,23.9,13.2,12.3,68.95,23.35,8.45,10.3,29.15,74.15,37.75,6.0,0,0,1
30085,Roosevelt County,MT,0.7665,0.7515,0.1724,0.9504,0.9042,10.6,0.3,31.3,0.1,44.0,8.6,6.8,3.7,2.4,17.0,13.8,67.6,68.7,26.9,13.8,28.0,30.4,66.2,41.15,6.0,0,0,1
30087,Rosebud County,MT,0.9408,0.9205,0.8839,0.8629,0.8536,7.1,0.1,16.4,0.9,32.7,9.2,10.3,5.3,4.3,24.4,17.9,48.5,69.65,25.0,12.55,22.6,29.549999999999997,72.8,39.65,6.0,0,0,1
30089,Sanders County,MT,0.5778,0.8263,0.385,0.3217,0.3643,5.7,0.3,12.3,0.4,31.8,5.2,9.4,3.4,0.4,30.0,21.5,11.0,69.5,24.5,11.35,14.649999999999999,32.65,70.55000000000001,34.849999999999994,6.0,0,0,1
30091,Sheridan County,MT,0.1642,0.2046,0.2304,0.3016,0.2052,3.1,0.0,11.1,0.1,16.6,1.5,9.5,4.5,3.6,18.2,17.4,10.4,71.25,24.55,9.95,12.3,32.35,72.1,35.45,6.0,0,0,1
30093,Silver Bow County,MT,0.4534,0.4273,0.4403,0.2984,0.5797,6.8,0.2,7.1,0.4,25.1,4.6,6.5,4.6,9.2,23.7,19.4,10.3,70.25,25.55,9.45,13.45,29.65,73.6,32.55,5.0,0,0,1
30095,Stillwater County,MT,0.0608,0.0379,0.2689,0.2234,0.147,3.3,0.1,4.3,0.1,13.2,2.6,7.1,4.2,0.4,18.0,17.1,8.3,71.15,23.65,9.25,10.0,31.7,72.6,30.049999999999997,4.0,0,0,1
30097,Sweet Grass County,MT,0.0242,0.0678,0.1142,0.2485,0.028,3.5,1.5,9.2,0.3,14.8,2.1,4.0,2.3,0.7,16.5,14.4,9.0,70.9,23.9,9.3,10.3,31.5,76.05,29.549999999999997,6.0,0,0,1
30099,Teton County,MT,0.3662,0.3633,0.1919,0.1985,0.6825,6.4,0.9,8.5,0.1,21.7,2.1,10.2,1.8,3.6,22.9,12.7,7.8,69.69999999999999,24.5,9.65,12.05,32.35,67.25,31.1,6.0,0,0,1
30101,Toole County,MT,0.6023,0.6112,0.0703,0.4273,0.959,6.8,1.6,9.3,0.3,27.4,3.9,12.6,4.2,6.5,22.8,18.5,14.9,67.1,23.45,10.9,17.1,30.85,74.8,35.5,6.0,0,0,1
30103,Treasure County,MT,0.0719,0.0859,0.0745,0.0757,0.3143,5.1,0.0,4.9,0.0,24.0,1.1,5.9,4.3,1.8,17.7,15.3,5.6,72.15,23.35,10.4,11.4,31.9,75.6,33.650000000000006,6.0,0,0,1
30105,Valley County,MT,0.2027,0.1998,0.3283,0.4416,0.2081,4.6,0.4,7.0,0.0,20.8,4.0,6.7,2.7,3.8,18.7,16.3,15.6,71.4,24.25,10.1,12.899999999999999,32.5,68.65,32.95,6.0,0,0,1
30107,Wheatland County,MT,0.1273,0.3395,0.1569,0.119,0.0745,2.5,2.4,19.7,0.0,29.1,0.2,7.6,2.1,0.0,14.1,10.6,6.4,70.15,25.700000000000003,11.3,16.0,32.55,71.75,32.15,6.0,0,0,1
30109,Wibaux County,MT,0.273,0.1775,0.7471,0.3446,0.2281,2.6,0.9,10.1,0.7,25.8,0.0,4.9,7.2,0.0,17.0,17.6,11.7,70.9,24.75,10.1,12.5,31.9,68.4,32.8,6.0,0,0,1
30111,Yellowstone County,MT,0.2889,0.2094,0.2501,0.4416,0.546,4.6,0.5,6.2,0.3,17.7,3.5,4.7,6.2,7.9,25.0,13.2,15.6,73.8,27.75,8.85,11.65,29.7,79.45,34.0,4.0,0,0,1
31001,Adams County,NE,0.4769,0.2157,0.8018,0.4569,0.6277,5.0,0.7,5.9,2.1,20.4,2.7,7.6,11.7,5.8,22.6,14.4,16.2,76.15,20.15,10.850000000000001,12.8,31.1,73.2,41.55,5.0,0,0,0
31003,Antelope County,NE,0.0767,0.0573,0.6592,0.0881,0.0601,3.8,0.9,6.4,1.2,17.9,2.1,6.4,3.6,2.3,14.5,14.4,5.8,76.0,17.4,11.25,11.65,32.650000000000006,73.9,42.7,6.0,0,0,0
31005,Arthur County,NE,0.0751,0.0795,0.4486,0.1508,0.077,3.4,0.0,6.6,0.0,20.8,0.4,3.5,1.2,0.0,18.5,16.5,7.0,75.4,18.3,10.7,11.0,32.05,73.65,42.05,6.0,0,0,0
31007,Banner County,NE,0.0124,0.0372,0.4512,0.2214,0.0006,2.4,0.0,3.6,1.3,13.1,3.3,8.8,5.1,0.0,6.4,14.8,8.2,76.5,17.3,11.05,11.05,33.5,77.55000000000001,38.3,5.0,0,0,0
31009,Blaine County,NE,0.0799,0.2008,0.5043,0.0,0.0156,1.5,0.0,7.6,0.8,20.1,1.9,9.6,0.0,0.0,18.9,23.4,0.0,74.95,18.299999999999997,11.350000000000001,12.0,33.9,73.6,39.05,6.0,0,0,0
31011,Boone County,NE,0.0162,0.022,0.2463,0.0337,0.0321,3.6,0.1,4.5,0.2,16.9,1.0,6.1,2.8,2.3,15.4,14.0,4.5,75.05000000000001,17.6,11.05,12.05,33.6,73.05000000000001,33.25,6.0,0,0,0
31013,Box Butte County,NE,0.4963,0.3716,0.5218,0.5269,0.615,5.4,3.4,8.8,0.6,20.6,4.0,8.1,13.3,8.1,22.3,13.3,19.9,73.75,17.35,11.7,14.2,31.75,74.25,38.9,6.0,0,0,0
31015,Boyd County,NE,0.0601,0.126,0.3471,0.1753,0.0305,1.4,0.3,8.3,0.5,21.6,1.8,4.8,3.2,0.6,17.7,18.7,7.4,76.3,17.1,12.4,12.5,33.5,73.19999999999999,38.3,6.0,0,0,0
31017,Brown County,NE,0.1444,0.3013,0.3255,0.2364,0.0531,2.9,0.0,7.3,1.4,20.6,0.5,7.5,4.0,3.6,27.3,14.0,8.7,74.6,17.8,11.55,13.45,32.65,72.75,40.6,6.0,0,0,0
31019,Buffalo County,NE,0.3828,0.2924,0.4149,0.4165,0.5412,4.3,0.8,7.2,1.8,20.2,2.9,7.4,9.7,9.3,24.5,13.2,14.5,74.5,18.200000000000003,9.35,12.0,30.25,73.3,38.099999999999994,5.0,0,0,0
31021,Burt County,NE,0.1798,0.2399,0.5908,0.2399,0.0703,5.5,0.4,9.6,0.0,21.1,2.7,9.0,3.6,1.3,17.6,18.0,8.8,75.25,18.049999999999997,11.399999999999999,12.7,32.3,75.45,40.45,6.0,0,0,0
31023,Butler County,NE,0.0738,0.0557,0.5988,0.2323,0.0487,2.7,0.1,6.6,2.3,14.9,0.7,7.6,4.9,1.0,15.9,11.7,8.6,74.55000000000001,16.85,10.05,11.2,30.900000000000002,70.75,38.6,6.0,0,0,0
31025,Cass County,NE,0.0379,0.0955,0.0605,0.2164,0.0722,3.5,0.2,7.0,0.2,14.1,2.2,4.6,3.8,3.5,21.3,12.6,8.1,76.45,18.65,9.7,9.85,30.45,74.6,39.900000000000006,3.0,0,0,0
31027,Cedar County,NE,0.0067,0.0162,0.1441,0.0299,0.0165,2.8,0.1,6.0,0.1,11.1,2.0,5.3,2.3,1.3,13.3,10.4,4.4,74.1,16.65,9.850000000000001,9.95,30.85,79.55,40.35,6.0,0,0,0
31029,Chase County,NE,0.272,0.3102,0.7057,0.5778,0.056,2.5,0.4,11.6,1.2,18.8,2.6,12.1,18.7,1.2,17.7,12.9,23.2,74.3,17.0,11.2,13.3,32.75,74.4,37.099999999999994,6.0,0,0,0
31031,Cherry County,NE,0.3016,0.1947,0.1718,0.4416,0.6936,6.4,0.5,8.6,0.0,28.1,0.4,2.2,2.1,4.3,19.0,12.1,15.6,74.05,17.8,11.6,12.95,32.15,72.7,40.849999999999994,6.0,0,0,0
31033,Cheyenne County,NE,0.2857,0.329,0.1215,0.3649,0.5005,6.0,1.1,6.9,0.1,21.7,2.6,7.7,8.2,9.5,25.9,15.1,12.4,74.3,17.75,11.4,13.3,31.85,72.6,34.75,6.0,0,0,0
31035,Clay County,NE,0.0942,0.1069,0.6637,0.3503,0.0137,2.6,0.4,8.1,0.9,18.4,2.2,6.7,9.4,1.0,16.6,13.3,11.9,74.8,17.4,10.55,12.149999999999999,32.45,74.15,40.1,5.0,0,0,0
31037,Colfax County,NE,0.364,0.3363,0.4862,0.8839,0.1664,1.4,3.3,10.6,18.3,18.9,1.7,26.9,46.1,0.7,12.6,8.1,52.7,71.65,14.2,12.55,19.4,31.55,74.80000000000001,38.9,5.0,0,0,0
31039,Cuming County,NE,0.0795,0.0964,0.5081,0.3697,0.0235,2.3,0.4,7.5,2.7,17.3,2.6,7.9,10.3,2.4,13.6,9.9,12.6,75.1,17.35,10.8,12.7,33.0,77.55000000000001,40.8,6.0,0,0,0
31041,Custer County,NE,0.1425,0.1769,0.6233,0.1457,0.0684,4.5,0.6,7.7,0.5,21.9,1.6,5.3,3.7,3.3,21.0,14.9,6.9,74.95,17.3,10.75,11.3,30.75,70.7,40.1,6.0,0,0,0
31043,Dakota County,NE,0.7321,0.5065,0.6214,0.8925,0.8517,6.7,7.0,8.4,13.3,19.6,3.0,21.4,39.8,11.2,22.7,11.6,55.0,74.25,15.95,12.350000000000001,19.6,31.7,71.6,44.45,4.0,0,0,0
31045,Dawes County,NE,0.3156,0.2517,0.4992,0.4222,0.3713,3.5,2.3,8.6,1.7,21.8,1.5,4.4,5.8,6.1,24.2,13.4,14.7,73.65,18.5,10.1,11.7,29.5,72.1,36.9,6.0,0,0,0
31047,Dawson County,NE,0.7311,0.5138,0.8069,0.8171,0.7264,5.3,6.5,11.3,10.4,20.7,2.1,21.2,34.3,7.1,20.9,12.9,43.8,72.3,15.600000000000001,12.7,19.4,30.2,75.15,41.25,5.0,0,0,0
31049,Deuel County,NE,0.063,0.3385,0.1728,0.4356,0.0016,1.6,0.1,12.7,0.0,18.7,3.8,10.3,11.6,0.5,17.2,19.2,15.3,76.19999999999999,18.0,11.95,12.6,34.0,75.4,39.8,6.0,0,0,0
31051,Dixon County,NE,0.3789,0.3401,0.8683,0.4871,0.1142,2.6,0.2,8.1,6.0,22.3,2.9,15.6,15.0,2.3,17.0,12.0,17.6,74.05000000000001,16.450000000000003,11.649999999999999,14.5,32.15,76.55000000000001,43.45,6.0,0,0,0
31053,Dodge County,NE,0.5135,0.3392,0.9122,0.5231,0.3541,4.8,0.6,6.5,3.3,18.1,4.1,11.3,15.0,6.1,21.9,14.9,19.6,74.25,16.950000000000003,10.95,14.149999999999999,31.35,74.65,40.0,5.0,0,0,0
31055,Douglas County,NE,0.594,0.4461,0.6236,0.6962,0.657,6.5,10.6,9.1,3.2,18.6,3.8,8.6,13.4,19.8,26.8,10.5,32.3,75.2,18.9,9.55,13.2,30.75,73.7,36.9,3.0,0,0,0
31057,Dundy County,NE,0.0156,0.0398,0.1451,0.0032,0.0315,2.9,0.2,5.8,0.0,19.3,0.2,5.8,1.5,1.2,14.6,15.1,2.7,76.35,17.75,12.05,12.7,34.1,74.25,37.2,6.0,0,0,0
31059,Fillmore County,NE,0.0083,0.0067,0.0385,0.1409,0.0776,2.5,0.3,4.9,0.0,13.4,1.0,5.6,3.8,3.9,13.1,15.0,6.8,76.15,17.35,10.75,10.8,33.2,75.35,42.05,6.0,0,0,0
31061,Franklin County,NE,0.1129,0.1438,0.3589,0.0932,0.1403,3.5,0.2,6.9,0.5,23.2,2.5,6.9,2.8,0.3,16.7,17.9,5.9,75.7,18.85,12.149999999999999,13.399999999999999,33.8,73.25,39.45,6.0,0,0,0
31063,Frontier County,NE,0.3153,0.265,0.3898,0.1928,0.5406,2.9,1.1,10.4,0.2,19.9,4.4,6.2,3.4,2.0,18.4,19.7,7.7,75.19999999999999,17.4,10.45,11.0,31.5,75.65,38.05,6.0,0,0,0
31065,Furnas County,NE,0.1931,0.2281,0.532,0.1861,0.1432,4.5,0.3,8.2,0.4,20.5,1.0,10.2,4.9,4.1,19.2,18.9,7.6,75.6,17.950000000000003,11.7,13.35,32.95,74.19999999999999,44.65,6.0,0,0,0
31067,Gage County,NE,0.2307,0.1969,0.4989,0.1409,0.3271,7.7,0.7,6.4,0.0,20.5,2.0,7.5,3.1,2.9,22.0,15.8,6.8,76.30000000000001,18.3,11.149999999999999,12.4,34.3,68.1,41.8,5.0,0,0,0
31069,Garden County,NE,0.42,0.5482,0.9453,0.1276,0.0528,2.4,0.0,18.3,0.2,28.6,3.5,6.2,4.2,2.4,22.6,20.1,6.6,75.94999999999999,18.1,13.0,14.1,34.1,69.05,40.400000000000006,6.0,0,0,0
31071,Garfield County,NE,0.0557,0.042,0.1012,0.0299,0.3274,5.9,0.5,5.4,0.0,16.0,1.1,4.3,3.2,1.2,19.4,13.7,4.4,75.8,17.25,10.45,9.8,32.9,78.15,39.25,6.0,0,0,0
31073,Gosper County,NE,0.0293,0.1435,0.0296,0.1276,0.0535,0.7,0.3,11.5,0.2,16.3,1.5,6.1,4.3,0.4,18.5,12.1,6.6,75.65,17.25,10.7,10.8,32.65,73.85,38.349999999999994,5.0,0,0,0
31075,Grant County,NE,0.168,0.2921,0.0811,0.014,0.3748,3.6,0.2,12.8,0.5,17.9,1.4,8.3,0.3,0.0,21.4,10.8,3.7,75.25,17.85,10.45,10.0,32.3,73.35,36.55,6.0,0,0,0
31077,Greeley County,NE,0.062,0.0636,0.6306,0.0455,0.0372,1.8,0.6,3.9,0.1,18.3,1.8,7.2,2.1,0.7,19.0,16.0,4.8,74.1,17.35,10.95,11.85,32.4,76.75,35.0,6.0,0,0,0
31079,Hall County,NE,0.7343,0.6487,0.882,0.7378,0.496,5.3,3.0,11.9,7.8,23.7,2.9,15.1,30.0,10.2,24.8,12.9,36.2,73.25,16.6,11.35,17.85,31.55,70.05,41.3,4.0,0,0,0
31081,Hamilton County,NE,0.0229,0.0433,0.3471,0.1276,0.0105,1.9,0.1,5.9,0.3,12.6,3.6,2.8,3.9,1.3,17.1,10.9,6.6,75.75,17.45,9.4,9.85,32.35,73.9,40.75,6.0,0,0,0
31083,Harlan County,NE,0.3312,0.1263,0.9275,0.1508,0.4066,1.9,0.1,7.1,1.5,13.5,2.0,7.3,3.4,0.8,21.0,17.6,7.0,75.55000000000001,17.6,11.0,11.15,33.75,75.95,35.45,6.0,0,0,0
31085,Hayes County,NE,0.0547,0.0617,0.616,0.1985,0.0172,3.2,0.0,5.2,2.8,22.2,0.2,7.0,6.7,0.0,11.0,14.5,7.8,75.6,17.65,12.0,12.649999999999999,33.45,74.55,41.4,6.0,0,0,0
31087,Hitchcock County,NE,0.2574,0.1346,0.8791,0.1753,0.2192,4.0,0.1,8.6,0.4,22.2,1.9,6.5,3.9,0.3,15.3,20.7,7.4,75.30000000000001,18.1,11.55,12.65,33.400000000000006,73.1,41.85,6.0,0,0,0
31089,Holt County,NE,0.1098,0.0929,0.6227,0.2062,0.0729,3.0,0.4,6.0,1.1,21.4,1.3,6.1,5.3,2.4,18.3,12.5,7.9,75.0,16.8,11.25,12.2,32.05,76.65,38.55,6.0,0,0,0
31091,Hooker County,NE,0.1021,0.1196,0.0172,0.314,0.4782,5.8,1.5,8.2,0.0,19.3,3.2,6.9,0.0,0.0,4.1,12.8,10.8,75.55,18.049999999999997,11.350000000000001,11.8,33.6,75.2,40.0,6.0,0,0,0
31093,Howard County,NE,0.2202,0.1597,0.7849,0.2109,0.154,6.1,0.4,7.2,0.8,15.4,4.0,4.1,2.9,2.4,21.2,14.0,8.0,75.55,17.450000000000003,10.1,10.45,31.85,75.65,38.650000000000006,4.0,0,0,0
31095,Jefferson County,NE,0.2736,0.2934,0.7191,0.2164,0.1502,6.0,0.8,9.1,0.8,20.0,1.1,7.9,5.1,4.6,23.5,20.0,8.1,75.19999999999999,18.6,11.600000000000001,12.0,32.35,73.30000000000001,37.5,6.0,0,0,0
31097,Johnson County,NE,0.2927,0.0958,0.7798,0.5326,0.3509,5.5,5.5,5.7,1.7,13.4,1.4,10.5,10.3,2.6,18.4,18.5,20.2,71.95,15.9,10.85,14.25,31.6,69.65,38.1,6.0,0,0,0
31099,Kearney County,NE,0.1028,0.0283,0.5444,0.2733,0.1836,3.3,0.1,4.8,1.2,17.9,1.6,6.3,7.8,1.9,13.8,8.9,9.6,74.94999999999999,17.35,9.65,9.55,30.6,73.19999999999999,38.349999999999994,5.0,0,0,0
31101,Keith County,NE,0.2603,0.2269,0.5412,0.3217,0.2606,5.3,1.4,6.6,1.3,18.5,2.6,9.2,7.7,2.0,21.8,14.8,11.0,73.95,16.5,11.25,11.95,32.4,69.4,35.55,6.0,0,0,0
31103,Keya Paha County,NE,0.0226,0.1276,0.2797,0.021,0.0041,0.6,0.1,6.5,0.0,30.7,0.2,1.9,1.8,0.0,15.8,11.3,4.1,75.6,17.25,11.95,11.95,33.95,72.69999999999999,37.3,6.0,0,0,0
31105,Kimball County,NE,0.4308,0.6971,0.5571,0.4569,0.0725,3.2,0.2,16.1,1.1,25.4,2.2,14.7,10.5,0.8,24.9,19.1,16.2,74.94999999999999,18.25,13.05,16.1,34.3,70.4,42.3,6.0,0,0,0
31107,Knox County,NE,0.2717,0.1864,0.7747,0.4445,0.1683,3.6,0.7,6.4,0.4,22.9,4.1,8.1,3.4,1.5,12.3,16.5,15.7,75.65,17.75,12.2,14.4,33.6,72.95,40.099999999999994,6.0,0,0,0
31109,Lancaster County,NE,0.4031,0.2755,0.2905,0.5371,0.6647,5.1,3.6,6.6,2.1,19.6,3.2,6.7,7.7,20.0,25.6,11.3,20.4,75.55000000000001,20.5,9.5,11.35,29.85,77.65,35.05,3.0,0,0,0
31111,Lincoln County,NE,0.4617,0.3748,0.7782,0.3939,0.3675,4.3,1.1,7.8,1.0,22.8,3.4,6.5,9.7,7.7,26.1,15.3,13.6,74.35,19.5,11.55,14.0,32.1,72.2,40.1,5.0,0,0,0
31113,Logan County,NE,0.0471,0.057,0.2192,0.3649,0.0541,0.0,0.0,8.8,1.0,10.9,0.4,2.5,1.7,0.0,18.6,11.2,12.4,75.95,17.2,10.2,9.4,32.0,76.69999999999999,36.05,5.0,0,0,0
31115,Loup County,NE,0.202,0.2237,0.6567,0.4556,0.0576,1.8,0.0,7.8,0.0,19.9,0.0,1.1,11.8,0.0,26.8,16.1,16.1,76.55000000000001,16.95,11.2,9.95,33.1,71.65,36.55,6.0,0,0,0
31117,McPherson County,NE,0.0016,0.0239,0.0118,0.0006,0.0223,1.0,0.0,3.5,0.0,20.6,0.0,6.2,0.7,0.0,8.3,8.1,1.5,76.95,17.9,11.25,10.7,33.5,72.1,38.9,6.0,0,0,0
31119,Madison County,NE,0.4633,0.2284,0.6605,0.5501,0.6529,4.7,0.8,8.8,3.0,19.5,2.6,7.0,16.1,12.7,21.2,11.0,21.6,74.0,16.5,11.0,13.95,33.05,72.4,40.2,5.0,0,0,0
31121,Merrick County,NE,0.1947,0.2405,0.5953,0.2399,0.0955,2.7,0.0,8.8,0.5,18.0,0.5,7.1,5.4,1.3,24.0,17.8,8.8,74.4,18.450000000000003,10.45,12.1,31.3,75.94999999999999,39.25,4.0,0,0,0
31123,Morrill County,NE,0.3143,0.434,0.5635,0.5161,0.0904,3.9,0.1,6.1,1.2,17.9,5.5,10.6,15.8,1.0,23.0,14.3,19.2,74.4,17.75,11.850000000000001,15.75,32.25,72.8,41.75,6.0,0,0,0
31125,Nance County,NE,0.05,0.1976,0.2183,0.1094,0.0121,1.5,0.6,5.8,0.1,22.5,4.4,7.8,3.5,0.6,16.3,16.6,6.2,74.65,18.45,11.25,13.55,32.55,73.45,40.85,6.0,0,0,0
31127,Nemaha County,NE,0.4712,0.5953,0.2342,0.2781,0.5536,6.0,1.5,8.9,0.3,24.8,6.4,9.8,3.0,4.4,20.7,16.7,9.7,74.15,18.85,10.8,13.149999999999999,30.7,69.25,41.25,6.0,0,0,0
31129,Nuckolls County,NE,0.014,0.083,0.0414,0.1572,0.0264,2.4,0.2,10.2,0.0,14.2,1.3,7.2,1.5,2.3,10.3,13.4,7.1,76.1,17.85,10.85,11.100000000000001,33.05,72.8,42.099999999999994,6.0,0,0,0
31131,Otoe County,NE,0.2698,0.0993,0.902,0.3847,0.2173,3.8,0.7,5.4,2.2,16.9,3.2,7.1,8.5,3.9,19.0,14.6,13.3,75.94999999999999,18.25,10.65,11.55,33.25,76.75,40.7,6.0,0,0,0
31133,Pawnee County,NE,0.49,0.4442,0.9249,0.0983,0.3153,7.3,0.2,12.3,0.5,24.4,2.4,14.1,2.1,0.8,17.6,17.3,6.0,75.0,18.1,12.15,14.1,32.95,74.35,37.95,6.0,0,0,0
31135,Perkins County,NE,0.14,0.1801,0.546,0.1985,0.0764,3.8,0.1,5.3,1.0,16.2,1.2,9.4,4.8,4.2,23.7,12.2,7.8,75.15,17.65,10.45,11.350000000000001,31.650000000000002,73.7,40.650000000000006,6.0,0,0,0
31137,Phelps County,NE,0.3242,0.174,0.5094,0.2485,0.6309,5.8,0.6,5.3,1.4,20.0,0.8,7.7,6.2,5.0,23.0,13.5,9.0,74.1,18.5,10.45,12.25,30.8,69.1,38.85,6.0,0,0,0
31139,Pierce County,NE,0.0439,0.0684,0.5215,0.0407,0.0169,3.4,0.3,6.8,1.2,14.1,2.4,5.5,2.3,1.2,19.0,11.8,4.7,74.7,17.700000000000003,9.75,10.45,32.45,75.4,39.05,5.0,0,0,0
31141,Platte County,NE,0.371,0.2103,0.7493,0.6013,0.3105,5.8,0.7,9.1,5.2,16.6,1.9,10.3,21.3,7.3,19.2,11.7,24.6,75.3,16.1,10.95,13.45,32.35,77.95,41.95,5.0,0,0,0
31143,Polk County,NE,0.0477,0.0706,0.2813,0.2628,0.0404,2.4,0.2,8.2,1.0,13.6,1.9,7.9,6.2,1.8,11.4,11.9,9.3,72.94999999999999,17.25,10.45,10.95,31.5,72.65,40.5,6.0,0,0,0
31145,Red Willow County,NE,0.3522,0.3353,0.3576,0.2781,0.5062,8.2,1.1,10.4,0.1,20.2,2.3,7.7,5.9,6.6,23.3,16.3,9.7,74.7,20.0,10.85,12.9,32.85,74.80000000000001,42.3,6.0,0,0,0
31147,Richardson County,NE,0.2883,0.4133,0.5784,0.2399,0.1244,6.6,0.4,9.7,0.3,22.3,4.7,8.7,2.2,1.9,19.7,16.7,8.8,74.15,18.6,12.1,12.65,32.45,70.35,45.45,6.0,0,0,0
31149,Rock County,NE,0.0423,0.041,0.3812,0.0019,0.07,3.6,0.6,7.5,0.7,17.2,1.2,4.9,0.8,0.5,11.4,11.8,2.1,75.9,17.6,10.65,10.75,32.9,73.85,38.95,6.0,0,0,0
31151,Saline County,NE,0.4989,0.3878,0.7082,0.7003,0.3624,2.0,0.7,11.4,7.3,20.7,2.1,19.5,27.1,4.0,15.9,12.3,32.7,72.80000000000001,17.1,11.15,16.05,31.950000000000003,70.30000000000001,40.8,6.0,0,0,0
31153,Sarpy County,NE,0.0776,0.0417,0.3551,0.5488,0.0748,3.0,4.0,5.0,1.0,10.4,2.6,4.3,10.5,13.5,20.4,9.9,21.5,76.35,17.5,9.15,9.45,30.7,78.25,35.75,3.0,0,0,0
31155,Saunders County,NE,0.0108,0.0143,0.1527,0.0983,0.0337,3.5,0.3,4.4,0.4,11.7,2.4,4.7,2.4,2.3,17.2,12.4,6.0,74.5,16.95,9.45,9.55,31.6,73.6,39.099999999999994,3.0,0,0,0
31157,Scotts Bluff County,NE,0.7356,0.5367,0.9507,0.6599,0.5733,6.0,0.6,10.0,1.5,21.0,3.5,10.9,24.9,6.4,26.2,15.5,29.6,75.65,18.0,11.75,15.85,31.35,72.0,39.35,5.0,0,0,0
31159,Seward County,NE,0.0563,0.0321,0.071,0.0757,0.4095,4.6,0.7,5.3,0.1,12.9,2.2,5.8,2.7,5.2,18.1,11.7,5.6,73.2,18.75,8.9,9.65,30.599999999999998,70.35,35.05,3.0,0,0,0
31161,Sheridan County,NE,0.3462,0.2825,0.4318,0.5352,0.3891,4.5,0.9,12.1,0.1,20.0,2.2,10.3,6.1,2.0,17.4,18.1,20.3,73.80000000000001,17.35,11.95,14.3,31.25,68.4,36.35,6.0,0,0,0
31163,Sherman County,NE,0.2641,0.273,0.5714,0.0983,0.2774,5.0,0.5,8.8,0.4,19.9,4.2,9.1,2.5,2.3,17.3,15.9,6.0,75.2,17.7,11.7,12.899999999999999,33.85,76.15,41.65,6.0,0,0,0
31165,Sioux County,NE,0.3204,0.3439,0.5676,0.1572,0.315,5.3,0.3,10.6,2.2,33.0,3.9,4.0,4.7,2.5,17.3,13.9,7.1,75.35,18.35,13.6,15.8,34.5,69.35,43.05,6.0,0,0,0
31167,Stanton County,NE,0.0054,0.0057,0.0907,0.2879,0.013,2.0,0.5,4.3,0.2,12.9,0.7,6.0,6.5,1.5,14.8,11.4,10.0,74.19999999999999,17.049999999999997,10.2,10.8,32.4,73.95,39.8,5.0,0,0,0
31169,Thayer County,NE,0.1301,0.1368,0.3554,0.1094,0.1966,4.1,0.2,7.3,0.1,22.6,3.2,6.5,3.0,2.4,13.5,12.4,6.2,75.19999999999999,18.25,11.45,12.65,33.0,71.35,40.1,6.0,0,0,0
31171,Thomas County,NE,0.0019,0.0213,0.0207,0.3675,0.0038,2.6,1.4,4.4,0.0,12.2,0.8,8.5,3.5,1.1,12.7,13.3,12.5,75.5,17.4,9.8,9.8,32.05,75.05,36.900000000000006,6.0,0,0,0
31173,Thurston County,NE,0.798,0.7786,0.6188,0.9443,0.6831,8.6,0.2,17.6,0.7,31.4,10.0,10.2,7.9,4.3,17.0,12.2,65.8,74.69999999999999,18.2,13.25,23.65,29.4,71.0,45.849999999999994,6.0,0,0,0
31175,Valley County,NE,0.1464,0.0824,0.5842,0.0115,0.2851,4.2,0.0,9.6,0.2,17.7,0.6,6.3,2.1,5.1,10.6,16.7,3.6,74.95,17.450000000000003,11.2,12.3,32.35,74.95,42.0,6.0,0,0,0
31177,Washington County,NE,0.0143,0.0302,0.1187,0.0983,0.0379,2.7,0.4,5.0,0.1,12.3,2.0,4.9,2.9,4.8,19.2,11.9,6.0,75.9,18.2,9.6,9.2,32.7,74.8,41.0,3.0,0,0,0
31179,Wayne County,NE,0.1626,0.2596,0.0601,0.3166,0.3013,4.9,1.5,4.4,1.2,23.2,3.4,4.3,6.8,4.0,28.0,15.5,10.9,74.19999999999999,18.15,9.85,12.25,29.2,70.3,39.15,6.0,0,0,0
31181,Webster County,NE,0.0375,0.0461,0.1814,0.2914,0.0493,2.8,0.1,5.8,0.1,19.5,1.8,6.1,5.3,0.6,12.3,12.3,10.1,74.15,18.25,11.350000000000001,12.3,33.45,73.4,39.1,5.0,0,0,0
31183,Wheeler County,NE,0.0385,0.105,0.1209,0.0013,0.0617,1.7,0.0,11.0,0.0,20.0,1.4,2.1,0.5,0.0,14.2,17.4,1.7,76.44999999999999,16.85,11.05,9.75,33.650000000000006,73.1,38.349999999999994,6.0,0,0,0
31185,York County,NE,0.1359,0.0407,0.1479,0.2959,0.5682,2.8,1.1,5.3,0.1,16.4,2.8,6.2,5.3,9.3,15.5,14.1,10.2,72.9,17.75,10.25,12.350000000000001,31.65,75.55,41.349999999999994,6.0,0,0,0
32001,Churchill County,NV,0.6271,0.5161,0.7703,0.6516,0.5317,3.5,1.9,9.1,1.2,18.9,6.3,7.8,15.2,2.1,23.4,19.8,28.9,70.55000000000001,22.4,10.75,15.8,36.8,74.65,37.849999999999994,5.0,0,0,1
32003,Clark County,NV,0.8635,0.8969,0.6647,0.9217,0.7127,7.7,11.5,12.0,6.1,22.7,7.7,13.5,32.0,16.4,33.3,12.5,60.3,73.0,20.450000000000003,11.75,19.35,35.95,68.4,31.299999999999997,1.0,0,0,1
32005,Douglas County,NV,0.2059,0.2046,0.4448,0.5558,0.1231,2.5,0.7,7.2,1.2,13.7,3.1,6.6,13.2,3.5,24.6,16.2,21.9,74.75,20.049999999999997,10.149999999999999,10.95,37.2,73.5,27.200000000000003,5.0,0,0,1
32007,Elko County,NV,0.6185,0.4057,0.5721,0.741,0.7817,5.7,0.9,8.9,1.3,19.2,4.7,11.1,25.0,3.9,19.9,12.7,36.4,70.75,21.55,10.7,17.45,34.2,67.85,37.8,5.0,0,0,1
32009,Esmeralda County,NV,0.9077,0.8638,0.7028,0.7436,0.9567,27.2,0.2,10.5,5.5,32.1,4.7,21.9,30.3,17.9,24.5,23.1,36.6,73.69999999999999,21.299999999999997,14.899999999999999,22.05,39.25,70.0,36.35,6.0,0,0,1
32011,Eureka County,NV,0.4254,0.147,0.8339,0.4814,0.5692,6.0,0.1,10.0,0.0,25.6,0.0,4.8,12.4,0.6,13.0,18.9,17.4,72.25,24.25,14.200000000000001,22.1,38.05,68.94999999999999,38.25,5.0,0,0,1
32013,Humboldt County,NV,0.616,0.5056,0.6793,0.735,0.5495,4.0,0.7,9.7,3.6,21.2,4.3,14.6,27.9,1.7,20.1,14.6,35.9,71.35,21.9,10.8,17.3,35.7,73.5,36.1,5.0,0,0,1
32015,Lander County,NV,0.5762,0.413,0.9135,0.678,0.363,2.4,0.1,6.2,3.0,21.5,11.7,9.8,21.5,1.1,16.2,14.2,31.0,70.6,23.15,12.05,19.299999999999997,35.25,70.6,35.0,6.0,0,0,1
32017,Lincoln County,NV,0.5749,0.3175,0.5472,0.4569,0.9255,5.9,4.2,10.5,0.0,11.7,4.1,11.8,7.3,2.2,19.3,21.3,16.2,72.6,22.1,10.3,12.75,36.5,73.2,31.65,6.0,0,0,1
32019,Lyon County,NV,0.5593,0.7229,0.6602,0.6424,0.1737,2.7,0.8,9.6,1.6,17.9,7.2,12.6,18.9,1.1,26.4,16.6,28.0,71.75,21.9,11.05,15.95,36.05,67.9,35.1,3.0,0,0,1
32021,Mineral County,NV,0.5501,0.7935,0.5829,0.8139,0.0738,1.4,4.2,11.0,0.0,33.8,5.8,9.7,18.9,0.0,24.0,15.7,43.4,73.35,23.35,15.200000000000001,25.049999999999997,38.5,69.85,38.3,6.0,0,0,1
32023,Nye County,NV,0.7954,0.8339,0.8606,0.6503,0.469,4.5,2.3,8.9,2.2,24.9,9.3,13.3,16.2,1.4,26.1,23.9,28.7,71.69999999999999,22.05,13.3,18.9,39.5,72.0,39.900000000000006,5.0,0,0,1
32027,Pershing County,NV,0.6761,0.539,0.3341,0.7423,0.901,5.4,3.9,10.4,2.4,17.1,8.5,15.9,24.6,3.7,13.9,17.6,36.5,69.6,19.85,11.2,16.85,36.2,72.1,35.5,6.0,0,0,1
32029,Storey County,NV,0.1836,0.3732,0.476,0.4779,0.0108,2.1,2.0,6.9,0.5,11.2,7.0,7.6,5.4,0.0,23.2,22.9,17.3,74.8,21.0,10.3,10.75,38.25,73.2,31.700000000000003,3.0,0,0,1
32031,Washoe County,NV,0.6971,0.6322,0.3983,0.776,0.7849,6.5,2.3,10.0,3.1,18.1,5.0,11.5,25.5,16.1,28.4,12.0,39.5,73.65,21.35,9.4,14.85,34.8,68.6,28.5,3.0,0,0,1
32033,White Pine County,NV,0.2498,0.1279,0.2835,0.6538,0.4524,1.9,7.0,4.1,0.3,16.7,4.1,10.7,17.2,0.4,15.0,14.3,29.1,71.25,22.0,11.399999999999999,17.45,36.05,72.5,34.4,6.0,0,0,1
32510,Carson City,NV,0.8508,0.6771,0.6965,0.7308,0.9755,6.3,2.1,11.4,2.5,20.1,4.7,11.4,25.0,13.7,28.2,15.3,35.7,71.30000000000001,21.799999999999997,11.0,15.85,35.4,74.80000000000001,33.1,4.0,0,0,1
33001,Belknap County,NH,0.1454,0.2033,0.2342,0.1094,0.2221,4.0,0.5,7.0,0.2,13.3,2.7,6.6,2.0,4.1,25.8,16.7,6.2,75.65,24.0,9.1,9.75,32.6,73.80000000000001,30.3,5.0,1,0,0
33003,Carroll County,NH,0.1406,0.3761,0.1266,0.0579,0.1123,3.0,0.6,7.5,0.1,13.8,5.6,5.0,1.7,3.5,28.2,16.3,5.2,76.65,22.8,8.85,9.0,34.05,77.0,30.6,6.0,1,0,0
33005,Cheshire County,NH,0.1702,0.2291,0.0248,0.1457,0.5988,4.7,0.6,5.9,0.1,15.8,3.5,6.2,2.2,7.6,27.1,14.2,6.9,72.95,24.3,8.5,10.25,30.25,76.85,30.049999999999997,5.0,1,0,0
33007,Coos County,NH,0.4862,0.5377,0.3038,0.0881,0.72,8.1,1.8,7.9,0.4,21.9,4.2,11.1,1.9,3.3,25.7,21.3,5.8,76.30000000000001,23.55,11.2,13.75,34.35,72.55,36.25,6.0,1,0,0
33009,Grafton County,NH,0.2619,0.2148,0.084,0.328,0.6997,6.6,1.0,6.1,0.4,16.2,2.8,6.8,2.6,8.2,26.3,13.7,11.2,73.19999999999999,24.299999999999997,8.4,9.8,31.6,76.94999999999999,26.15,5.0,1,0,0
33011,Hillsborough County,NH,0.2234,0.224,0.097,0.4973,0.4391,5.1,2.2,6.1,2.4,11.8,3.7,7.0,7.7,15.7,26.1,11.7,18.1,76.65,21.8,8.55,10.15,32.05,79.44999999999999,32.95,3.0,1,0,0
33013,Merrimack County,NH,0.2109,0.1635,0.0815,0.2444,0.6701,5.1,1.5,5.5,0.7,12.5,3.6,6.5,2.5,9.4,24.0,14.3,8.9,78.1,24.1,8.25,9.600000000000001,30.55,80.75,33.2,5.0,1,0,0
33015,Rockingham County,NH,0.02,0.0595,0.0175,0.2692,0.1161,3.0,0.8,4.5,0.3,8.1,3.4,4.2,3.5,10.4,21.0,10.9,9.5,77.30000000000001,22.35,8.1,8.5,33.7,78.44999999999999,30.95,2.0,1,0,0
33017,Strafford County,NH,0.1833,0.2074,0.0086,0.335,0.7321,5.1,1.1,5.7,0.3,14.3,3.7,5.6,2.9,12.3,27.1,13.2,11.4,76.3,26.450000000000003,8.2,10.25,33.0,79.5,32.849999999999994,2.0,1,0,0
33019,Sullivan County,NH,0.2186,0.3847,0.0659,0.1457,0.3882,5.3,0.7,7.1,0.1,19.6,2.9,9.1,1.9,5.1,28.9,14.6,6.9,74.44999999999999,24.950000000000003,9.8,11.75,34.0,79.85,33.35,5.0,1,0,0
34001,Atlantic County,NJ,0.853,0.7712,0.679,0.8317,0.9026,12.0,12.9,7.7,5.5,21.1,8.3,11.6,19.7,15.9,33.8,14.2,45.0,78.7,16.700000000000003,11.5,16.799999999999997,38.45,74.55,30.799999999999997,3.0,1,0,0
34003,Bergen County,NJ,0.4372,0.3191,0.1553,0.8501,0.651,8.0,5.3,6.6,6.7,10.5,5.5,7.0,21.6,18.5,24.9,8.3,46.6,77.8,14.3,8.85,11.0,38.599999999999994,73.9,25.5,2.0,1,0,0
34005,Burlington County,NJ,0.2434,0.1829,0.2004,0.7261,0.3299,4.8,15.9,4.1,1.9,11.1,5.1,5.9,8.9,9.4,23.7,11.6,35.2,78.69999999999999,16.0,9.6,11.7,37.35,80.75,30.1,2.0,1,0,0
34007,Camden County,NJ,0.7795,0.665,0.784,0.8396,0.7025,10.5,18.1,6.7,4.5,19.1,7.2,10.7,18.2,16.1,31.5,14.5,45.7,76.8,17.8,10.65,16.7,35.7,76.5,29.700000000000003,2.0,1,0,0
34009,Cape May County,NJ,0.3541,0.3885,0.3729,0.4445,0.3201,6.2,3.5,5.6,1.1,15.3,6.5,6.1,8.3,6.0,28.0,15.0,15.7,78.2,18.55,9.85,10.899999999999999,40.8,73.85,33.7,3.0,1,0,0
34011,Cumberland County,NJ,0.9793,0.9418,0.8934,0.8976,0.9726,9.7,17.7,9.6,7.3,26.8,7.8,18.8,32.4,8.8,36.1,14.8,55.9,76.05,16.25,12.8,24.299999999999997,36.85,72.94999999999999,40.4,4.0,1,0,0
34013,Essex County,NJ,0.9415,0.8982,0.7566,0.9644,0.9478,21.4,36.7,11.5,8.1,22.9,8.5,13.1,24.0,24.7,36.1,11.7,71.5,76.75,15.55,11.5,21.35,36.75,78.9,29.5,1.0,1,0,0
34015,Gloucester County,NJ,0.2173,0.2141,0.2469,0.5867,0.2259,5.0,10.0,4.3,1.3,11.8,5.2,6.4,7.1,7.7,24.5,12.7,23.7,76.5,18.85,9.600000000000001,11.95,36.95,73.5,31.5,2.0,1,0,0
34017,Hudson County,NJ,0.7827,0.8241,0.1785,0.9669,0.8365,32.5,10.4,11.6,11.4,22.4,5.8,12.8,42.5,40.8,32.1,8.6,72.3,75.9,14.1,10.65,18.299999999999997,35.95,70.5,27.85,1.0,1,0,0
34019,Hunterdon County,NJ,0.035,0.0388,0.0592,0.4725,0.0846,2.7,2.4,2.8,1.4,6.8,4.6,4.2,7.3,5.0,17.8,8.8,17.0,77.25,17.1,8.1,8.05,36.0,78.0,26.15,2.0,1,0,0
34021,Mercer County,NJ,0.7445,0.5597,0.4053,0.8864,0.9383,11.6,19.1,7.0,6.7,16.8,6.1,10.3,19.2,18.7,27.5,10.3,53.3,77.85,14.95,10.45,15.5,35.25,73.0,25.45,3.0,1,0,0
34023,Middlesex County,NJ,0.6647,0.496,0.2361,0.9201,0.9198,8.1,9.5,6.7,6.9,13.3,6.3,10.3,22.3,17.7,26.1,9.6,60.0,78.1,12.85,10.95,13.95,36.849999999999994,75.8,29.799999999999997,2.0,1,0,0
34025,Monmouth County,NJ,0.2138,0.202,0.1254,0.6223,0.3338,6.9,6.2,5.0,2.3,10.5,5.4,5.7,11.3,13.0,23.2,10.4,26.3,77.85,14.7,8.8,9.5,36.650000000000006,77.9,30.35,2.0,1,0,0
34027,Morris County,NJ,0.1667,0.1142,0.097,0.6847,0.3614,5.1,3.0,4.6,3.7,8.1,5.3,4.9,14.1,15.4,20.0,8.9,31.4,77.35,15.25,8.2,8.65,37.3,73.65,22.700000000000003,2.0,1,0,0
34029,Ocean County,NJ,0.4133,0.3668,0.609,0.4699,0.3385,5.9,2.8,4.5,1.4,17.2,5.7,6.9,9.7,5.8,28.6,12.7,16.9,75.95,16.700000000000003,10.100000000000001,12.5,39.099999999999994,75.05000000000001,30.05,2.0,1,0,0
34031,Passaic County,NJ,0.9112,0.917,0.6866,0.922,0.8737,14.7,10.1,12.5,14.2,22.4,7.8,14.8,43.2,14.9,34.4,9.0,60.6,74.05000000000001,15.600000000000001,11.95,22.75,35.349999999999994,74.9,31.05,2.0,1,0,0
34033,Salem County,NJ,0.6739,0.6134,0.7073,0.6402,0.5842,9.5,13.6,4.8,1.1,20.7,8.0,9.8,10.3,8.2,31.6,15.9,27.9,76.94999999999999,19.0,10.8,16.1,36.650000000000006,74.2,33.9,2.0,1,0,0
34035,Somerset County,NJ,0.1912,0.1381,0.1072,0.8549,0.2969,4.5,9.2,5.6,4.5,8.6,5.0,6.0,15.5,12.3,20.0,8.2,47.4,77.94999999999999,14.15,9.3,10.55,36.75,75.05000000000001,26.05,2.0,1,0,0
34037,Sussex County,NJ,0.0458,0.1339,0.0391,0.4741,0.0509,3.2,2.1,3.6,0.9,9.3,5.5,4.6,9.9,4.4,21.6,11.2,17.1,76.85,18.6,8.55,10.0,36.45,77.95,26.7,2.0,1,0,0
34039,Union County,NJ,0.8145,0.7579,0.6118,0.9325,0.7665,10.6,19.8,12.1,12.2,16.1,6.2,13.2,33.1,15.8,29.1,9.0,62.4,76.1,14.5,10.899999999999999,17.5,35.75,76.1,29.549999999999997,2.0,1,0,0
34041,Warren County,NJ,0.245,0.287,0.1269,0.5558,0.3077,6.3,5.0,5.0,1.9,12.3,6.0,6.2,11.0,8.1,25.4,11.8,21.9,76.3,18.25,9.0,11.850000000000001,36.65,76.5,32.4,3.0,1,0,0
35001,Bernalillo County,NM,0.7929,0.7296,0.6564,0.9364,0.7168,7.0,2.4,8.5,3.3,26.0,5.4,9.8,50.7,14.0,30.5,14.9,63.3,66.6,24.9,10.899999999999999,18.4,33.4,72.65,33.1,3.0,0,0,1
35003,Catron County,NM,0.4483,0.4384,0.4524,0.5406,0.4206,5.7,0.5,9.0,0.4,40.6,5.7,3.5,15.5,0.0,15.7,41.2,20.7,71.19999999999999,23.75,14.149999999999999,17.200000000000003,36.7,63.25,31.900000000000002,6.0,0,0,1
35005,Chaves County,NM,0.9701,0.8683,0.9854,0.9389,0.8864,6.0,1.5,9.0,4.2,33.6,5.3,18.8,59.1,4.8,24.9,19.3,63.8,68.35,23.95,13.600000000000001,25.85,33.2,70.95,40.05,5.0,0,0,1
35006,Cibola County,NM,0.9663,0.8435,0.9497,0.9844,0.9555,5.5,1.3,11.8,3.4,39.0,7.3,15.8,38.4,2.1,18.5,21.6,81.9,67.35,23.7,15.600000000000001,29.1,31.5,68.75,39.150000000000006,6.0,0,0,1
35007,Colfax County,NM,0.7989,0.5775,0.6513,0.8874,0.9341,8.7,0.6,7.5,0.5,33.2,3.2,9.5,49.2,4.0,26.5,25.4,53.9,69.19999999999999,21.950000000000003,13.45,19.9,33.6,71.05,31.8,6.0,0,0,1
35009,Curry County,NM,0.9395,0.9529,0.9555,0.8934,0.6042,4.3,4.9,9.2,4.2,31.2,7.9,19.1,44.4,4.0,30.1,17.7,55.3,66.7,24.5,12.2,24.15,31.25,71.75,39.95,5.0,0,0,1
35011,De Baca County,NM,0.5043,0.7162,0.4232,0.9434,0.0897,5.5,0.1,8.9,0.7,26.8,8.5,15.4,63.5,0.0,18.2,13.8,65.0,69.05000000000001,23.55,13.100000000000001,19.15,34.55,71.44999999999999,32.75,6.0,0,0,1
35013,Doña Ana County,NM,0.9873,0.9688,0.9071,0.9714,0.958,5.7,1.6,10.9,8.6,35.4,6.8,18.4,68.9,6.5,29.6,14.7,73.8,69.2,22.1,13.399999999999999,25.05,31.55,66.5,36.7,4.0,0,0,1
35015,Eddy County,NM,0.6382,0.3888,0.8696,0.9017,0.5237,4.7,1.3,9.2,3.2,20.9,4.2,16.0,51.5,2.2,13.4,15.5,56.5,65.69999999999999,22.950000000000003,11.149999999999999,19.5,31.599999999999998,67.85,39.8,5.0,0,0,1
35017,Grant County,NM,0.7404,0.6707,0.6936,0.889,0.6106,4.0,0.8,5.1,1.1,33.3,7.7,11.4,50.1,4.4,21.7,22.4,54.3,69.5,22.2,13.65,20.7,34.75,67.35,33.349999999999994,5.0,0,0,1
35019,Guadalupe County,NM,0.8791,0.8221,0.7766,0.9889,0.7976,3.9,2.0,6.8,6.0,32.3,9.8,19.5,75.3,1.3,21.0,19.7,85.6,66.05,19.6,15.4,28.450000000000003,33.2,67.85,37.15,6.0,0,0,1
35021,Harding County,NM,0.6615,0.5485,0.6742,0.8988,0.5485,9.1,0.1,5.7,1.7,32.6,7.2,13.2,42.9,0.0,13.2,18.4,56.2,71.0,22.35,16.0,22.2,36.9,65.9,35.9,6.0,0,0,1
35023,Hidalgo County,NM,0.9179,0.6984,0.8371,0.9354,0.9905,7.2,0.2,8.4,4.5,35.2,4.4,17.0,59.4,6.0,20.6,17.5,63.1,68.45,22.3,14.5,25.05,33.7,67.55000000000001,34.6,6.0,0,0,1
35025,Lea County,NM,0.9399,0.9189,0.8301,0.9504,0.8766,4.5,3.6,13.9,8.8,28.5,7.4,23.9,61.5,4.3,21.3,11.8,67.6,65.1,21.6,12.05,26.4,31.700000000000003,67.55000000000001,37.15,5.0,0,0,1
35027,Lincoln County,NM,0.8346,0.8116,0.9195,0.7916,0.5269,4.5,1.6,13.0,1.5,29.4,5.3,9.9,34.3,3.0,26.7,23.1,40.7,70.9,23.549999999999997,12.15,16.5,33.5,67.15,30.3,5.0,0,0,1
35028,Los Alamos County,NM,0.0099,0.0003,0.0255,0.658,0.0789,1.2,1.2,3.4,0.5,7.1,1.9,2.1,18.3,12.3,10.2,10.7,29.5,70.45,20.9,7.35,6.75,30.450000000000003,74.95,25.25,5.0,0,0,1
35029,Luna County,NM,0.9997,0.9577,1.0,0.9704,0.9367,8.1,1.3,8.7,12.2,43.2,7.0,26.8,68.8,5.2,26.4,22.6,73.1,66.9,23.05,16.35,34.05,34.9,68.5,36.3,5.0,0,0,1
35031,McKinley County,NM,0.9695,0.9325,0.9208,0.9968,0.8985,11.8,0.5,19.9,2.7,48.2,9.6,19.3,14.7,1.4,17.4,15.1,92.0,65.65,24.9,18.45,42.8,32.349999999999994,62.3,41.349999999999994,5.0,0,0,1
35033,Mora County,NM,0.6169,0.399,0.9873,0.9831,0.1562,7.2,0.0,2.1,1.5,34.5,7.4,6.6,81.4,0.0,19.0,34.0,81.5,70.4,18.75,15.6,22.299999999999997,35.0,73.0,33.400000000000006,5.0,0,0,1
35035,Otero County,NM,0.9294,0.8594,0.9192,0.8851,0.8686,4.9,3.5,9.2,4.5,30.9,9.6,13.4,39.0,1.3,23.2,20.5,53.1,68.44999999999999,24.2,12.25,22.75,32.9,70.85,37.6,5.0,0,0,1
35037,Quay County,NM,0.8711,0.8762,0.9898,0.8832,0.2943,8.0,1.8,10.3,0.8,39.7,4.8,13.8,46.1,1.4,28.0,24.6,52.5,69.80000000000001,23.200000000000003,14.95,25.0,35.2,66.2,37.900000000000006,6.0,0,0,1
35039,Rio Arriba County,NM,0.763,0.7152,0.9437,0.9911,0.2545,3.8,0.6,9.1,2.2,32.6,6.0,14.7,71.3,0.4,18.5,15.8,88.0,68.75,20.85,15.45,26.65,32.15,73.05,40.05,5.0,0,0,1
35041,Roosevelt County,NM,0.951,0.9182,0.8737,0.8743,0.9106,6.2,1.9,11.5,3.1,32.6,6.6,14.3,44.0,2.1,25.4,19.6,50.7,64.95,24.15,11.6,22.15,32.849999999999994,67.55000000000001,33.650000000000006,5.0,0,0,1
35043,Sandoval County,NM,0.3933,0.3201,0.6672,0.9122,0.1435,3.0,2.1,6.6,1.9,16.5,5.9,8.1,40.6,2.6,20.6,14.1,58.6,68.0,23.55,10.75,16.1,32.45,69.6,32.6,3.0,0,0,1
35045,San Juan County,NM,0.9669,0.9637,0.9201,0.9389,0.8234,6.1,0.6,12.6,2.1,37.9,8.9,14.4,21.7,1.9,25.9,15.6,63.8,68.75,23.75,13.65,26.9,30.049999999999997,58.3,35.150000000000006,4.0,0,0,1
35047,San Miguel County,NM,0.9854,0.8772,0.9593,0.9873,0.9866,7.3,1.1,6.4,1.6,34.5,6.9,16.5,78.0,2.4,27.0,23.5,84.6,68.80000000000001,20.2,15.200000000000001,25.05,33.35,66.25,37.65,5.0,0,0,1
35049,Santa Fe County,NM,0.7633,0.6462,0.692,0.91,0.7057,4.2,0.8,9.8,4.1,22.1,5.4,9.3,50.8,6.1,26.5,14.0,58.0,69.0,22.65,10.95,14.95,31.55,76.55000000000001,25.75,4.0,0,0,1
35051,Sierra County,NM,0.7677,0.5746,0.8508,0.7646,0.742,7.4,0.2,4.0,1.5,36.0,4.7,9.7,32.1,4.0,26.0,30.4,38.6,69.9,23.55,15.05,21.8,36.65,64.1,37.45,6.0,0,0,1
35053,Socorro County,NM,0.8972,0.7194,0.7948,0.9475,0.9637,4.9,0.9,6.7,2.7,44.9,4.4,15.3,50.3,3.5,23.1,24.0,66.8,67.35,22.2,14.45,26.5,32.3,66.55,36.85,6.0,0,0,1
35055,Taos County,NM,0.6955,0.6176,0.8972,0.9411,0.2895,4.5,0.1,7.9,2.0,28.5,5.9,6.6,56.8,2.7,25.3,19.1,64.4,68.69999999999999,21.5,12.95,17.65,32.65,72.85,28.0,5.0,0,0,1
35057,Torrance County,NM,0.7712,0.8142,0.7776,0.881,0.4047,5.0,1.6,8.5,2.2,37.8,10.8,14.0,44.7,0.4,19.8,23.1,52.2,67.6,25.0,14.75,25.55,34.6,66.15,34.6,3.0,0,0,1
35059,Union County,NM,0.9526,0.6666,0.9901,0.8584,0.9771,7.9,1.1,11.6,2.0,34.6,5.8,12.4,42.2,1.5,13.6,23.3,47.7,67.15,22.7,13.25,21.9,33.45,67.65,34.5,6.0,0,0,1
35061,Valencia County,NM,0.8823,0.8307,0.9322,0.9561,0.6198,2.7,1.3,7.7,2.7,28.6,7.5,15.2,61.1,2.3,24.5,21.4,68.8,67.9,22.15,13.5,23.700000000000003,33.0,69.5,35.5,3.0,0,0,1
36001,Albany County,NY,0.461,0.3115,0.1737,0.6656,0.8021,12.5,11.4,3.0,1.8,18.4,5.2,7.4,6.5,13.4,26.2,11.8,30.1,78.9,21.3,8.8,12.55,33.35,80.45,30.35,3.0,1,0,0
36003,Allegany County,NY,0.4543,0.4973,0.1362,0.119,0.8155,7.3,1.5,5.3,0.6,26.7,7.3,8.6,1.9,1.9,20.7,16.4,6.4,79.05,21.75,10.3,14.45,35.4,76.6,35.25,6.0,1,0,0
36005,Bronx County,NY,0.9965,0.9787,0.9545,0.9952,0.9806,60.2,28.3,7.6,14.5,38.6,11.2,25.5,56.4,67.5,48.5,15.8,91.4,81.19999999999999,15.950000000000001,15.450000000000001,37.25,35.7,79.19999999999999,33.6,1.0,1,0,0
36007,Broome County,NY,0.7248,0.6227,0.5224,0.5065,0.8972,12.5,5.0,3.8,1.5,27.4,6.9,9.4,4.8,8.5,27.7,15.9,18.7,80.30000000000001,21.15,10.2,15.2,32.2,79.19999999999999,33.95,4.0,1,0,0
36009,Cattaraugus County,NY,0.6809,0.6096,0.6087,0.328,0.8358,10.4,1.5,6.6,0.6,27.1,5.4,10.7,2.4,2.7,23.6,16.3,11.2,79.80000000000001,22.25,10.85,16.75,36.65,75.55000000000001,35.8,5.0,1,0,0
36011,Cayuga County,NY,0.5208,0.4524,0.2062,0.342,0.8839,10.0,3.4,4.1,0.5,23.1,4.3,11.5,3.2,7.2,25.9,14.6,11.6,79.85,21.4,10.55,15.3,35.95,76.9,35.7,5.0,1,0,0
36013,Chautauqua County,NY,0.7229,0.6147,0.7579,0.4085,0.798,11.8,2.2,5.5,1.4,27.7,5.4,10.3,8.1,5.0,25.8,17.6,14.1,80.05000000000001,21.200000000000003,11.3,16.700000000000003,35.599999999999994,73.69999999999999,36.5,5.0,1,0,0
36015,Chemung County,NY,0.6093,0.5616,0.5507,0.434,0.7156,10.2,5.3,4.3,0.6,24.1,6.3,9.8,3.4,6.0,26.1,16.1,15.2,79.85,21.95,10.4,15.350000000000001,35.05,74.65,30.75,4.0,1,0,0
36017,Chenango County,NY,0.4833,0.4604,0.4779,0.1225,0.6898,8.4,0.6,3.6,0.4,22.2,7.1,11.5,2.4,2.8,21.0,18.7,6.5,78.4,21.9,10.8,15.350000000000001,35.2,76.8,36.2,6.0,1,0,0
36019,Clinton County,NY,0.4445,0.384,0.0837,0.2984,0.9103,9.5,3.4,3.3,0.4,21.4,4.7,12.1,2.9,6.0,23.1,17.3,10.3,78.95,23.1,9.899999999999999,14.3,33.35,73.9,33.5,5.0,1,0,0
36021,Columbia County,NY,0.427,0.3519,0.4582,0.4518,0.5192,6.2,3.3,3.9,1.2,18.6,5.9,8.0,5.4,3.7,24.3,14.4,15.9,79.85,20.200000000000003,10.15,12.35,37.55,79.0,30.75,5.0,1,0,0
36023,Cortland County,NY,0.3684,0.4165,0.0305,0.265,0.8444,9.0,2.1,3.7,0.3,21.4,5.4,9.4,3.0,5.7,25.0,13.3,9.4,78.55,23.2,8.95,13.3,33.75,76.65,31.4,5.0,1,0,0
36025,Delaware County,NY,0.5142,0.5275,0.4938,0.265,0.5822,7.4,1.4,4.5,0.8,26.0,6.1,9.6,4.3,1.6,23.6,18.5,9.4,79.8,21.4,10.85,15.05,35.2,77.2,33.099999999999994,6.0,1,0,0
36027,Dutchess County,NY,0.447,0.3058,0.1613,0.6828,0.7696,7.2,10.0,4.3,2.0,14.1,5.0,8.4,13.5,9.7,26.7,12.9,31.3,78.9,19.25,9.100000000000001,12.6,33.6,77.30000000000001,28.35,3.0,1,0,0
36029,Erie County,NY,0.4913,0.3602,0.4235,0.6233,0.6395,12.1,12.5,2.9,1.8,21.8,5.0,7.8,6.0,8.5,25.8,13.7,26.4,82.0,20.950000000000003,9.95,13.85,34.5,81.35,32.9,1.0,1,0,0
36031,Essex County,NY,0.3516,0.3096,0.279,0.2164,0.6424,9.4,2.4,4.1,0.5,19.8,5.1,8.4,2.9,3.0,22.9,16.7,8.1,79.3,21.35,10.15,12.45,35.35,79.7,34.75,6.0,1,0,0
36033,Franklin County,NY,0.5597,0.5539,0.1425,0.4683,0.8626,11.0,3.4,6.0,0.3,26.2,5.1,13.0,3.0,3.9,21.8,17.4,16.8,78.15,22.4,11.1,16.85,34.4,78.65,40.75,6.0,1,0,0
36035,Fulton County,NY,0.3977,0.4566,0.2603,0.3016,0.5189,10.0,1.5,3.6,0.2,24.2,4.3,12.5,3.9,2.8,24.7,17.1,10.4,79.2,22.35,10.8,16.2,34.900000000000006,77.4,35.65,5.0,1,0,0
36037,Genesee County,NY,0.2335,0.2234,0.1139,0.2959,0.5501,9.8,2.0,3.1,0.4,17.5,4.7,7.5,3.5,3.8,23.3,15.4,10.2,79.35,21.700000000000003,9.6,13.0,34.75,76.85,30.15,5.0,1,0,0
36039,Greene County,NY,0.4076,0.2899,0.1597,0.4569,0.7961,8.6,4.6,3.5,1.0,18.8,2.8,11.5,6.5,4.0,26.5,13.8,16.2,79.85,21.0,10.3,13.95,36.3,75.3,34.45,6.0,1,0,0
36041,Hamilton County,NY,0.1654,0.3474,0.2122,0.2062,0.1012,2.4,1.1,4.7,0.2,20.0,4.9,14.2,2.0,0.4,19.5,17.8,7.9,80.8,20.799999999999997,10.95,12.45,38.05,75.6,30.9,6.0,1,0,0
36043,Herkimer County,NY,0.2755,0.2071,0.2596,0.182,0.6357,10.1,1.1,4.7,0.5,20.4,4.2,8.7,2.5,5.4,19.7,15.4,7.5,79.0,21.1,10.05,13.6,35.05,76.2,37.0,3.0,1,0,0
36045,Jefferson County,NY,0.6653,0.5453,0.3796,0.5237,0.9252,8.5,5.4,5.4,0.6,22.1,6.4,8.4,7.9,6.6,27.4,14.6,19.7,79.30000000000001,20.55,9.85,14.65,31.25,75.25,38.3,4.0,1,0,0
36047,Kings County,NY,0.8874,0.8775,0.5352,0.9395,0.9249,55.3,28.3,6.3,11.3,28.3,7.3,16.2,18.9,43.3,36.8,10.3,63.9,79.7,16.200000000000003,11.55,23.549999999999997,35.8,78.1,25.05,1.0,1,0,0
36049,Lewis County,NY,0.1925,0.3023,0.2106,0.0675,0.2676,5.6,0.7,4.3,0.3,23.1,5.2,8.8,1.6,2.1,19.9,15.0,5.4,79.6,21.6,10.5,14.149999999999999,36.05,77.0,40.8,6.0,1,0,0
36051,Livingston County,NY,0.2294,0.2453,0.0471,0.3016,0.6328,6.0,2.0,3.4,0.5,18.3,4.7,7.7,3.9,4.3,23.4,13.5,10.4,78.80000000000001,21.200000000000003,9.3,12.6,35.2,79.6,31.35,2.0,1,0,0
36053,Madison County,NY,0.1801,0.1689,0.0452,0.2536,0.6207,6.1,1.6,3.3,0.3,17.3,4.1,6.9,2.5,5.0,23.0,13.0,9.1,79.95,21.700000000000003,9.3,11.95,35.35,71.15,36.8,3.0,1,0,0
36055,Monroe County,NY,0.5943,0.4136,0.6093,0.6806,0.7162,10.9,14.1,3.2,2.3,20.7,5.3,8.6,9.6,10.8,28.0,14.2,31.2,78.69999999999999,22.25,10.399999999999999,13.65,32.099999999999994,79.65,31.6,1.0,1,0,0
36057,Montgomery County,NY,0.7881,0.6895,0.8867,0.5501,0.7232,12.8,2.6,5.6,2.1,26.8,5.9,11.2,15.4,4.5,28.0,16.5,21.6,78.05,21.7,10.5,17.95,33.7,77.80000000000001,38.849999999999994,5.0,1,0,0
36059,Nassau County,NY,0.2778,0.1324,0.1696,0.8129,0.5584,6.6,11.1,4.0,4.8,9.1,4.6,8.2,17.5,10.8,20.2,8.8,43.3,81.0,13.7,9.2,11.55,36.65,76.0,28.35,2.0,1,0,0
36061,New York County,NY,0.7283,0.6268,0.0996,0.8896,0.9784,77.9,12.4,4.6,8.0,22.2,6.8,11.5,26.0,89.7,28.7,11.1,54.4,79.45,18.55,8.65,14.85,35.599999999999994,80.9,19.35,1.0,1,0,0
36063,Niagara County,NY,0.4454,0.3595,0.489,0.4604,0.5383,10.7,6.4,2.3,0.8,20.2,5.8,8.3,3.6,7.0,23.9,15.3,16.4,81.25,21.700000000000003,10.100000000000001,13.850000000000001,33.05,75.6,39.45,2.0,1,0,0
36065,Oneida County,NY,0.6828,0.3907,0.7401,0.5237,0.9259,10.6,5.6,3.4,2.7,23.6,4.4,11.1,6.5,7.7,23.6,14.6,19.7,79.25,20.85,10.5,15.3,35.2,77.4,36.25,3.0,1,0,0
36067,Onondaga County,NY,0.588,0.4146,0.4881,0.6045,0.804,12.2,10.4,3.5,1.7,21.6,5.6,8.6,5.4,13.6,25.3,13.9,24.8,81.15,22.4,10.100000000000001,13.9,33.05,82.1,37.15,3.0,1,0,0
36069,Ontario County,NY,0.2682,0.1327,0.3242,0.3484,0.6367,6.5,1.9,3.3,0.8,16.0,4.0,6.7,5.2,7.2,22.0,14.5,11.8,80.0,20.950000000000003,9.3,11.25,33.599999999999994,76.35,30.75,2.0,1,0,0
36071,Orange County,NY,0.7299,0.5097,0.6246,0.776,0.882,8.6,10.5,4.9,5.3,20.2,5.3,10.3,22.3,10.5,29.6,11.6,39.5,78.85,18.0,10.649999999999999,16.6,32.599999999999994,80.25,32.3,3.0,1,0,0
36073,Orleans County,NY,0.58,0.6427,0.3958,0.42,0.6201,7.6,5.3,5.4,1.2,22.0,6.1,13.9,5.3,2.0,26.1,15.5,14.6,78.94999999999999,21.1,10.5,16.4,34.65,76.65,32.849999999999994,2.0,1,0,0
36075,Oswego County,NY,0.5962,0.6137,0.2094,0.1985,0.9227,8.5,1.0,4.2,0.4,25.4,7.3,10.2,2.9,4.1,25.8,15.0,7.8,79.35,22.299999999999997,10.3,14.85,34.150000000000006,76.7,36.55,3.0,1,0,0
36077,Otsego County,NY,0.3287,0.3417,0.0986,0.3086,0.6796,7.0,2.1,5.1,0.6,21.9,5.0,7.4,4.2,2.4,23.1,14.1,10.6,77.6,21.2,9.6,13.350000000000001,35.0,82.35,31.0,5.0,1,0,0
36079,Putnam County,NY,0.1187,0.1209,0.062,0.6115,0.2326,4.1,3.0,3.5,1.9,9.2,4.4,6.7,17.3,4.1,22.1,10.2,25.3,79.35,18.05,8.7,10.8,34.75,79.4,27.4,2.0,1,0,0
36081,Queens County,NY,0.8024,0.8282,0.1899,0.9765,0.8772,36.7,16.7,8.7,14.5,20.0,7.0,17.2,28.0,36.0,33.8,9.9,76.2,80.19999999999999,13.95,13.25,22.35,38.75,78.30000000000001,23.9,1.0,1,0,0
36083,Rensselaer County,NY,0.4047,0.2727,0.2396,0.5183,0.7302,10.3,6.3,3.1,0.8,17.3,5.6,7.6,5.4,10.1,23.3,14.5,19.3,78.8,20.3,9.2,12.600000000000001,33.9,75.15,31.6,3.0,1,0,0
36085,Richmond County,NY,0.5956,0.4413,0.3328,0.8021,0.811,15.2,9.1,3.9,5.9,16.5,5.4,11.3,18.7,11.6,27.8,10.3,42.0,80.94999999999999,15.55,11.0,16.049999999999997,38.7,76.15,30.15,1.0,1,0,0
36087,Rockland County,NY,0.7471,0.6087,0.5062,0.7607,0.8915,9.9,10.9,4.1,7.9,23.3,6.2,11.4,18.6,12.2,28.8,9.0,38.1,79.4,18.15,10.600000000000001,16.4,33.95,79.4,30.7,2.0,1,0,0
36089,St. Lawrence County,NY,0.7108,0.6701,0.2854,0.2265,0.9815,10.4,2.1,6.0,0.8,27.6,6.3,11.2,2.4,6.3,24.2,17.2,8.4,80.35,24.05,11.05,15.350000000000001,34.25,77.95,42.349999999999994,5.0,1,0,0
36091,Saratoga County,NY,0.0649,0.0519,0.035,0.335,0.3611,4.8,1.6,2.8,0.6,11.1,3.5,6.0,3.5,9.2,20.1,11.3,11.4,79.4,20.7,8.6,9.35,35.3,83.05,32.95,3.0,1,0,0
36093,Schenectady County,NY,0.4874,0.4012,0.1744,0.6634,0.7388,12.2,9.7,3.9,0.9,18.3,6.0,8.4,7.7,10.8,26.4,12.7,29.9,78.9,19.6,9.55,14.35,33.55,78.15,34.45,3.0,1,0,0
36095,Schoharie County,NY,0.3172,0.2704,0.1044,0.2914,0.7576,6.3,1.3,4.2,0.2,18.0,5.3,8.9,3.7,2.9,21.3,16.8,10.1,79.9,20.75,10.0,12.8,35.8,73.8,32.7,3.0,1,0,0
36097,Schuyler County,NY,0.3159,0.4267,0.1343,0.119,0.5507,5.9,0.8,4.4,0.5,25.1,5.7,8.1,1.9,3.2,22.7,15.3,6.4,79.5,21.65,10.75,14.45,34.95,74.45,31.45,6.0,1,0,0
36099,Seneca County,NY,0.5737,0.6564,0.2902,0.3535,0.707,8.7,4.2,8.6,0.9,21.6,4.5,15.8,3.8,3.2,25.3,17.1,12.0,79.55,21.799999999999997,10.35,15.649999999999999,35.05,73.85,34.75,5.0,1,0,0
36101,Steuben County,NY,0.4683,0.4349,0.4378,0.1861,0.6764,9.4,1.4,5.0,0.6,23.5,6.3,8.5,1.8,4.9,21.7,15.0,7.6,79.5,22.35,10.25,13.95,35.400000000000006,77.35,34.75,5.0,1,0,0
36103,Suffolk County,NY,0.2596,0.223,0.1114,0.7226,0.4321,5.2,7.0,4.4,3.8,10.5,4.8,9.5,20.6,5.8,22.4,9.9,34.9,80.5,16.3,9.15,12.85,36.849999999999994,78.85,29.7,2.0,1,0,0
36105,Sullivan County,NY,0.8654,0.7499,0.7652,0.6901,0.9475,9.9,8.1,5.6,3.0,24.2,7.2,13.3,17.4,3.5,29.3,15.9,31.8,79.2,19.700000000000003,11.05,17.15,34.7,74.65,31.85,5.0,1,0,0
36107,Tioga County,NY,0.1505,0.2584,0.0939,0.119,0.279,6.5,1.1,3.4,0.3,18.7,5.6,8.0,2.2,2.8,21.3,14.7,6.4,79.6,21.8,9.95,13.2,36.05,79.1,30.5,4.0,1,0,0
36109,Tompkins County,NY,0.3907,0.3312,0.0197,0.5829,0.9131,13.3,3.2,3.3,0.9,22.7,4.7,4.3,5.4,14.7,30.9,11.3,23.5,76.75,22.55,7.8999999999999995,10.95,29.75,80.65,26.1,4.0,1,0,0
36111,Ulster County,NY,0.5511,0.5043,0.2125,0.6115,0.7811,7.2,5.6,6.2,1.2,20.6,5.1,8.5,11.1,5.7,30.0,14.5,25.3,80.25,19.85,9.850000000000001,13.2,34.5,78.4,30.55,4.0,1,0,0
36113,Warren County,NY,0.1954,0.2319,0.1279,0.1985,0.4171,8.5,1.2,3.8,0.4,16.5,4.2,8.3,2.9,5.4,24.4,15.8,7.8,80.1,21.8,9.75,11.4,34.55,77.8,30.95,4.0,1,0,0
36115,Washington County,NY,0.4127,0.4505,0.2523,0.2485,0.6087,8.8,2.4,5.5,0.8,19.0,5.1,10.9,3.0,2.8,24.5,15.3,9.0,80.15,21.049999999999997,9.899999999999999,13.4,37.150000000000006,78.95,31.299999999999997,4.0,1,0,0
36117,Wayne County,NY,0.3633,0.3226,0.342,0.3446,0.5294,7.3,2.3,5.8,0.9,18.4,4.3,9.4,4.8,3.5,23.3,14.5,11.7,79.25,21.6,9.899999999999999,13.55,34.6,79.75,37.25,2.0,1,0,0
36119,Westchester County,NY,0.6685,0.4216,0.3821,0.8641,0.9373,14.2,13.3,4.9,5.4,13.6,6.0,10.7,25.8,29.5,25.5,10.1,48.8,79.5,15.85,9.65,12.75,34.05,81.2,25.95,2.0,1,0,0
36121,Wyoming County,NY,0.2399,0.2606,0.0636,0.3322,0.5686,7.7,3.6,4.3,0.5,18.4,4.1,12.5,3.4,2.1,20.5,13.3,11.3,79.2,21.2,10.1,14.649999999999999,35.3,69.4,35.5,6.0,1,0,0
36123,Yates County,NY,0.5724,0.6522,0.1581,0.0675,0.9173,13.0,0.5,17.6,0.6,22.1,3.2,15.7,2.2,3.2,22.5,11.6,5.4,79.30000000000001,21.55,10.25,15.05,35.2,76.05,34.2,6.0,1,0,0
37001,Alamance County,NC,0.7136,0.6643,0.5266,0.7668,0.7076,5.0,19.4,9.7,2.8,23.5,5.0,11.7,13.5,8.0,24.4,12.8,38.8,79.25,24.3,11.45,16.799999999999997,32.9,79.3,38.7,4.0,0,1,0
37003,Alexander County,NC,0.4559,0.4922,0.2924,0.4018,0.5466,2.8,4.4,9.1,0.5,21.5,5.6,14.0,5.1,0.6,16.5,17.1,13.9,77.85,26.4,11.399999999999999,15.3,35.15,76.65,36.35,3.0,0,1,0
37005,Alleghany County,NC,0.7168,0.8613,0.4998,0.3977,0.5807,5.6,1.8,13.4,1.5,34.0,5.3,17.7,10.0,1.3,21.4,17.4,13.8,79.15,26.450000000000003,13.6,17.45,37.45,75.85,36.55,6.0,0,1,0
37007,Anson County,NC,0.9529,0.9736,0.8034,0.8969,0.8256,7.1,47.3,13.0,0.6,34.8,6.4,17.5,4.6,0.9,29.9,20.6,55.8,80.2,23.85,15.899999999999999,27.6,34.7,77.3,43.349999999999994,2.0,0,1,0
37009,Ashe County,NC,0.4518,0.5632,0.6382,0.2164,0.2695,4.2,1.0,11.0,1.0,24.5,5.1,13.0,5.3,2.3,17.9,17.9,8.1,79.0,26.4,11.95,13.85,37.05,73.25,36.25,6.0,0,1,0
37011,Avery County,NC,0.7191,0.6624,0.4986,0.3675,0.909,4.5,3.6,14.6,0.9,25.8,5.0,13.1,5.1,8.0,18.9,19.0,12.5,78.1,25.799999999999997,11.55,14.5,35.45,74.30000000000001,37.25,6.0,0,1,0
37013,Beaufort County,NC,0.8066,0.8654,0.8451,0.7156,0.447,5.8,23.1,11.3,1.0,27.6,5.6,13.2,8.4,2.2,28.6,17.1,34.3,80.25,24.9,13.5,18.35,36.15,77.44999999999999,36.9,5.0,0,1,0
37015,Bertie County,NC,0.9586,0.9784,0.658,0.9446,0.9138,11.3,61.3,11.9,0.0,35.8,6.4,19.5,1.4,0.4,32.9,23.5,65.9,81.6,22.35,17.1,27.7,35.75,78.30000000000001,43.2,6.0,0,1,0
37017,Bladen County,NC,0.8326,0.86,0.7709,0.8352,0.5848,7.9,33.7,10.0,1.5,35.0,5.5,11.8,8.1,1.4,27.8,14.8,45.4,80.65,25.0,14.65,21.65,36.0,77.8,41.3,6.0,0,1,0
37019,Brunswick County,NC,0.2275,0.3535,0.1244,0.504,0.2004,2.4,8.6,8.8,0.4,16.3,5.0,6.5,5.1,4.0,23.3,14.9,18.6,81.5,24.7,11.2,11.0,36.45,79.2,32.849999999999994,3.0,0,1,0
37021,Buncombe County,NC,0.5994,0.5094,0.3691,0.4839,0.8409,5.4,5.6,11.3,2.3,21.2,3.6,7.9,7.1,10.2,27.3,13.6,17.5,77.85,25.299999999999997,9.9,11.75,32.8,75.65,31.25,3.0,0,1,0
37023,Burke County,NC,0.7079,0.7149,0.6793,0.5148,0.6249,4.6,5.9,10.8,1.2,28.2,6.0,15.2,6.7,2.1,18.3,20.4,19.1,78.75,26.75,12.350000000000001,16.799999999999997,34.849999999999994,76.5,36.75,3.0,0,1,0
37025,Cabarrus County,NC,0.4321,0.3614,0.4817,0.7706,0.3376,3.7,18.6,8.0,1.4,16.5,4.9,8.0,11.3,8.5,22.9,10.7,39.1,78.3,23.5,10.350000000000001,13.6,32.650000000000006,78.65,33.0,2.0,0,1,0
37027,Caldwell County,NC,0.6503,0.7257,0.6981,0.4018,0.4808,4.8,4.2,11.3,0.7,26.0,5.8,18.1,6.2,3.0,18.5,18.8,13.9,78.4,27.0,11.75,16.05,35.45,77.65,33.3,3.0,0,1,0
37029,Camden County,NC,0.2523,0.2561,0.6032,0.546,0.1021,1.3,8.1,3.7,0.5,13.0,5.7,7.7,3.7,4.1,23.7,15.5,21.2,78.80000000000001,25.1,9.75,10.8,33.85,76.6,34.8,2.0,0,1,0
37031,Carteret County,NC,0.3888,0.4547,0.2558,0.4057,0.4432,3.9,4.2,10.1,0.4,16.8,4.9,7.9,4.5,10.5,24.3,17.4,14.0,79.94999999999999,25.200000000000003,10.6,10.75,35.7,78.6,33.85,5.0,0,1,0
37033,Caswell County,NC,0.7302,0.7442,0.7646,0.7881,0.4384,4.7,32.0,9.9,1.2,23.4,6.0,16.3,4.8,0.6,22.1,19.9,40.4,79.80000000000001,24.2,13.75,19.700000000000003,35.15,77.15,39.2,6.0,0,1,0
37035,Catawba County,NC,0.6818,0.6055,0.6312,0.6249,0.7016,4.9,8.1,11.8,2.0,22.2,5.1,12.6,10.4,6.4,20.4,14.0,26.5,77.7,26.15,11.1,14.75,35.2,74.45,37.3,3.0,0,1,0
37037,Chatham County,NC,0.2949,0.2997,0.469,0.6516,0.167,3.1,10.6,8.8,3.3,19.4,2.8,10.6,12.2,2.4,20.3,12.9,28.9,80.5,23.05,11.15,12.0,35.25,79.5,30.15,3.0,0,1,0
37039,Cherokee County,NC,0.3729,0.7213,0.2482,0.2854,0.1333,4.3,1.5,16.2,0.3,29.8,4.9,8.8,3.7,0.4,22.6,18.1,9.9,80.05000000000001,26.95,12.649999999999999,13.95,37.95,75.55,34.8,6.0,0,1,0
37041,Chowan County,NC,0.7394,0.6806,0.8769,0.7814,0.4594,10.2,33.4,6.6,0.8,31.8,4.3,13.4,3.7,0.5,25.6,16.5,39.8,80.8,24.5,14.75,20.45,36.55,76.45,40.5,6.0,0,1,0
37043,Clay County,NC,0.4232,0.678,0.133,0.2234,0.4155,7.3,1.0,15.3,0.3,23.3,4.0,11.7,3.9,3.2,24.2,16.3,8.3,79.85,26.299999999999997,11.8,11.9,37.15,77.55,35.4,6.0,0,1,0
37045,Cleveland County,NC,0.8524,0.8699,0.7044,0.6481,0.8085,6.5,20.1,11.2,0.7,29.6,6.4,13.2,4.1,2.6,24.9,16.2,28.5,79.05000000000001,26.4,12.399999999999999,18.05,35.2,75.9,38.6,5.0,0,1,0
37047,Columbus County,NC,0.937,0.952,0.8116,0.7951,0.846,6.2,28.5,14.2,1.2,35.9,5.8,14.4,5.9,1.6,29.5,17.5,41.2,79.55,24.95,14.2,22.1,35.3,78.1,41.150000000000006,6.0,0,1,0
37049,Craven County,NC,0.8126,0.6373,0.8081,0.7261,0.8597,5.9,20.8,9.2,1.5,24.0,5.1,9.1,7.8,4.8,26.5,15.4,35.2,79.85,24.8,11.5,15.350000000000001,33.45,77.55,37.2,5.0,0,1,0
37051,Cumberland County,NC,0.943,0.833,0.8718,0.9141,0.9558,6.9,36.4,10.8,1.4,28.1,7.9,7.7,12.5,11.1,34.5,16.7,59.0,79.55,24.9,12.399999999999999,20.4,31.9,77.85,40.6,3.0,0,1,0
37053,Currituck County,NC,0.0862,0.2409,0.196,0.4248,0.0134,1.7,5.6,11.2,0.4,13.8,3.2,7.2,4.8,0.9,21.3,11.7,14.8,78.7,25.25,9.649999999999999,10.45,33.65,81.0,34.05,2.0,0,1,0
37055,Dare County,NC,0.2071,0.3805,0.1384,0.4117,0.1422,1.8,3.0,11.6,1.5,13.2,5.1,5.1,7.6,4.7,24.3,10.6,14.2,79.75,25.05,9.649999999999999,9.1,34.8,79.4,31.3,5.0,0,1,0
37057,Davidson County,NC,0.553,0.6249,0.6812,0.5558,0.2752,4.2,9.5,10.9,1.5,24.8,4.3,13.5,7.8,2.9,21.9,15.3,21.9,78.25,26.15,11.5,16.05,34.25,77.2,36.1,3.0,0,1,0
37059,Davie County,NC,0.4057,0.3665,0.5523,0.4658,0.3668,5.0,4.1,10.2,1.2,18.0,4.6,10.2,7.3,3.3,19.0,18.1,16.7,78.55,25.65,10.649999999999999,12.25,34.8,81.94999999999999,33.349999999999994,3.0,0,1,0
37061,Duplin County,NC,0.9144,0.9058,0.9749,0.8683,0.5549,5.2,21.4,14.8,7.2,31.6,5.4,19.7,23.2,1.1,22.7,17.2,49.4,79.05000000000001,23.9,14.1,22.1,35.25,75.15,39.5,6.0,0,1,0
37063,Durham County,NC,0.686,0.5873,0.238,0.9065,0.8661,7.0,34.0,11.4,4.9,20.1,4.3,9.3,13.8,21.3,28.0,9.7,57.4,80.4,22.85,10.45,14.25,31.549999999999997,80.4,36.3,3.0,0,1,0
37065,Edgecombe County,NC,0.9605,0.966,0.901,0.9418,0.7773,10.4,56.0,11.6,0.8,35.5,8.6,14.4,5.4,1.7,28.9,16.0,64.6,81.2,23.299999999999997,16.1,27.0,34.2,78.94999999999999,43.75,4.0,0,1,0
37067,Forsyth County,NC,0.8126,0.7652,0.6825,0.8291,0.7436,6.6,25.2,10.5,2.7,24.9,5.6,10.8,13.7,14.4,27.3,12.3,44.8,79.3,23.7,11.7,16.4,31.9,82.9,41.35,3.0,0,1,0
37069,Franklin County,NC,0.6491,0.5819,0.7019,0.756,0.5107,3.2,23.5,9.8,1.6,20.6,5.9,13.1,9.4,1.7,20.1,16.8,37.6,79.2,24.85,11.75,16.7,34.1,75.4,38.55,2.0,0,1,0
37071,Gaston County,NC,0.65,0.6984,0.6163,0.6726,0.4578,5.4,17.0,10.2,1.5,22.3,4.9,12.4,8.0,5.7,26.2,14.7,30.5,78.95,25.6,11.5,16.4,34.25,78.0,36.05,2.0,0,1,0
37073,Gates County,NC,0.4053,0.5765,0.5199,0.7464,0.0633,3.4,31.4,7.4,1.0,24.0,9.3,9.5,3.2,0.0,20.4,19.1,37.0,79.65,25.15,13.75,18.5,35.6,77.55000000000001,38.75,2.0,0,1,0
37075,Graham County,NC,0.6933,0.7684,0.7792,0.42,0.4591,6.4,0.5,17.7,1.0,21.2,7.7,15.9,4.1,1.3,19.0,19.6,14.6,78.4,26.45,11.45,13.899999999999999,35.6,78.4,35.3,6.0,0,1,0
37077,Granville County,NC,0.6612,0.6745,0.5778,0.8164,0.4811,4.1,28.8,10.6,1.8,23.7,4.7,14.2,9.3,0.9,22.8,16.4,43.7,79.45,23.799999999999997,12.45,18.45,34.55,77.4,36.05,6.0,0,1,0
37079,Greene County,NC,0.9863,0.9745,0.8272,0.8883,0.985,5.5,31.9,16.9,3.1,33.0,5.5,23.9,15.9,2.6,28.2,20.5,54.2,78.15,23.549999999999997,15.100000000000001,26.4,34.4,78.6,42.75,6.0,0,1,0
37081,Guilford County,NC,0.7865,0.6962,0.5469,0.8797,0.84,6.3,33.9,9.2,2.5,24.1,5.2,9.9,8.6,14.3,28.8,11.9,51.9,80.15,24.35,11.7,17.2,32.8,79.30000000000001,38.3,3.0,0,1,0
37083,Halifax County,NC,0.987,0.9844,0.9007,0.9332,0.936,9.2,51.5,10.3,0.4,38.1,9.3,18.9,3.3,3.3,33.5,20.1,62.5,81.2,23.2,17.299999999999997,30.0,36.0,78.0,42.6,5.0,0,1,0
37085,Harnett County,NC,0.7372,0.7432,0.8107,0.7836,0.4302,4.3,20.2,10.8,1.9,24.7,5.3,11.8,13.7,1.0,25.2,15.5,40.0,78.75,26.05,11.45,17.299999999999997,33.15,76.7,36.8,5.0,0,1,0
37087,Haywood County,NC,0.3646,0.5266,0.5441,0.2323,0.1702,4.3,0.8,11.2,0.6,23.4,3.5,9.6,4.5,2.0,23.9,17.2,8.6,78.55,27.45,10.8,12.25,35.6,80.4,33.25,5.0,0,1,0
37089,Henderson County,NC,0.4286,0.4365,0.5959,0.4913,0.2806,3.7,3.1,12.3,2.3,19.7,3.5,8.4,10.6,4.1,23.1,14.8,17.8,79.35,24.8,10.8,12.100000000000001,35.5,76.85,30.35,3.0,0,1,0
37091,Hertford County,NC,0.9427,0.9656,0.735,0.9513,0.8279,9.0,57.9,10.8,0.6,35.4,7.2,16.1,4.6,1.3,31.4,20.9,67.7,81.85,23.25,17.049999999999997,27.75,35.55,77.94999999999999,42.9,6.0,0,1,0
37093,Hoke County,NC,0.8909,0.8384,0.9345,0.931,0.6535,5.2,32.4,11.0,2.3,25.8,6.4,11.1,14.7,1.6,29.8,18.1,62.2,79.4,24.549999999999997,13.25,22.5,32.6,77.6,38.3,3.0,0,1,0
37095,Hyde County,NC,0.874,0.9949,0.8966,0.8101,0.1989,2.2,28.5,13.8,1.9,37.0,8.7,19.0,12.4,0.0,34.8,18.8,43.1,79.25,23.75,15.15,22.55,36.25,74.7,40.9,6.0,0,1,0
37097,Iredell County,NC,0.3773,0.3487,0.4041,0.615,0.3398,3.3,11.4,9.3,1.8,16.3,4.6,9.1,8.3,6.2,20.9,11.8,25.5,79.25,24.799999999999997,9.85,12.35,34.15,77.9,32.55,2.0,0,1,0
37099,Jackson County,NC,0.7862,0.8174,0.2899,0.5352,0.9386,4.8,1.9,15.1,2.0,29.2,5.9,10.7,6.5,5.1,23.1,13.2,20.3,77.95,27.549999999999997,11.5,15.1,34.1,76.35,35.6,6.0,0,1,0
37101,Johnston County,NC,0.5294,0.4683,0.6102,0.7261,0.4152,4.1,16.4,11.2,2.6,19.3,3.7,10.5,14.5,3.4,22.8,12.8,35.2,78.75,24.450000000000003,11.05,15.3,33.2,81.5,34.8,2.0,0,1,0
37103,Jones County,NC,0.6736,0.7973,0.2654,0.7598,0.5695,7.8,27.7,12.5,0.1,30.7,4.8,14.2,5.7,1.2,22.8,20.5,38.0,80.05000000000001,25.6,14.85,21.6,36.3,79.45,39.8,5.0,0,1,0
37105,Lee County,NC,0.8953,0.8571,0.9666,0.8072,0.6112,4.0,18.4,13.7,5.4,27.0,5.2,14.9,20.0,4.3,25.6,17.4,42.8,78.69999999999999,24.75,12.6,18.75,35.349999999999994,74.80000000000001,37.75,5.0,0,1,0
37107,Lenoir County,NC,0.9984,0.971,0.9975,0.8794,0.9774,8.6,39.8,10.8,1.9,36.9,7.1,17.9,8.3,4.5,29.3,23.4,51.8,80.85,24.9,15.95,26.35,35.6,77.1,42.45,5.0,0,1,0
37109,Lincoln County,NC,0.2517,0.2746,0.2685,0.4658,0.2666,3.4,5.6,8.5,1.2,15.9,4.4,10.2,7.6,2.1,18.6,15.2,16.7,78.25,25.700000000000003,10.3,12.25,34.5,79.05000000000001,34.7,2.0,0,1,0
37111,McDowell County,NC,0.7518,0.6421,0.7502,0.3847,0.861,6.4,3.6,12.6,1.2,26.5,5.5,13.8,6.5,1.8,16.6,19.1,13.3,78.5,26.75,11.65,15.5,36.349999999999994,74.35,35.1,5.0,0,1,0
37113,Macon County,NC,0.4906,0.6195,0.6351,0.3592,0.2288,6.4,1.0,15.5,2.4,27.4,3.5,10.5,7.9,1.3,21.9,16.9,12.2,79.55,26.6,12.1,14.2,37.0,77.5,35.45,6.0,0,1,0
37115,Madison County,NC,0.35,0.3573,0.118,0.1654,0.7483,4.5,1.1,9.0,0.0,22.8,1.7,11.1,2.7,1.8,21.0,18.5,7.2,79.0,26.6,10.35,11.850000000000001,34.65,77.55000000000001,34.75,3.0,0,1,0
37117,Martin County,NC,0.9306,0.9275,0.959,0.8641,0.6586,9.3,41.6,8.2,1.1,30.0,9.6,18.0,4.4,2.7,27.2,20.9,48.8,80.95,24.85,15.45,22.95,36.2,79.05000000000001,40.4,6.0,0,1,0
37119,Mecklenburg County,NC,0.6115,0.5787,0.4747,0.8915,0.5135,5.6,30.9,11.5,4.9,18.3,4.5,9.1,13.9,24.6,28.8,8.1,54.9,78.69999999999999,22.549999999999997,10.1,14.55,31.200000000000003,80.3,29.6,1.0,0,1,0
37121,Mitchell County,NC,0.5689,0.5437,0.629,0.2444,0.658,8.4,0.8,10.6,0.6,20.9,6.3,10.2,6.0,2.2,19.6,18.6,8.9,78.9,26.55,11.100000000000001,12.25,35.7,75.4,37.1,6.0,0,1,0
37123,Montgomery County,NC,0.7741,0.5705,0.9628,0.7537,0.5816,4.4,17.1,13.9,3.5,27.1,3.1,16.1,15.9,0.3,18.1,18.0,37.5,79.6,25.2,13.45,19.65,35.8,77.65,38.8,6.0,0,1,0
37125,Moore County,NC,0.3306,0.2778,0.6074,0.5867,0.2157,4.2,10.3,8.3,1.8,16.4,4.6,7.2,7.3,3.6,21.1,14.3,23.7,80.0,24.35,10.2,10.95,35.0,77.55,32.7,4.0,0,1,0
37127,Nash County,NC,0.8902,0.8403,0.741,0.881,0.8804,6.9,40.4,11.6,1.2,24.5,6.4,13.4,7.5,3.9,26.3,15.1,52.2,80.35,23.3,13.65,20.65,35.05,81.0,38.349999999999994,4.0,0,1,0
37129,New Hanover County,NC,0.4289,0.5638,0.0824,0.5797,0.4989,6.3,11.9,10.5,1.1,21.4,4.8,6.5,6.1,16.7,30.5,12.0,23.3,79.15,25.35,9.899999999999999,11.5,35.0,79.35,31.450000000000003,3.0,0,1,0
37131,Northampton County,NC,0.8906,0.9548,0.5157,0.9233,0.7786,8.1,53.8,11.2,0.3,32.3,7.6,16.5,2.6,0.6,27.8,19.0,61.1,82.7,23.15,17.25,25.299999999999997,36.3,76.9,42.900000000000006,5.0,0,1,0
37133,Onslow County,NC,0.7948,0.7585,0.6793,0.7213,0.7499,3.8,13.4,10.3,0.9,25.0,6.4,8.0,13.3,6.9,31.6,16.3,34.8,77.8,24.1,9.649999999999999,15.7,29.35,78.1,34.7,4.0,0,1,0
37135,Orange County,NC,0.3945,0.2857,0.0474,0.686,0.8454,4.7,10.6,6.3,2.7,18.0,3.9,6.6,8.7,15.3,26.2,8.3,31.5,78.85,24.4,9.15,10.15,32.15,78.7,28.75,3.0,0,1,0
37137,Pamlico County,NC,0.5616,0.5972,0.5603,0.6211,0.4146,4.8,19.2,9.3,1.3,25.1,4.6,10.0,4.5,0.9,24.0,20.9,26.1,80.5,24.2,12.8,14.55,36.2,74.94999999999999,36.15,5.0,0,1,0
37139,Pasquotank County,NC,0.7626,0.7324,0.6001,0.8473,0.6774,6.2,35.1,10.7,1.1,21.1,5.8,10.3,6.2,4.5,29.4,15.1,46.3,80.3,24.049999999999997,12.15,16.950000000000003,33.75,77.65,38.5,5.0,0,1,0
37141,Pender County,NC,0.5606,0.5294,0.4671,0.6204,0.573,3.1,13.3,9.3,1.1,18.8,6.4,9.8,7.8,3.3,21.5,16.0,26.0,78.4,25.3,10.75,13.15,33.05,78.9,35.95,3.0,0,1,0
37143,Perquimans County,NC,0.5921,0.7175,0.7451,0.6567,0.1858,4.0,22.8,10.7,0.2,22.5,5.0,13.6,3.2,1.6,24.9,20.9,29.4,80.55000000000001,24.95,13.0,15.95,36.25,78.4,37.4,6.0,0,1,0
37145,Person County,NC,0.5393,0.5558,0.6532,0.7165,0.2787,5.2,25.5,8.4,0.4,24.8,3.7,11.6,4.9,1.1,24.5,20.2,34.4,79.6,25.5,13.25,18.35,34.849999999999994,78.25,38.65,3.0,0,1,0
37147,Pitt County,NC,0.9001,0.8721,0.5282,0.8524,0.9679,9.2,35.0,10.1,1.4,29.9,7.5,9.8,6.7,15.0,30.6,14.8,46.9,79.35,25.1,12.0,18.6,32.099999999999994,78.2,39.9,4.0,0,1,0
37149,Polk County,NC,0.3583,0.3121,0.4578,0.4165,0.413,3.7,4.9,9.9,0.9,19.6,4.3,7.2,5.9,3.6,20.1,18.1,14.5,79.85,25.3,11.75,11.95,36.85,77.7,35.45,6.0,0,1,0
37151,Randolph County,NC,0.6475,0.6736,0.7681,0.5679,0.4108,3.7,5.5,12.9,2.6,25.3,3.9,16.0,12.4,2.9,21.4,17.2,22.6,78.25,26.95,12.05,17.45,35.5,77.75,39.8,3.0,0,1,0
37153,Richmond County,NC,0.986,0.9761,0.882,0.825,0.9739,10.7,31.8,10.3,1.0,36.7,9.6,17.3,7.1,2.4,30.1,16.2,44.4,79.75,26.35,15.1,25.4,34.95,78.8,42.95,5.0,0,1,0
37155,Robeson County,NC,0.9962,0.9828,0.9523,0.9758,0.9784,8.0,23.5,14.5,2.2,41.9,6.4,21.6,9.4,2.0,26.3,17.0,75.7,80.69999999999999,23.15,17.4,30.75,36.099999999999994,75.2,48.0,5.0,0,1,0
37157,Rockingham County,NC,0.8514,0.875,0.825,0.6516,0.6997,7.0,17.4,10.0,1.4,28.5,6.5,16.4,6.5,5.0,24.5,17.6,28.9,79.35,25.95,12.9,18.4,35.35,76.1,37.2,3.0,0,1,0
37159,Rowan County,NC,0.8435,0.7725,0.742,0.6599,0.8832,5.9,15.8,10.8,2.4,26.1,6.3,12.6,9.8,3.7,22.7,15.5,29.6,78.65,25.049999999999997,11.75,17.0,34.150000000000006,75.6,37.4,2.0,0,1,0
37161,Rutherford County,NC,0.8072,0.7897,0.8584,0.4973,0.6958,6.0,8.6,11.9,0.7,30.0,6.0,14.1,5.0,1.3,20.5,21.2,18.1,78.4,27.5,12.75,17.450000000000003,35.35,77.25,38.05,5.0,0,1,0
37163,Sampson County,NC,0.9459,0.93,0.8702,0.8721,0.867,5.1,25.0,15.8,4.5,31.9,5.7,17.4,21.0,2.4,24.2,14.1,50.2,78.69999999999999,24.95,14.3,22.8,35.3,76.9,41.75,6.0,0,1,0
37165,Scotland County,NC,0.9959,0.9857,0.8225,0.9135,0.9981,11.5,39.0,12.3,0.7,40.2,10.8,17.8,3.6,2.1,28.2,16.7,58.8,79.8,24.65,16.299999999999997,28.85,35.6,75.4,45.35,5.0,0,1,0
37167,Stanly County,NC,0.6631,0.6169,0.769,0.5352,0.5549,5.4,11.2,11.2,1.4,23.9,4.3,14.0,4.8,0.6,21.4,17.1,20.3,77.9,26.2,11.6,15.8,34.7,77.19999999999999,36.3,5.0,0,1,0
37169,Stokes County,NC,0.4324,0.5584,0.4893,0.2959,0.2816,2.8,4.3,8.6,0.2,21.9,5.3,12.5,3.6,1.0,21.2,19.8,10.2,78.94999999999999,27.25,11.55,13.95,36.5,75.65,36.95,3.0,0,1,0
37171,Surry County,NC,0.8005,0.8024,0.8797,0.4814,0.622,5.1,3.5,12.6,2.1,29.3,4.9,18.0,11.5,2.9,21.5,19.0,17.4,78.55,27.7,12.25,17.4,36.5,75.9,40.849999999999994,5.0,0,1,0
37173,Swain County,NC,0.901,0.8581,0.832,0.7894,0.8788,8.9,1.2,24.0,0.5,30.0,7.5,14.9,6.9,0.2,18.4,17.9,40.5,78.9,27.299999999999997,13.85,21.25,36.05,73.9,40.75,6.0,0,1,0
37175,Transylvania County,NC,0.4773,0.3764,0.4661,0.2959,0.7098,4.6,4.3,13.6,0.6,20.5,4.0,6.2,3.5,2.8,21.2,14.9,10.2,80.6,25.6,10.9,10.65,36.1,78.7,34.05,5.0,0,1,0
37177,Tyrrell County,NC,0.854,0.819,0.7945,0.8075,0.7531,7.6,32.8,12.3,1.7,25.7,3.9,22.7,8.6,0.0,26.6,19.9,42.9,79.35,23.7,15.4,22.8,36.150000000000006,78.7,41.3,6.0,0,1,0
37179,Union County,NC,0.2008,0.2221,0.3786,0.6701,0.0932,2.7,11.1,8.8,2.6,12.8,4.3,9.6,11.8,1.7,17.9,9.2,30.3,79.0,24.35,9.9,12.15,33.9,73.6,33.2,2.0,0,1,0
37181,Vance County,NC,0.9672,0.9532,0.9745,0.929,0.7283,7.8,48.8,12.5,1.4,30.8,7.0,15.3,8.5,2.0,29.6,18.3,61.8,81.35,23.6,15.350000000000001,25.55,34.75,80.80000000000001,42.7,5.0,0,1,0
37183,Wake County,NC,0.3621,0.2526,0.3229,0.7989,0.4257,4.0,19.2,8.3,2.5,13.9,4.2,6.0,10.4,18.7,23.3,8.8,41.7,80.0,23.1,9.25,10.350000000000001,32.8,80.4,29.1,1.0,0,1,0
37185,Warren County,NC,0.9879,0.9707,0.9605,0.931,0.923,10.4,47.7,11.2,1.0,38.6,9.9,14.6,4.2,1.1,27.9,22.0,62.2,81.85,23.1,17.4,27.0,36.25,79.9,44.099999999999994,6.0,0,1,0
37187,Washington County,NC,0.8603,0.9475,0.8511,0.9036,0.3716,18.2,47.6,8.7,0.0,35.0,12.7,14.2,6.2,0.6,30.5,23.6,56.9,82.1,24.5,17.700000000000003,27.35,36.8,78.9,43.85,6.0,0,1,0
37189,Watauga County,NC,0.4238,0.8619,0.0048,0.2444,0.5969,3.4,1.7,9.4,0.7,34.5,9.3,7.5,4.0,11.4,33.6,11.1,8.9,77.75,28.3,10.15,13.6,32.599999999999994,76.95,35.0,5.0,0,1,0
37191,Wayne County,NC,0.9564,0.8788,0.8991,0.8616,0.9545,7.0,30.5,12.2,3.5,29.9,5.0,14.3,12.7,4.3,27.9,15.6,48.4,79.4,24.5,13.35,21.299999999999997,33.7,77.1,39.7,4.0,0,1,0
37193,Wilkes County,NC,0.707,0.8164,0.6491,0.3917,0.5272,5.7,3.7,11.7,0.6,28.3,6.0,18.5,7.0,3.0,20.5,19.0,13.5,78.55,27.65,12.3,16.8,36.400000000000006,75.94999999999999,38.1,5.0,0,1,0
37195,Wilson County,NC,0.952,0.9599,0.8543,0.8909,0.8136,9.2,39.1,12.0,1.7,35.0,6.6,16.6,11.2,2.8,28.5,14.8,54.6,80.85,24.3,15.4,25.549999999999997,34.6,79.15,38.45,5.0,0,1,0
37197,Yadkin County,NC,0.6233,0.7206,0.5113,0.4741,0.5202,4.6,2.9,12.2,1.6,26.0,5.2,13.5,11.6,2.5,21.3,15.6,17.1,78.4,27.0,11.850000000000001,15.799999999999999,35.8,77.8,36.3,3.0,0,1,0
37199,Yancey County,NC,0.5307,0.7089,0.6971,0.2109,0.2533,4.2,0.4,10.1,0.8,25.7,7.6,11.5,5.4,2.0,20.3,18.4,8.0,78.80000000000001,27.200000000000003,11.85,14.2,36.05,77.55,35.6,6.0,0,1,0
38001,Adams County,ND,0.2052,0.1495,0.1648,0.2062,0.5708,7.1,0.5,10.2,0.0,18.9,0.7,6.7,3.8,9.9,18.2,13.1,7.9,75.1,20.35,11.95,12.95,35.65,79.85,35.25,6.0,0,0,0
38003,Barnes County,ND,0.1842,0.1355,0.0885,0.2879,0.5838,5.6,1.9,6.2,0.1,19.0,3.3,5.0,2.3,13.4,20.4,13.1,10.0,73.05,20.7,10.25,10.4,32.15,75.05000000000001,38.1,6.0,0,0,0
38005,Benson County,ND,0.7426,0.4117,0.8565,0.9211,0.8107,9.2,0.3,8.0,1.6,39.3,2.2,12.8,1.4,3.0,15.9,13.2,60.1,74.19999999999999,21.85,14.4,24.15,34.6,67.2,43.55,6.0,0,0,0
38007,Billings County,ND,0.0095,0.0127,0.015,0.0003,0.2113,3.8,0.0,5.5,0.0,13.8,2.1,4.8,1.4,1.8,9.7,7.7,1.4,75.1,19.450000000000003,10.649999999999999,10.6,33.95,77.9,36.4,5.0,0,0,0
38009,Bottineau County,ND,0.111,0.0907,0.1333,0.2854,0.3073,2.2,0.5,8.0,0.0,13.1,3.5,7.3,2.5,2.9,12.8,13.6,9.9,74.65,20.1,10.3,10.3,34.95,77.15,37.900000000000006,6.0,0,0,0
38011,Bowman County,ND,0.2421,0.251,0.5896,0.2164,0.1899,1.6,0.0,10.3,1.8,16.4,4.1,11.0,5.4,2.5,9.1,10.8,8.1,74.1,20.1,9.95,10.5,33.7,73.0,36.5,6.0,0,0,0
38013,Burke County,ND,0.0363,0.0159,0.3194,0.1572,0.0815,1.3,0.7,3.8,0.7,11.4,2.0,8.1,1.1,3.3,9.4,12.2,7.1,74.25,20.15,9.649999999999999,9.149999999999999,34.25,77.55000000000001,37.25,6.0,0,0,0
38015,Burleigh County,ND,0.1963,0.0382,0.1556,0.3939,0.7655,5.7,1.9,4.7,0.3,12.5,2.7,5.1,2.9,17.9,19.5,11.3,13.6,74.25,19.450000000000003,8.7,8.7,32.3,77.7,35.35,4.0,0,0,0
38017,Cass County,ND,0.2485,0.1511,0.0649,0.4636,0.7477,6.0,6.5,5.9,1.0,17.0,2.8,4.4,3.0,36.2,24.0,10.0,16.6,74.75,23.6,8.2,9.45,30.85,82.0,34.45,3.0,0,0,0
38019,Cavalier County,ND,0.0955,0.0563,0.3882,0.1457,0.1992,4.6,0.0,5.9,0.7,15.5,0.9,6.7,0.9,5.1,18.4,10.7,6.9,76.3,20.15,10.0,9.15,35.75,79.45,39.8,6.0,0,0,0
38021,Dickey County,ND,0.146,0.1855,0.2036,0.3217,0.1922,1.6,0.2,8.6,0.0,18.3,3.1,8.6,4.8,2.6,17.6,11.9,11.0,73.5,20.85,10.2,11.0,33.8,75.5,39.150000000000006,6.0,0,0,0
38023,Divide County,ND,0.2768,0.1858,0.2619,0.413,0.5587,4.6,3.2,9.5,0.2,18.4,3.2,9.6,5.5,2.6,8.4,11.0,14.3,75.19999999999999,20.4,10.8,11.05,33.75,78.25,37.599999999999994,6.0,0,0,0
38025,Dunn County,ND,0.4104,0.2036,0.5819,0.552,0.5927,1.9,0.7,18.4,2.7,11.5,2.4,9.4,6.2,4.3,14.6,14.9,21.7,73.45,20.2,10.45,11.600000000000001,32.849999999999994,75.44999999999999,36.6,5.0,0,0,0
38027,Eddy County,ND,0.4082,0.2078,0.5628,0.2733,0.7327,7.4,0.0,6.0,0.2,29.6,2.3,8.0,2.7,7.3,17.1,20.0,9.6,74.8,21.2,11.85,13.95,34.7,71.6,38.75,6.0,0,0,0
38029,Emmons County,ND,0.0506,0.1664,0.028,0.0407,0.1705,3.3,0.2,6.9,0.0,16.4,1.4,10.5,1.5,2.8,19.6,12.5,4.7,75.55,20.3,11.35,11.600000000000001,35.0,75.5,38.45,6.0,0,0,0
38031,Foster County,ND,0.0127,0.007,0.0716,0.0675,0.1149,4.6,0.5,3.8,0.2,15.5,0.2,5.7,0.6,1.7,15.0,11.1,5.4,74.75,20.700000000000003,10.25,9.8,34.4,76.5,35.8,6.0,0,0,0
38033,Golden Valley County,ND,0.1982,0.1024,0.5164,0.4117,0.2711,5.6,0.2,2.0,0.0,20.7,5.4,5.3,5.3,5.6,11.0,20.0,14.2,75.3,21.049999999999997,11.75,12.15,34.85,76.5,37.7,6.0,0,0,0
38035,Grand Forks County,ND,0.3198,0.2867,0.0191,0.4839,0.8654,5.7,3.7,5.7,0.5,21.9,3.4,4.4,4.8,31.7,28.6,9.4,17.5,73.4,22.85,9.45,10.899999999999999,31.950000000000003,78.0,36.55,4.0,0,0,0
38037,Grant County,ND,0.2097,0.1973,0.3124,0.2109,0.3535,3.8,0.1,4.7,0.5,25.1,2.9,8.2,1.7,1.8,19.8,13.2,8.0,75.6,21.05,12.75,13.6,35.0,74.1,41.55,6.0,0,0,0
38039,Griggs County,ND,0.0407,0.0258,0.1534,0.021,0.202,3.9,0.0,3.7,0.3,14.6,1.2,8.8,1.5,7.2,13.1,11.8,4.1,75.05000000000001,19.450000000000003,10.3,9.5,35.1,74.0,37.349999999999994,6.0,0,0,0
38041,Hettinger County,ND,0.1495,0.3268,0.2218,0.1985,0.0853,2.1,0.5,8.9,0.0,17.0,4.2,12.0,0.6,0.6,18.6,18.6,7.8,74.65,20.95,10.3,11.15,33.85,72.65,37.65,6.0,0,0,0
38043,Kidder County,ND,0.0321,0.1031,0.0843,0.2444,0.0312,0.3,0.2,4.7,0.0,20.1,1.0,10.0,4.6,0.0,17.1,10.6,8.9,75.25,20.9,10.95,10.85,35.4,73.35,40.05,6.0,0,0,0
38045,LaMoure County,ND,0.0305,0.0894,0.0843,0.0229,0.0687,3.4,0.2,6.2,0.1,17.8,1.7,9.8,2.0,0.3,11.1,11.6,4.2,74.94999999999999,19.950000000000003,10.65,10.5,34.45,75.6,34.8,6.0,0,0,0
38047,Logan County,ND,0.0754,0.0856,0.3761,0.1037,0.1053,1.3,0.1,3.0,1.3,22.4,1.3,8.8,2.8,1.1,16.6,11.9,6.1,74.55,20.85,11.35,12.5,34.15,76.80000000000001,40.349999999999994,6.0,0,0,0
38049,McHenry County,ND,0.0907,0.1709,0.1588,0.0627,0.1416,5.0,0.7,6.2,0.1,17.4,4.4,9.5,1.4,2.6,15.2,13.4,5.3,74.55000000000001,20.6,10.4,11.1,33.5,79.25,41.900000000000006,4.0,0,0,0
38051,McIntosh County,ND,0.1368,0.1674,0.1578,0.1572,0.2867,7.1,0.6,7.0,1.0,19.8,0.5,12.4,2.6,0.9,14.6,12.4,7.1,75.44999999999999,20.450000000000003,12.100000000000001,13.149999999999999,35.5,78.30000000000001,36.25,6.0,0,0,0
38053,McKenzie County,ND,0.468,0.3369,0.1145,0.6029,0.874,2.5,2.1,15.7,1.2,25.4,1.7,7.3,10.6,23.2,18.6,9.8,24.7,71.35,20.65,9.75,13.1,30.799999999999997,74.19999999999999,41.0,6.0,0,0,0
38055,McLean County,ND,0.0662,0.0156,0.2959,0.363,0.1915,3.3,0.4,4.8,0.5,11.6,1.4,6.8,2.7,2.2,15.1,11.3,12.3,76.0,20.85,10.35,9.7,35.05,79.69999999999999,40.2,6.0,0,0,0
38057,Mercer County,ND,0.3296,0.2577,0.4652,0.2587,0.5056,2.3,0.3,11.7,1.7,19.0,2.7,10.5,2.6,6.4,15.8,13.5,9.2,74.35,20.75,10.649999999999999,11.75,34.6,74.35,39.7,6.0,0,0,0
38059,Morton County,ND,0.0519,0.0589,0.0274,0.3592,0.2746,2.5,1.3,5.5,0.2,14.0,2.0,6.4,4.2,10.4,19.4,8.1,12.2,74.30000000000001,21.3,8.95,10.100000000000001,33.25,75.30000000000001,38.5,4.0,0,0,0
38061,Mountrail County,ND,0.7156,0.4333,0.7868,0.8088,0.8142,4.8,1.9,17.2,1.8,24.0,3.5,11.1,9.1,6.4,13.3,13.9,43.0,72.35,20.6,12.2,18.049999999999997,32.65,72.95,42.0,6.0,0,0,0
38063,Nelson County,ND,0.0468,0.0274,0.4047,0.2214,0.0646,2.4,0.0,5.9,0.4,15.6,1.2,6.0,3.9,1.4,13.6,18.4,8.2,75.30000000000001,20.5,10.5,9.899999999999999,35.2,80.15,39.7,6.0,0,0,0
38065,Oliver County,ND,0.0808,0.0242,0.5256,0.2164,0.1584,4.2,0.0,4.4,0.4,16.1,2.9,5.4,3.3,0.8,13.8,10.3,8.1,75.1,19.95,10.0,9.0,34.25,76.6,34.6,4.0,0,0,0
38067,Pembina County,ND,0.1206,0.1934,0.14,0.3016,0.1429,2.3,1.0,6.9,0.3,17.8,4.3,7.9,3.7,4.2,18.4,12.6,10.4,73.95,20.65,11.05,11.55,34.099999999999994,77.05,42.0,6.0,0,0,0
38069,Pierce County,ND,0.1155,0.111,0.4776,0.1654,0.1199,3.2,0.3,7.3,0.5,17.5,1.0,6.8,1.2,2.2,19.4,9.8,7.2,75.4,21.1,10.55,11.3,33.7,74.3,40.8,6.0,0,0,0
38071,Ramsey County,ND,0.4747,0.2186,0.5848,0.4973,0.7658,8.0,0.6,10.3,0.3,23.1,0.8,7.3,3.2,12.1,18.4,17.4,18.1,75.2,21.2,11.05,12.9,34.95,75.75,41.099999999999994,6.0,0,0,0
38073,Ransom County,ND,0.0935,0.0805,0.0515,0.2914,0.4015,4.1,2.2,5.0,0.1,15.3,2.9,9.1,2.1,7.8,16.9,12.6,10.1,74.95,20.65,10.75,11.350000000000001,34.6,75.94999999999999,38.05,6.0,0,0,0
38075,Renville County,ND,0.0245,0.0363,0.0375,0.0264,0.195,3.4,0.0,4.4,0.0,12.1,2.3,8.8,2.5,0.2,15.7,10.2,4.3,73.6,20.4,9.8,10.2,32.8,80.30000000000001,38.85,4.0,0,0,0
38077,Richland County,ND,0.2459,0.1091,0.1448,0.2984,0.7821,7.2,0.8,5.9,0.2,19.4,2.5,6.5,3.6,15.3,19.3,12.1,10.3,73.55000000000001,22.1,9.75,10.649999999999999,32.55,75.69999999999999,36.85,5.0,0,0,0
38079,Rolette County,ND,0.8934,0.8358,0.6847,0.985,0.8947,8.5,0.8,26.4,0.1,36.8,6.4,14.6,2.4,2.7,16.4,17.2,82.4,73.85,22.1,17.2,30.8,33.55,68.9,50.2,6.0,0,0,0
38081,Sargent County,ND,0.0251,0.0022,0.2253,0.2536,0.1059,2.5,2.5,3.7,0.3,10.4,1.5,5.8,3.3,6.1,9.6,12.9,9.1,74.15,20.2,10.4,10.4,33.95,78.75,41.25,6.0,0,0,0
38083,Sheridan County,ND,0.0073,0.071,0.0325,0.0264,0.0207,2.2,0.0,6.5,0.2,14.8,0.8,9.6,0.4,2.8,14.1,12.0,4.3,76.05,20.7,11.45,10.9,36.05,76.4,36.900000000000006,6.0,0,0,0
38085,Sioux County,ND,0.9176,0.9551,0.6166,0.9908,0.8104,13.4,0.3,28.0,0.1,54.1,20.7,14.1,1.0,1.8,20.8,16.2,87.9,73.5,23.799999999999997,20.15,42.650000000000006,32.45,62.05,49.400000000000006,6.0,0,0,0
38087,Slope County,ND,0.0134,0.0977,0.1378,0.0299,0.006,1.1,0.0,1.9,0.0,17.0,4.5,8.4,0.1,0.2,16.0,17.9,4.4,75.19999999999999,19.9,12.0,11.5,36.2,74.75,38.45,6.0,0,0,0
38089,Stark County,ND,0.3112,0.1944,0.0865,0.3977,0.8425,5.2,2.5,7.9,0.7,16.4,2.9,8.1,6.1,20.4,20.7,10.2,13.8,73.25,19.75,9.2,11.45,33.45,74.15,37.45,5.0,0,0,0
38091,Steele County,ND,0.0299,0.028,0.0783,0.015,0.1906,0.7,0.2,5.2,0.2,19.2,2.2,3.8,2.2,2.2,9.8,8.7,3.8,74.69999999999999,20.5,10.85,10.8,35.05,75.2,34.95,6.0,0,0,0
38093,Stutsman County,ND,0.4419,0.4792,0.2164,0.2399,0.6723,5.2,1.9,7.3,0.5,21.6,4.7,8.3,2.8,14.7,25.8,18.0,8.8,72.35,21.05,9.95,11.8,32.05,77.44999999999999,40.0,5.0,0,0,0
38095,Towner County,ND,0.2297,0.4311,0.5784,0.4222,0.02,3.3,0.4,9.5,1.8,25.2,1.6,14.6,3.9,1.9,19.5,14.7,14.7,75.55,21.15,12.7,14.350000000000001,35.9,76.4,43.9,6.0,0,0,0
38097,Traill County,ND,0.0697,0.0293,0.0576,0.2692,0.4493,5.8,0.9,5.4,0.3,13.9,2.0,6.3,3.9,8.4,16.4,11.3,9.5,73.75,20.1,9.5,9.25,32.349999999999994,80.8,38.5,6.0,0,0,0
38099,Walsh County,ND,0.3385,0.23,0.4521,0.4683,0.4843,4.8,0.8,7.5,1.1,19.3,2.3,13.1,12.1,5.3,17.4,13.5,16.8,74.8,20.15,10.9,12.95,33.35,70.9,35.9,6.0,0,0,0
38101,Ward County,ND,0.2571,0.1499,0.0671,0.5065,0.756,4.3,4.0,6.1,0.7,13.9,3.7,5.9,6.7,19.3,22.3,12.2,18.7,72.2,20.55,8.8,10.350000000000001,30.95,75.2,34.3,4.0,0,0,0
38103,Wells County,ND,0.2437,0.1508,0.3557,0.0525,0.6217,6.2,0.0,5.4,0.0,19.7,1.8,8.9,2.4,4.8,20.1,12.4,5.0,75.35,20.5,11.600000000000001,11.7,34.8,74.6,38.0,6.0,0,0,0
38105,Williams County,ND,0.5062,0.2262,0.4766,0.5778,0.8762,6.5,5.2,12.4,1.0,13.9,2.5,9.2,9.5,33.9,18.9,10.4,23.2,70.9,21.0,9.15,13.05,30.3,79.0,40.3,5.0,0,0,0
39001,Adams County,OH,0.6516,0.8349,0.7181,0.0229,0.4508,7.8,0.4,8.5,0.0,32.4,5.8,15.0,1.1,0.9,25.0,23.0,4.2,78.0,27.25,14.2,18.45,35.95,72.4,40.099999999999994,6.0,0,0,0
39003,Allen County,OH,0.5673,0.4152,0.672,0.5326,0.6659,7.5,10.7,6.2,0.3,21.5,6.1,8.0,3.5,5.9,21.6,16.1,20.2,80.3,27.7,13.35,15.25,34.75,72.4,39.85,4.0,0,0,0
39005,Ashland County,OH,0.3096,0.3194,0.2081,0.0675,0.6522,6.9,0.8,8.2,0.6,20.9,3.7,10.1,1.7,3.8,19.6,14.6,5.4,78.4,26.7,12.55,14.149999999999999,35.099999999999994,75.4,38.4,5.0,0,0,0
39007,Ashtabula County,OH,0.8247,0.8995,0.6704,0.3675,0.7906,8.5,3.5,10.0,0.6,30.0,7.6,13.4,4.7,4.5,26.5,17.2,12.5,77.0,28.35,14.6,18.15,35.95,73.9,45.75,2.0,0,0,0
39009,Athens County,OH,0.5772,0.7165,0.0363,0.3086,0.9332,6.7,2.5,6.0,0.7,34.8,5.7,8.3,2.0,9.5,30.9,17.3,10.6,76.75,30.25,12.05,15.25,32.9,74.05000000000001,36.2,5.0,0,0,0
39011,Auglaize County,OH,0.0261,0.0229,0.1915,0.0579,0.092,3.6,0.9,4.2,0.2,12.4,2.9,6.6,1.8,3.6,15.4,12.2,5.2,78.35,25.450000000000003,11.0,11.05,34.4,73.25,39.5,5.0,0,0,0
39013,Belmont County,OH,0.3067,0.3503,0.1505,0.2234,0.5609,6.9,3.0,6.5,0.2,22.7,6.0,8.5,1.2,4.6,17.7,16.1,8.3,78.55,26.65,13.0,14.4,37.6,73.45,40.9,4.0,0,0,0
39015,Brown County,OH,0.3691,0.504,0.4006,0.021,0.392,5.9,0.9,6.5,0.1,24.6,4.4,12.5,1.2,1.7,22.4,17.0,4.1,79.05000000000001,28.0,13.05,16.0,36.8,74.5,41.400000000000006,2.0,0,0,0
39017,Butler County,OH,0.4346,0.3649,0.5145,0.5597,0.4254,4.9,8.2,6.3,2.1,18.8,5.1,8.8,5.2,9.3,22.5,12.1,22.1,79.75,25.9,11.9,13.8,33.15,78.65,39.3,2.0,0,0,0
39019,Carroll County,OH,0.3255,0.3729,0.6137,0.0525,0.3032,7.0,0.8,10.5,0.6,21.4,3.9,11.1,1.4,0.4,17.8,17.6,5.0,78.65,26.45,13.05,14.55,36.55,75.8,38.8,3.0,0,0,0
39021,Champaign County,OH,0.1123,0.1705,0.1559,0.1861,0.181,4.9,2.0,4.9,0.1,15.9,4.5,8.6,1.7,2.8,19.5,13.8,7.6,78.05000000000001,26.15,11.45,12.25,34.4,76.45,43.1,5.0,0,0,0
39023,Clark County,OH,0.6627,0.6287,0.8387,0.4699,0.4998,7.1,8.1,6.9,0.7,24.5,6.8,11.0,3.8,6.0,22.7,17.2,16.9,78.94999999999999,27.4,13.6,16.2,36.95,72.85,42.3,4.0,0,0,0
39025,Clermont County,OH,0.1479,0.1896,0.1575,0.2109,0.2634,4.8,1.4,5.6,0.3,15.2,4.1,8.6,2.2,11.5,20.9,14.5,8.0,78.15,26.2,11.5,11.45,34.15,74.1,34.55,2.0,0,0,0
39027,Clinton County,OH,0.3038,0.3299,0.4979,0.1753,0.3303,4.0,1.8,5.7,0.4,24.0,4.7,8.9,1.9,4.6,19.7,16.2,7.4,78.25,26.799999999999997,12.35,14.5,34.85,74.15,39.8,5.0,0,0,0
39029,Columbiana County,OH,0.4162,0.4225,0.3621,0.1654,0.6058,7.2,2.1,7.4,0.1,22.7,4.9,10.2,2.0,3.5,20.0,17.3,7.2,77.7,25.9,13.5,15.2,34.75,72.65,41.05,5.0,0,0,0
39031,Coshocton County,OH,0.6351,0.7623,0.7213,0.0579,0.5262,9.7,1.1,10.3,0.4,27.9,6.1,15.5,1.2,3.0,20.4,16.8,5.2,77.95,28.45,13.75,16.75,36.55,70.7,41.45,5.0,0,0,0
39033,Crawford County,OH,0.3856,0.5291,0.7576,0.0757,0.1489,5.5,0.9,6.7,0.6,25.8,5.5,10.1,1.8,2.9,21.6,16.4,5.6,77.55,27.7,13.05,15.1,34.8,66.3,39.5,5.0,0,0,0
39035,Cuyahoga County,OH,0.7305,0.6554,0.6946,0.8043,0.6281,12.3,28.7,5.5,1.8,24.8,7.2,9.1,6.5,19.7,28.8,15.1,42.4,79.1,24.299999999999997,12.350000000000001,17.1,35.55,78.45,35.349999999999994,1.0,0,0,0
39037,Darke County,OH,0.0961,0.2148,0.2755,0.0407,0.0649,5.0,0.7,6.9,0.2,22.5,2.6,8.9,1.7,2.0,19.0,13.5,4.7,78.25,27.4,12.8,14.05,36.349999999999994,76.30000000000001,36.5,5.0,0,0,0
39039,Defiance County,OH,0.2529,0.2144,0.6239,0.4222,0.1747,5.1,1.5,6.9,0.9,18.1,4.9,8.0,10.7,3.3,17.2,13.9,14.7,78.15,25.6,12.100000000000001,13.350000000000001,33.85,75.95,35.4,5.0,0,0,0
39041,Delaware County,OH,0.0239,0.0054,0.1651,0.4998,0.0445,2.6,3.8,4.4,0.8,7.1,3.0,2.8,2.9,7.8,15.3,8.2,18.2,80.85,21.3,9.399999999999999,7.65,32.2,83.6,31.2,2.0,0,0,0
39043,Erie County,OH,0.4015,0.3462,0.5962,0.5081,0.3283,5.9,8.7,5.5,0.4,18.9,6.1,8.1,4.8,7.1,21.3,15.2,18.8,80.35,25.35,12.7,13.4,35.25,80.05000000000001,40.2,4.0,0,0,0
39045,Fairfield County,OH,0.196,0.1594,0.4543,0.4699,0.182,4.0,8.4,6.0,0.9,15.4,3.7,6.1,2.5,5.0,22.3,14.2,16.9,78.9,25.700000000000003,11.3,11.95,34.8,71.30000000000001,35.45,2.0,0,0,0
39047,Fayette County,OH,0.3913,0.5807,0.5943,0.2364,0.1454,6.6,2.3,7.9,0.2,25.4,4.3,15.0,2.3,2.1,21.8,19.6,8.7,77.0,27.35,13.100000000000001,16.549999999999997,37.6,70.45,41.15,5.0,0,0,0
39049,Franklin County,OH,0.6497,0.5409,0.5297,0.776,0.6977,7.1,22.8,8.0,2.6,22.3,4.7,8.5,6.0,16.2,27.7,11.5,39.5,79.65,25.700000000000003,11.8,15.45,32.65,77.94999999999999,33.7,1.0,0,0,0
39051,Fulton County,OH,0.0585,0.0675,0.4467,0.3563,0.0255,2.5,0.5,5.7,0.9,15.6,3.5,6.1,9.1,2.1,16.7,14.6,12.1,78.1,25.299999999999997,12.0,12.45,35.8,74.6,36.9,3.0,0,0,0
39053,Gallia County,OH,0.601,0.6535,0.3385,0.1753,0.8193,9.1,1.8,11.0,0.1,28.6,4.1,13.7,1.5,1.5,21.1,19.1,7.4,78.30000000000001,29.0,13.8,17.0,36.85,71.5,36.650000000000006,5.0,0,0,0
39055,Geauga County,OH,0.0961,0.1139,0.1129,0.1152,0.2918,8.9,1.0,8.1,0.6,11.4,3.1,8.9,1.7,2.6,15.7,9.9,6.3,79.0,24.200000000000003,10.850000000000001,9.45,34.05,79.6,32.650000000000006,2.0,0,0,0
39057,Greene County,OH,0.1658,0.1715,0.0799,0.489,0.3471,4.5,6.3,5.2,0.4,16.3,4.6,5.8,3.1,9.7,21.5,13.6,17.7,78.8,24.549999999999997,10.5,10.55,34.55,77.15,38.15,3.0,0,0,0
39059,Guernsey County,OH,0.5352,0.6844,0.538,0.1339,0.4636,6.9,1.8,9.7,0.1,26.2,4.6,13.8,1.2,3.2,23.1,17.5,6.7,78.1,28.0,13.350000000000001,15.95,36.7,74.6,38.2,5.0,0,0,0
39061,Hamilton County,OH,0.5908,0.462,0.5243,0.7366,0.6713,10.4,25.2,5.6,1.2,22.1,5.0,7.9,3.7,17.7,27.2,12.2,36.1,79.2,25.65,12.55,14.8,32.5,78.8,35.7,1.0,0,0,0
39063,Hancock County,OH,0.1604,0.1177,0.2246,0.3563,0.349,4.9,1.7,4.8,0.6,17.7,3.7,6.2,6.0,6.8,20.2,12.8,12.1,78.25,25.55,11.6,11.600000000000001,33.75,76.94999999999999,39.45,5.0,0,0,0
39065,Hardin County,OH,0.5177,0.5533,0.1775,0.119,0.8575,8.2,1.2,12.4,0.3,26.6,4.7,8.4,2.1,2.5,20.5,13.1,6.4,77.3,27.3,12.4,15.700000000000001,34.2,72.35,41.05,6.0,0,0,0
39067,Harrison County,OH,0.5262,0.6182,0.4598,0.1037,0.5985,7.3,2.9,12.9,0.1,23.5,4.5,11.8,1.3,0.7,21.6,17.1,6.1,77.65,27.75,13.7,15.05,37.25,73.9,41.25,6.0,0,0,0
39069,Henry County,OH,0.0977,0.1289,0.3093,0.342,0.0719,3.7,0.5,5.4,0.6,17.7,4.5,7.0,8.0,2.5,16.8,12.9,11.6,78.5,25.450000000000003,11.8,12.7,34.65,77.94999999999999,38.55,6.0,0,0,0
39071,Highland County,OH,0.4763,0.5912,0.357,0.0675,0.5724,8.8,1.6,9.1,0.4,24.8,4.4,15.0,1.4,1.7,21.0,17.5,5.4,77.1,28.049999999999997,13.25,15.65,36.35,75.2,41.2,6.0,0,0,0
39073,Hocking County,OH,0.4976,0.545,0.812,0.0675,0.3528,4.1,0.6,7.0,0.7,28.9,4.7,12.1,1.1,1.8,20.6,17.8,5.4,78.55,27.9,14.0,16.35,35.25,70.8,35.95,2.0,0,0,0
39075,Holmes County,OH,0.3923,0.4887,0.1037,0.0022,0.7646,31.3,0.2,41.8,1.2,17.4,2.0,42.4,1.0,2.2,17.7,7.8,2.4,74.6,29.55,12.2,18.75,34.05,69.35,38.5,6.0,0,0,0
39077,Huron County,OH,0.301,0.3118,0.6809,0.328,0.1744,4.5,0.5,6.9,0.5,19.1,4.4,9.8,7.0,3.4,20.4,15.4,11.2,78.5,26.25,12.3,14.0,33.6,73.85,34.95,5.0,0,0,0
39079,Jackson County,OH,0.5663,0.6713,0.525,0.0337,0.6443,7.0,0.7,7.3,0.1,26.5,5.9,12.9,1.1,1.6,22.4,21.6,4.5,77.75,29.4,13.65,16.6,38.3,70.5,44.7,6.0,0,0,0
39081,Jefferson County,OH,0.433,0.3856,0.3853,0.3058,0.6141,8.6,5.3,4.9,0.2,26.6,5.5,7.4,1.7,5.7,21.2,17.3,10.5,78.8,28.6,13.55,14.95,35.0,72.35,42.8,4.0,0,0,0
39083,Knox County,OH,0.2822,0.322,0.3576,0.1094,0.4111,6.0,0.8,10.4,0.5,21.3,3.3,8.5,1.7,1.5,19.9,13.8,6.2,76.95,26.25,11.55,12.6,34.8,72.5,37.45,5.0,0,0,0
39085,Lake County,OH,0.1438,0.1432,0.335,0.4018,0.1483,4.4,4.5,5.2,1.3,13.4,4.4,6.4,4.8,10.9,21.2,13.5,13.9,79.85,25.25,11.55,11.149999999999999,33.05,77.55000000000001,36.849999999999994,2.0,0,0,0
39087,Lawrence County,OH,0.3672,0.4623,0.6503,0.0932,0.2447,5.5,1.5,4.9,0.1,27.9,3.8,10.6,1.0,2.1,24.2,23.2,5.9,79.0,28.1,13.649999999999999,16.5,36.65,69.7,41.400000000000006,3.0,0,0,0
39089,Licking County,OH,0.2256,0.1308,0.4906,0.3748,0.3443,5.2,4.0,5.3,0.7,17.0,3.3,6.8,2.2,4.1,20.9,15.2,12.8,78.2,26.25,11.9,11.95,34.5,76.1,37.4,2.0,0,0,0
39091,Logan County,OH,0.1578,0.1254,0.2676,0.1861,0.3773,5.4,1.6,5.1,0.1,20.7,3.5,7.0,2.0,2.9,18.0,13.5,7.6,78.19999999999999,26.049999999999997,12.55,13.4,34.65,73.55,39.099999999999994,5.0,0,0,0
39093,Lorain County,OH,0.4499,0.3589,0.595,0.5819,0.4209,5.7,7.2,5.6,1.1,20.1,4.4,8.8,10.6,8.3,24.3,14.1,23.4,78.85,25.799999999999997,12.85,14.149999999999999,35.6,73.95,36.75,2.0,0,0,0
39095,Lucas County,OH,0.678,0.6545,0.6252,0.7019,0.5794,8.6,18.7,5.9,0.6,26.4,6.8,9.1,7.7,12.1,26.3,15.3,32.9,80.0,26.549999999999997,13.1,17.35,33.45,74.0,36.150000000000006,3.0,0,0,0
39097,Madison County,OH,0.195,0.1963,0.2988,0.377,0.2319,3.0,5.1,6.8,0.9,15.3,3.4,11.2,2.6,3.0,18.7,15.0,12.9,78.0,24.95,11.600000000000001,13.100000000000001,33.95,70.8,37.05,2.0,0,0,0
39099,Mahoning County,OH,0.6179,0.559,0.7216,0.6128,0.5043,8.1,13.9,5.0,0.8,26.1,7.2,8.6,6.5,7.9,23.7,16.2,25.4,77.85,25.2,13.3,16.55,34.4,77.45,38.75,3.0,0,0,0
39101,Marion County,OH,0.6443,0.6007,0.6242,0.3802,0.7222,7.6,4.8,5.6,0.5,26.8,5.7,10.5,3.0,5.7,24.4,18.3,13.0,78.05,27.75,13.65,16.450000000000003,36.0,73.35,44.150000000000006,5.0,0,0,0
39103,Medina County,OH,0.0111,0.0207,0.0888,0.1861,0.0388,3.5,1.4,3.7,0.4,10.5,3.0,5.0,2.5,7.1,18.2,11.6,7.6,78.85,24.549999999999997,10.65,9.3,35.099999999999994,76.5,36.099999999999994,2.0,0,0,0
39105,Meigs County,OH,0.5848,0.7795,0.7149,0.015,0.3831,6.6,0.4,8.2,0.2,33.2,6.4,14.2,0.8,3.1,21.4,22.6,3.8,78.15,28.549999999999997,15.4,19.25,37.0,74.4,44.25,6.0,0,0,0
39107,Mercer County,OH,0.0223,0.0223,0.104,0.0627,0.1257,4.4,0.5,4.3,0.3,15.0,2.0,7.0,2.0,2.5,14.5,11.0,5.3,77.6,25.5,10.899999999999999,11.15,34.9,77.25,36.349999999999994,5.0,0,0,0
39109,Miami County,OH,0.0643,0.1034,0.2752,0.2444,0.0579,4.7,1.9,5.0,0.5,15.4,3.4,7.2,1.9,3.6,20.0,11.9,8.9,77.85,25.950000000000003,11.5,11.65,34.4,71.05,33.45,3.0,0,0,0
39111,Monroe County,OH,0.4263,0.483,0.4429,0.0299,0.5437,9.0,0.9,7.1,0.2,26.7,5.5,11.2,0.3,2.2,17.9,19.4,4.4,78.45,27.65,14.05,16.2,36.5,71.0,40.4,6.0,0,0,0
39113,Montgomery County,OH,0.6904,0.5803,0.6952,0.6752,0.686,9.0,20.4,6.9,1.1,23.5,5.9,8.3,3.4,9.4,26.1,15.1,30.7,79.94999999999999,26.299999999999997,13.5,15.45,31.3,76.7,37.2,3.0,0,0,0
39115,Morgan County,OH,0.5425,0.7101,0.483,0.2485,0.4372,5.7,3.2,7.2,0.2,30.6,4.9,13.5,1.0,0.8,24.0,21.2,9.0,79.1,27.4,14.15,16.1,36.85,72.6,41.05,6.0,0,0,0
39117,Morrow County,OH,0.1486,0.195,0.3366,0.0474,0.2011,4.5,0.7,10.0,0.4,16.7,2.6,10.3,1.7,1.1,16.1,16.4,4.9,78.6,26.049999999999997,12.4,13.05,35.0,73.15,39.7,2.0,0,0,0
39119,Muskingum County,OH,0.511,0.4989,0.4795,0.2587,0.636,6.9,3.2,6.1,0.3,24.2,4.6,9.6,1.3,4.2,25.3,16.1,9.2,80.4,28.4,13.2,14.65,37.349999999999994,74.75,43.9,5.0,0,0,0
39121,Noble County,OH,0.5902,0.5282,0.5307,0.119,0.8508,10.2,3.9,8.1,0.4,25.4,4.5,15.3,1.3,2.0,19.1,21.8,6.4,78.85,25.35,14.9,14.6,37.95,73.1,41.6,6.0,0,0,0
39123,Ottawa County,OH,0.105,0.0659,0.3306,0.2485,0.2027,3.9,0.9,4.5,0.3,14.0,3.4,6.9,5.3,4.2,18.7,15.6,9.0,78.7,24.75,11.7,10.35,37.7,76.15,37.95,4.0,0,0,0
39125,Paulding County,OH,0.1387,0.1658,0.7187,0.2399,0.0356,4.3,0.6,5.9,0.4,18.2,3.9,10.1,5.1,1.4,15.7,16.9,8.8,78.25,26.4,12.649999999999999,13.850000000000001,36.0,75.35,41.2,6.0,0,0,0
39127,Perry County,OH,0.3688,0.441,0.2803,0.0229,0.5889,7.3,0.3,7.5,0.1,23.5,4.9,12.0,1.0,3.8,18.4,18.1,4.2,77.9,27.6,12.95,15.15,35.900000000000006,72.45,38.35,2.0,0,0,0
39129,Pickaway County,OH,0.3592,0.3681,0.2488,0.2164,0.5867,6.0,3.6,5.5,0.3,19.6,4.1,12.3,1.6,1.6,22.7,15.6,8.1,77.8,27.15,11.85,13.899999999999999,34.25,70.1,39.7,2.0,0,0,0
39131,Pike County,OH,0.6701,0.7617,0.7229,0.0735,0.629,6.1,1.1,5.5,0.1,36.1,5.2,15.8,0.8,2.2,25.3,25.0,5.5,78.45,29.85,14.7,19.85,35.95,69.35,43.1,6.0,0,0,0
39133,Portage County,OH,0.3293,0.4006,0.029,0.3649,0.7337,7.1,4.6,5.5,0.4,19.5,5.6,7.1,2.1,9.9,25.6,12.9,12.4,78.35,24.85,11.15,12.3,33.6,72.80000000000001,33.45,3.0,0,0,0
39135,Preble County,OH,0.0328,0.1079,0.2313,0.0337,0.0153,4.1,0.7,5.4,0.1,16.6,3.4,8.0,1.1,1.4,18.1,15.0,4.5,77.95,26.75,11.95,12.5,34.45,74.15,39.55,6.0,0,0,0
39137,Putnam County,OH,0.0102,0.0025,0.1422,0.2364,0.0407,2.6,0.4,3.1,0.9,10.2,2.2,5.2,6.6,1.6,13.3,9.5,8.7,78.94999999999999,24.85,11.05,10.399999999999999,33.650000000000006,81.75,43.6,6.0,0,0,0
39139,Richland County,OH,0.5329,0.5208,0.3455,0.4407,0.679,7.6,7.7,6.7,0.3,23.5,4.8,10.4,2.1,5.5,24.2,16.0,15.5,77.4,26.75,13.3,15.95,34.9,70.55,39.1,4.0,0,0,0
39141,Ross County,OH,0.5931,0.6408,0.363,0.3322,0.7257,6.5,5.4,6.6,0.2,25.5,5.7,11.3,1.4,3.9,24.6,18.7,11.3,76.9,28.35,13.8,16.6,35.099999999999994,70.9,44.099999999999994,5.0,0,0,0
39143,Sandusky County,OH,0.2622,0.2466,0.4537,0.4779,0.2208,4.6,3.1,5.5,0.7,21.1,4.8,6.8,10.5,4.2,20.3,15.9,17.3,78.75,25.6,13.0,14.350000000000001,35.15,74.95,40.650000000000006,5.0,0,0,0
39145,Scioto County,OH,0.7474,0.8008,0.4575,0.1861,0.9049,7.2,2.7,6.0,0.1,35.4,7.5,12.4,1.6,4.5,25.0,23.2,7.6,79.9,29.85,14.100000000000001,18.75,35.85,69.55,44.7,5.0,0,0,0
39147,Seneca County,OH,0.2265,0.1607,0.2975,0.3322,0.4416,5.7,2.9,5.4,0.3,20.7,4.2,6.6,5.5,3.6,18.6,14.4,11.3,77.4,25.9,12.149999999999999,13.2,34.05,72.15,36.05,5.0,0,0,0
39149,Shelby County,OH,0.1467,0.1874,0.2778,0.2164,0.1855,4.0,2.0,4.4,0.4,18.4,4.9,8.8,1.6,4.0,18.3,13.5,8.1,77.5,26.15,12.100000000000001,13.45,34.3,74.30000000000001,39.55,5.0,0,0,0
39151,Stark County,OH,0.3147,0.2835,0.4088,0.4248,0.3742,6.8,7.4,5.9,0.4,21.5,4.3,7.3,2.3,6.1,22.0,14.0,14.8,77.75,25.75,12.399999999999999,13.6,35.5,71.85,40.45,3.0,0,0,0
39153,Summit County,OH,0.4407,0.3815,0.5237,0.6096,0.3843,7.8,13.9,5.7,1.5,20.2,5.3,7.5,2.4,10.9,24.1,13.4,25.1,80.15,26.3,12.55,14.05,34.5,71.65,37.55,3.0,0,0,0
39155,Trumbull County,OH,0.5533,0.56,0.6023,0.413,0.5183,8.0,7.8,7.0,0.4,27.2,4.8,10.4,2.0,6.0,22.9,17.2,14.3,78.95,26.4,13.8,16.700000000000003,35.650000000000006,77.0,39.75,3.0,0,0,0
39157,Tuscarawas County,OH,0.4216,0.5822,0.3723,0.1225,0.3898,7.1,0.6,8.6,0.7,21.9,5.5,11.2,3.4,3.0,22.6,15.1,6.5,78.30000000000001,25.549999999999997,12.3,14.75,33.25,74.1,43.4,5.0,0,0,0
39159,Union County,OH,0.0172,0.0089,0.0455,0.3723,0.1066,2.9,2.5,4.6,0.4,8.7,2.9,5.1,2.3,2.2,14.2,10.4,12.7,78.9,24.299999999999997,9.75,9.5,33.05,78.85,39.4,2.0,0,0,0
39161,Van Wert County,OH,0.0449,0.0608,0.4015,0.1753,0.0299,4.2,0.7,3.7,0.3,15.9,3.8,7.3,3.9,2.0,16.0,14.1,7.4,78.0,26.4,11.899999999999999,12.6,33.6,75.25,37.349999999999994,5.0,0,0,0
39163,Vinton County,OH,0.3595,0.4979,0.5291,0.0169,0.2765,4.5,0.1,7.7,0.2,30.4,3.6,19.7,0.2,1.1,15.2,23.2,3.9,77.69999999999999,28.75,13.850000000000001,17.45,36.45,67.75,40.0,6.0,0,0,0
39165,Warren County,OH,0.0461,0.0102,0.1339,0.4569,0.1689,2.6,3.4,3.7,0.8,9.0,3.0,5.2,3.1,6.2,16.3,10.7,16.2,78.80000000000001,23.0,10.2,9.15,32.95,79.1,32.35,2.0,0,0,0
39167,Washington County,OH,0.3274,0.454,0.2628,0.0881,0.4388,5.2,1.1,6.7,0.2,23.3,5.2,8.2,1.1,3.7,22.8,16.5,5.8,79.4,26.65,12.3,13.1,34.349999999999994,73.5,43.8,5.0,0,0,0
39169,Wayne County,OH,0.4123,0.392,0.244,0.1457,0.7413,10.0,1.3,14.1,1.0,17.1,3.3,13.5,2.1,3.1,18.5,12.5,6.9,77.44999999999999,25.95,11.850000000000001,13.4,34.35,72.7,37.75,5.0,0,0,0
39171,Williams County,OH,0.1785,0.1903,0.4585,0.2323,0.1635,4.5,1.2,5.4,0.5,20.0,3.5,8.9,5.0,2.2,19.6,17.5,8.6,77.6,26.450000000000003,13.0,14.350000000000001,35.3,76.15,40.650000000000006,6.0,0,0,0
39173,Wood County,OH,0.1562,0.2164,0.022,0.3818,0.4741,4.3,1.9,4.4,0.5,19.4,4.9,5.2,6.0,11.2,22.6,11.9,13.1,78.9,27.700000000000003,10.45,11.45,32.400000000000006,76.5,38.15,3.0,0,0,0
39175,Wyandot County,OH,0.0487,0.021,0.4263,0.0821,0.1177,4.6,0.2,3.6,0.4,15.1,2.8,6.0,3.2,3.6,15.7,13.8,5.7,78.25,25.35,11.6,11.5,33.8,76.69999999999999,35.55,6.0,0,0,0
40001,Adair County,OK,0.9472,0.9348,0.9039,0.9284,0.7967,10.1,0.3,23.2,0.7,36.6,6.4,18.2,7.6,1.0,20.7,21.1,61.7,76.94999999999999,26.65,16.35,30.9,37.3,60.75,46.150000000000006,6.0,0,1,0
40003,Alfalfa County,OK,0.3048,0.2953,0.377,0.5119,0.3051,1.9,3.5,10.4,0.7,17.7,4.0,12.6,6.6,0.4,11.4,17.1,19.0,76.5,23.25,12.3,16.049999999999997,36.95,69.95,40.1,6.0,0,1,0
40005,Atoka County,OK,0.8556,0.8199,0.7076,0.6949,0.8718,7.0,3.2,19.4,1.1,29.4,5.6,17.3,4.2,0.2,19.0,23.4,32.2,75.6,25.200000000000003,13.649999999999999,22.5,36.65,65.5,40.349999999999994,6.0,0,1,0
40007,Beaver County,OK,0.4034,0.3309,0.9332,0.6936,0.0595,2.5,0.4,16.1,4.0,18.7,1.9,14.5,26.4,0.0,12.0,15.9,32.1,77.6,23.45,12.600000000000001,18.55,37.65,70.4,38.7,6.0,0,1,0
40009,Beckham County,OK,0.8403,0.8473,0.3045,0.6287,0.9698,5.6,5.5,13.7,0.3,30.3,6.2,15.2,16.0,6.3,21.0,13.8,26.8,75.75,24.4,12.850000000000001,22.45,36.05,65.1,40.05,5.0,0,1,0
40011,Blaine County,OK,0.7553,0.7009,0.9621,0.6701,0.3656,2.2,4.4,12.7,3.0,24.2,6.8,17.4,13.6,1.1,14.8,17.2,30.3,78.1,25.25,12.850000000000001,18.6,37.849999999999994,68.75,38.349999999999994,6.0,0,1,0
40013,Bryan County,OK,0.8416,0.8209,0.7506,0.6764,0.7747,5.2,1.9,19.4,0.7,29.7,4.8,12.8,6.9,3.5,23.1,19.7,30.8,77.85,27.3,12.7,20.700000000000003,37.7,65.5,40.2,5.0,0,1,0
40015,Caddo County,OK,0.8705,0.7601,0.8801,0.8304,0.8171,8.1,3.2,18.5,3.1,31.0,6.0,13.4,15.0,0.8,16.3,19.6,44.9,76.19999999999999,24.299999999999997,14.4,24.95,35.0,64.80000000000001,40.25,6.0,0,1,0
40017,Canadian County,OK,0.3433,0.245,0.5253,0.6316,0.3248,3.3,3.5,9.5,1.4,13.7,4.1,8.0,10.5,4.5,20.1,13.2,27.0,78.0,24.85,10.15,13.7,35.2,69.4,38.8,2.0,0,1,0
40019,Carter County,OK,0.7751,0.6532,0.9707,0.6971,0.4652,5.1,6.1,15.6,1.3,26.0,4.2,12.6,8.5,2.2,20.5,21.6,32.4,77.85,25.85,12.8,19.85,36.650000000000006,67.2,39.7,5.0,0,1,0
40021,Cherokee County,OK,0.9236,0.847,0.7241,0.8899,0.9669,6.5,1.2,19.9,1.0,31.4,5.6,11.6,7.9,4.6,22.4,20.8,54.5,78.19999999999999,25.6,13.7,22.65,35.150000000000006,64.05,43.65,5.0,0,1,0
40023,Choctaw County,OK,0.9485,0.9367,0.9567,0.797,0.7588,8.3,9.5,16.7,0.3,34.3,6.9,15.6,5.3,4.2,22.7,26.0,41.5,78.2,26.05,15.5,25.35,37.400000000000006,64.94999999999999,45.45,6.0,0,1,0
40025,Cimarron County,OK,0.3134,0.2587,0.9647,0.6656,0.015,3.2,0.1,18.6,2.2,16.4,0.2,12.5,23.9,0.3,7.8,26.2,30.1,78.25,22.55,11.899999999999999,15.0,37.8,74.5,38.0,6.0,0,1,0
40027,Cleveland County,OK,0.5527,0.4954,0.3404,0.6752,0.6694,4.1,4.6,10.0,1.3,20.7,4.7,7.8,9.6,9.9,24.5,14.6,30.7,77.25,25.5,10.8,15.399999999999999,35.95,69.5,36.95,2.0,0,1,0
40029,Coal County,OK,0.8358,0.8314,0.9373,0.7226,0.4753,6.4,0.2,23.4,0.7,37.8,5.6,16.3,5.2,0.6,17.0,24.7,34.9,77.5,28.25,15.55,26.15,38.599999999999994,65.35,42.75,6.0,0,1,0
40031,Comanche County,OK,0.9211,0.8129,0.8899,0.8346,0.9345,8.3,14.4,12.9,1.0,26.8,6.6,9.7,14.2,7.4,25.1,20.9,45.3,78.0,25.05,12.75,21.299999999999997,34.6,72.35,43.35,4.0,0,1,0
40033,Cotton County,OK,0.3859,0.4976,0.3274,0.6233,0.21,7.1,1.8,10.6,0.1,29.4,2.2,16.0,9.2,0.3,17.7,24.3,26.4,77.6,26.35,13.75,20.200000000000003,38.15,67.5,43.0,4.0,0,1,0
40035,Craig County,OK,0.9316,0.8333,0.936,0.7798,0.91,5.2,3.4,17.0,1.1,34.0,4.6,15.0,4.8,4.5,22.0,21.9,39.6,77.45,26.55,14.55,24.35,38.099999999999994,65.9,41.849999999999994,6.0,0,1,0
40037,Creek County,OK,0.5205,0.4076,0.5358,0.6185,0.5714,4.6,2.0,11.8,0.6,22.5,3.7,9.7,4.9,2.7,19.3,15.1,25.8,78.05000000000001,25.45,12.3,17.65,37.75,71.05000000000001,39.75,2.0,0,1,0
40039,Custer County,OK,0.7607,0.6332,0.756,0.7089,0.7528,4.0,3.2,10.4,2.9,29.1,2.9,11.9,19.2,7.2,24.9,12.5,33.5,75.9,25.95,11.8,19.049999999999997,33.25,68.0,42.05,5.0,0,1,0
40041,Delaware County,OK,0.7878,0.8326,0.7222,0.7474,0.5326,4.3,0.4,16.5,0.5,30.9,5.2,14.1,4.2,1.6,22.1,21.9,37.1,78.19999999999999,26.45,14.6,22.3,40.55,64.35,37.9,6.0,0,1,0
40043,Dewey County,OK,0.3347,0.4318,0.3649,0.5326,0.1982,2.5,0.0,15.4,0.0,25.1,5.2,6.9,7.8,0.0,13.5,18.8,20.2,77.4,25.450000000000003,12.25,17.15,37.2,69.30000000000001,38.3,6.0,0,1,0
40045,Ellis County,OK,0.5323,0.671,0.8218,0.4273,0.1413,5.2,0.2,14.5,1.3,22.9,8.8,13.5,8.0,0.8,13.7,20.8,14.9,77.75,25.2,12.35,15.899999999999999,38.45,67.85,39.85,6.0,0,1,0
40047,Garfield County,OK,0.7706,0.6783,0.9303,0.6402,0.5517,4.1,2.0,14.6,1.7,23.4,4.6,13.2,13.8,5.0,21.7,17.8,27.9,77.4,23.2,11.95,18.15,37.900000000000006,67.8,41.900000000000006,4.0,0,1,0
40049,Garvin County,OK,0.546,0.5336,0.8689,0.6328,0.1931,4.0,1.9,16.7,0.9,27.5,2.8,12.7,10.1,1.6,18.1,16.4,27.1,77.30000000000001,26.4,13.0,20.25,36.35,69.25,38.55,6.0,0,1,0
40051,Grady County,OK,0.434,0.3637,0.4368,0.5326,0.4983,4.0,2.2,12.6,0.6,18.0,5.0,9.4,6.4,3.0,16.0,17.9,20.2,77.05,24.299999999999997,11.15,15.600000000000001,36.05,68.0,38.349999999999994,2.0,0,1,0
40053,Grant County,OK,0.2208,0.2714,0.4413,0.4273,0.1225,3.0,2.2,10.7,0.1,25.1,3.4,8.0,5.8,0.6,10.5,17.9,14.9,78.1,25.15,11.95,15.65,37.35,68.45,36.4,6.0,0,1,0
40055,Greer County,OK,0.727,0.7353,0.5177,0.6287,0.7162,8.1,5.2,13.2,0.3,24.9,5.8,18.4,12.7,0.7,18.3,21.6,26.8,76.05,24.15,12.3,18.6,36.099999999999994,66.6,42.150000000000006,6.0,0,1,0
40057,Harmon County,OK,0.7572,0.8807,0.7779,0.8508,0.2428,5.2,10.0,18.5,1.9,32.8,7.4,20.0,31.8,1.9,16.4,18.5,46.7,78.15,23.799999999999997,15.4,24.95,38.35,66.8,42.55,6.0,0,1,0
40059,Harper County,OK,0.4028,0.3089,0.8489,0.6487,0.146,1.7,0.0,11.5,5.1,25.2,2.6,9.8,24.2,0.0,13.7,18.1,28.6,77.4,23.9,12.6,18.1,37.650000000000006,65.75,39.349999999999994,6.0,0,1,0
40061,Haskell County,OK,0.8387,0.916,0.9166,0.686,0.3866,5.4,0.5,18.2,0.6,33.3,7.7,15.5,5.1,0.7,20.4,23.4,31.5,77.75,26.1,13.9,22.0,37.849999999999994,63.75,42.25,6.0,0,1,0
40063,Hughes County,OK,0.7945,0.7999,0.727,0.776,0.6096,4.7,4.0,19.0,0.7,33.4,6.3,15.8,6.2,0.8,13.7,20.3,39.5,76.6,25.55,14.25,24.65,36.95,59.4,42.05,6.0,0,1,0
40065,Jackson County,OK,0.6981,0.6831,0.7646,0.7706,0.4451,6.4,5.8,13.4,1.5,24.5,4.2,14.1,25.4,6.1,22.3,15.5,39.1,76.95,24.8,12.7,20.2,35.95,70.05000000000001,40.75,5.0,0,1,0
40067,Jefferson County,OK,0.8056,0.7232,0.992,0.5978,0.398,8.4,1.9,14.8,0.5,35.2,4.3,15.2,11.5,0.3,18.3,26.3,24.4,77.4,26.2,14.55,22.7,38.8,66.15,41.2,6.0,0,1,0
40069,Johnston County,OK,0.875,0.7611,0.9154,0.7016,0.8556,6.8,2.2,16.2,0.3,36.2,5.5,11.9,6.1,0.4,18.2,25.3,32.8,77.15,27.4,14.25,23.15,36.900000000000006,67.15,39.8,6.0,0,1,0
40071,Kay County,OK,0.8549,0.8053,0.957,0.6449,0.6341,6.5,1.8,13.0,0.6,30.1,6.2,10.6,8.8,4.2,22.7,19.0,28.2,76.65,27.05,13.0,19.5,37.05,65.55000000000001,42.85,5.0,0,1,0
40073,Kingfisher County,OK,0.398,0.3153,0.7117,0.6166,0.2297,3.2,0.7,15.0,3.4,18.8,2.5,9.0,16.9,1.3,19.2,12.7,25.6,76.45,23.950000000000003,11.100000000000001,16.1,36.7,66.1,37.150000000000006,6.0,0,1,0
40075,Kiowa County,OK,0.741,0.7763,0.9475,0.6373,0.2577,2.8,3.6,13.0,0.5,36.2,4.4,14.4,12.1,2.3,21.1,22.0,27.6,77.85,26.15,14.850000000000001,22.7,38.15,62.95,42.75,6.0,0,1,0
40077,Latimer County,OK,0.8396,0.8816,0.6672,0.7655,0.7038,3.9,1.2,20.1,0.2,32.2,7.8,14.5,4.9,1.8,18.9,21.9,38.7,76.85,27.0,15.4,25.9,38.55,65.7,42.7,6.0,0,1,0
40079,Le Flore County,OK,0.924,0.8899,0.972,0.6742,0.7566,5.9,1.9,19.0,1.6,33.8,5.2,15.1,7.6,1.8,22.5,21.2,30.6,77.5,26.299999999999997,14.05,23.1,37.9,66.15,40.349999999999994,6.0,0,1,0
40081,Lincoln County,OK,0.4101,0.4362,0.651,0.5183,0.196,2.9,1.8,12.9,0.2,24.4,3.0,10.9,3.7,0.4,18.6,20.2,19.3,77.30000000000001,26.15,12.75,18.7,37.45,66.30000000000001,44.0,2.0,0,1,0
40083,Logan County,OK,0.3003,0.2418,0.2374,0.5829,0.4699,3.2,7.2,12.5,0.6,19.5,2.9,8.2,7.3,1.0,16.6,15.6,23.5,77.95,24.9,11.15,15.2,36.55,69.55,40.2,2.0,0,1,0
40085,Love County,OK,0.7961,0.7019,0.9367,0.686,0.5752,3.6,2.0,15.2,2.1,25.4,5.4,16.1,17.3,3.9,17.3,22.2,31.5,77.15,25.3,13.3,20.5,36.849999999999994,70.7,38.8,6.0,0,1,0
40087,McClain County,OK,0.2991,0.3061,0.5479,0.574,0.1619,1.3,1.0,10.6,1.3,15.5,4.1,11.1,8.8,2.3,18.0,14.3,22.9,76.9,25.5,10.55,14.45,36.3,72.05,38.3,2.0,0,1,0
40089,McCurtain County,OK,0.8976,0.7906,0.9819,0.7859,0.6971,7.8,7.7,20.4,1.2,34.1,4.9,15.0,6.6,1.7,18.5,21.7,40.2,77.55,25.95,14.4,24.45,36.900000000000006,66.9,42.650000000000006,6.0,0,1,0
40091,McIntosh County,OK,0.7528,0.7986,0.6694,0.706,0.5418,5.2,2.5,23.9,0.2,34.9,4.0,13.6,3.2,0.2,21.6,23.5,33.2,78.75,27.200000000000003,15.45,23.85,39.3,63.45,44.849999999999994,6.0,0,1,0
40093,Major County,OK,0.3579,0.1893,0.8654,0.4741,0.2491,3.5,0.0,10.9,1.3,19.7,1.8,9.3,10.3,1.4,13.4,17.4,17.1,76.75,25.0,11.9,15.950000000000001,37.15,69.35,42.05,6.0,0,1,0
40095,Marshall County,OK,0.8769,0.868,0.9946,0.7442,0.3843,4.1,1.0,19.0,3.8,30.7,5.8,18.1,18.7,0.5,19.8,23.0,36.7,77.8,25.4,13.95,21.6,38.0,65.6,39.55,6.0,0,1,0
40097,Mayes County,OK,0.7499,0.7394,0.8269,0.7474,0.4788,4.4,0.4,16.0,0.3,28.0,5.9,10.8,4.0,2.1,19.9,23.9,37.1,77.65,25.6,13.35,21.25,38.15,68.15,41.7,6.0,0,1,0
40099,Murray County,OK,0.5775,0.4397,0.6879,0.6656,0.581,3.4,1.2,12.7,0.2,22.9,2.1,13.2,7.4,1.4,19.3,23.3,30.1,78.15,25.3,12.8,18.7,36.6,67.30000000000001,41.5,6.0,0,1,0
40101,Muskogee County,OK,0.9774,0.8886,0.9427,0.8403,0.9882,7.8,9.9,15.5,0.7,31.1,5.7,13.1,7.1,6.9,24.2,22.1,45.8,78.15,26.450000000000003,14.3,24.0,36.3,66.55,41.6,5.0,0,1,0
40103,Noble County,OK,0.4458,0.2431,0.8743,0.5326,0.3538,1.6,1.1,8.3,0.8,21.0,4.0,9.7,4.4,1.0,12.5,18.3,20.2,78.5,26.1,11.9,15.9,37.4,68.9,41.7,6.0,0,1,0
40105,Nowata County,OK,0.6529,0.6004,0.6895,0.7276,0.518,5.6,1.5,16.6,0.2,27.6,4.3,10.0,3.9,0.5,19.6,18.6,35.3,78.19999999999999,26.35,13.75,20.75,37.0,64.35,40.4,6.0,0,1,0
40107,Okfuskee County,OK,0.8715,0.8037,0.783,0.7843,0.8632,6.9,6.4,16.0,0.3,39.9,3.5,16.6,4.6,0.3,21.8,21.4,40.1,76.85,26.15,16.0,28.05,37.9,64.5,45.7,6.0,0,1,0
40109,Oklahoma County,OK,0.8431,0.7801,0.8454,0.8403,0.7012,6.2,14.4,14.0,3.6,25.3,4.6,11.5,18.3,12.1,27.5,14.0,45.8,77.85,25.05,12.3,18.799999999999997,34.95,74.4,37.8,1.0,0,1,0
40111,Okmulgee County,OK,0.922,0.8928,0.8495,0.7646,0.9033,6.5,7.4,15.3,0.3,31.5,7.2,12.8,4.7,2.6,22.3,22.4,38.6,77.6,26.2,14.3,22.35,37.35,64.45,45.15,2.0,0,1,0
40113,Osage County,OK,0.6207,0.5997,0.4477,0.7537,0.5896,4.1,10.6,12.5,0.3,22.8,5.6,10.5,4.2,1.7,20.0,19.7,37.5,78.9,24.7,12.9,18.85,36.05,66.6,46.4,2.0,0,1,0
40115,Ottawa County,OK,0.9252,0.8015,0.9717,0.7458,0.8756,5.6,1.1,17.2,1.1,33.7,3.8,13.3,6.1,4.6,23.5,20.8,36.9,77.15,27.45,14.2,23.35,36.95,67.6,42.0,5.0,0,1,0
40117,Pawnee County,OK,0.4979,0.4636,0.5227,0.6083,0.4464,3.3,0.5,14.2,0.3,23.8,3.5,12.3,3.8,1.2,16.6,17.1,25.0,77.6,26.7,12.9,19.200000000000003,37.0,68.8,39.650000000000006,2.0,0,1,0
40119,Payne County,OK,0.6408,0.7693,0.0445,0.5969,0.8842,5.6,3.8,11.9,0.7,33.4,4.8,6.9,5.0,15.1,36.4,13.0,24.3,76.15,25.65,10.75,17.75,32.85,66.4,35.95,5.0,0,1,0
40121,Pittsburg County,OK,0.868,0.8702,0.8104,0.6949,0.7572,7.1,2.3,16.1,0.6,29.5,6.3,13.3,5.8,2.2,22.4,23.1,32.2,77.85,25.55,13.05,20.6,37.099999999999994,68.6,40.2,5.0,0,1,0
40123,Pontotoc County,OK,0.6561,0.5498,0.6316,0.7391,0.6472,6.4,2.3,17.7,0.4,23.5,4.3,10.5,6.0,3.3,19.3,15.8,36.3,77.85,25.65,11.600000000000001,17.35,35.75,66.2,40.099999999999994,5.0,0,1,0
40125,Pottawatomie County,OK,0.7496,0.7267,0.6691,0.6561,0.6965,4.8,3.2,13.3,0.5,25.7,5.8,11.4,5.8,2.7,21.2,18.9,29.3,78.8,26.2,12.25,19.049999999999997,37.15,66.15,41.3,5.0,0,1,0
40127,Pushmataha County,OK,0.8896,0.978,0.8326,0.6764,0.5453,8.8,1.2,21.7,0.2,38.2,9.0,15.9,4.3,1.3,23.5,30.1,30.8,77.7,27.95,15.7,25.1,39.099999999999994,67.44999999999999,39.1,6.0,0,1,0
40129,Roger Mills County,OK,0.2835,0.4664,0.7671,0.5065,0.0102,0.9,0.1,12.8,0.9,28.2,4.7,7.5,8.0,0.0,16.9,18.8,18.7,78.45,25.450000000000003,12.95,17.25,38.1,68.4,40.45,6.0,0,1,0
40131,Rogers County,OK,0.3878,0.3255,0.4712,0.6634,0.3331,2.7,0.9,11.8,0.7,16.1,4.7,7.8,5.3,3.0,19.3,16.6,29.9,77.0,25.0,11.5,14.95,35.55,70.05,40.0,2.0,0,1,0
40133,Seminole County,OK,0.9523,0.9542,0.9179,0.7502,0.8244,7.0,4.1,20.5,0.4,37.7,7.2,14.7,5.7,1.8,23.1,23.8,37.3,78.05,28.15,14.9,26.049999999999997,38.75,64.7,45.2,6.0,0,1,0
40135,Sequoyah County,OK,0.8183,0.8912,0.8247,0.7693,0.4426,4.7,1.7,18.8,0.4,34.5,5.2,16.5,4.9,1.2,21.8,23.6,39.0,78.0,27.4,15.15,25.299999999999997,37.7,65.3,47.1,4.0,0,1,0
40137,Stephens County,OK,0.6892,0.7114,0.8871,0.5476,0.349,6.7,1.5,14.2,0.8,27.0,4.9,11.3,8.4,3.0,21.5,21.6,21.4,78.15,26.1,12.8,19.200000000000003,37.05,66.95,39.150000000000006,5.0,0,1,0
40139,Texas County,OK,0.9084,0.8562,0.8476,0.9112,0.8368,3.7,6.1,18.3,9.0,32.3,2.7,24.6,47.8,6.0,24.9,12.0,58.4,74.85,22.2,13.45,25.549999999999997,36.05,67.45,44.3,5.0,0,1,0
40141,Tillman County,OK,0.9125,0.8597,0.9994,0.805,0.4639,7.9,6.5,13.3,3.4,29.8,5.9,20.5,28.6,0.2,20.5,24.8,42.5,77.55000000000001,24.049999999999997,14.55,22.4,38.05,67.8,44.1,6.0,0,1,0
40143,Tulsa County,OK,0.7846,0.7547,0.7871,0.7859,0.6039,6.2,9.7,13.9,3.1,23.7,5.3,10.1,13.7,15.5,25.9,13.6,40.2,76.19999999999999,27.35,11.25,18.2,33.5,72.95,35.8,1.0,0,1,0
40145,Wagoner County,OK,0.4489,0.3338,0.7875,0.6806,0.2463,2.6,3.4,11.6,1.2,15.9,4.9,8.4,7.3,3.1,18.6,18.3,31.2,77.19999999999999,24.85,11.100000000000001,15.100000000000001,34.9,70.0,35.95,2.0,0,1,0
40147,Washington County,OK,0.5867,0.5342,0.9058,0.6487,0.2402,4.7,2.6,12.3,1.1,26.0,3.8,8.5,6.6,4.6,22.3,17.5,28.6,77.65,27.1,12.1,17.25,36.05,66.94999999999999,42.55,5.0,0,1,0
40149,Washita County,OK,0.5947,0.602,0.8571,0.504,0.2902,3.5,1.4,13.7,0.4,22.9,5.8,10.9,10.5,2.0,18.7,20.5,18.6,77.35,25.6,12.100000000000001,17.15,37.35,67.2,39.5,5.0,0,1,0
40151,Woods County,OK,0.5584,0.6048,0.1674,0.4839,0.7649,9.7,3.0,9.7,1.1,27.0,5.0,10.1,7.5,6.6,21.7,15.9,17.5,76.9,26.3,10.899999999999999,15.75,36.1,70.35,37.8,6.0,0,1,0
40153,Woodward County,OK,0.7611,0.6647,0.8845,0.5644,0.6484,3.8,1.6,16.1,2.2,26.5,5.3,12.8,13.9,4.9,17.4,18.0,22.3,76.2,24.4,11.399999999999999,17.450000000000003,35.55,64.44999999999999,41.55,5.0,0,1,0
41001,Baker County,OR,0.4811,0.5078,0.4508,0.3166,0.5234,4.8,1.2,6.2,0.2,24.2,5.5,8.6,4.9,4.2,23.9,22.6,10.9,73.45,26.85,11.7,15.25,33.7,73.69999999999999,37.75,5.0,0,0,1
41003,Benton County,OR,0.5005,0.5399,0.0277,0.5488,0.8918,7.7,1.1,5.3,1.6,25.6,6.8,4.0,8.1,14.1,32.0,11.9,21.5,71.45,26.75,9.3,15.25,30.450000000000003,78.0,27.1,4.0,0,0,1
41005,Clackamas County,OR,0.3023,0.2377,0.3172,0.5437,0.4273,4.9,0.8,5.3,1.6,12.7,5.0,5.6,9.3,12.0,25.5,12.6,21.0,72.35,28.1,9.55,15.25,30.5,78.1,33.85,2.0,0,0,1
41007,Clatsop County,OR,0.5813,0.4903,0.5434,0.4913,0.7149,8.6,0.9,8.4,1.3,18.8,4.8,7.8,9.1,7.6,28.4,19.5,17.8,73.15,27.35,11.05,15.25,33.05,74.05000000000001,34.8,5.0,0,0,1
41009,Columbia County,OR,0.2453,0.2943,0.1823,0.4117,0.3096,4.4,0.4,5.1,0.2,16.2,4.5,9.4,6.0,2.9,23.8,16.6,14.2,70.5,27.950000000000003,10.85,15.25,31.35,75.94999999999999,33.3,2.0,0,0,1
41011,Coos County,OR,0.7661,0.6796,0.6942,0.4636,0.8616,6.5,0.4,6.4,1.1,26.3,5.8,10.0,7.1,5.9,28.6,22.9,16.6,73.5,27.6,12.2,15.25,33.6,74.7,34.150000000000006,5.0,0,0,1
41013,Crook County,OR,0.356,0.3293,0.6551,0.3847,0.2529,3.7,0.3,7.5,0.5,15.2,4.1,9.7,8.0,2.8,23.2,18.3,13.3,72.45,27.65,10.85,15.25,32.45,77.69999999999999,36.05,3.0,0,0,1
41015,Curry County,OR,0.6067,0.5387,0.6516,0.4518,0.6519,4.4,0.4,5.3,1.0,21.0,7.2,8.9,7.8,4.6,25.9,21.6,15.9,73.25,27.05,12.8,15.25,34.8,76.95,38.5,5.0,0,0,1
41017,Deschutes County,OR,0.2634,0.3662,0.1562,0.4222,0.287,4.2,0.4,7.1,0.8,16.4,5.2,5.7,8.5,5.9,27.2,12.0,14.7,73.6,25.35,9.2,15.25,31.75,79.15,27.0,3.0,0,0,1
41019,Douglas County,OR,0.6487,0.5969,0.7089,0.4165,0.6586,5.1,0.3,5.8,0.5,24.5,6.1,8.7,6.3,3.3,27.5,20.8,14.5,73.5,28.299999999999997,12.4,15.25,34.95,75.9,37.7,5.0,0,0,1
41021,Gilliam County,OR,0.5282,0.6357,0.2867,0.4569,0.5301,7.2,0.0,5.9,0.4,23.2,6.3,10.2,8.4,3.1,28.1,16.6,16.2,72.8,27.7,12.5,15.25,34.4,76.30000000000001,35.599999999999994,6.0,0,0,1
41023,Grant County,OR,0.5784,0.7343,0.5326,0.342,0.4222,3.5,0.1,8.7,0.8,24.2,7.5,10.9,4.3,1.6,24.1,22.9,11.6,72.5,27.299999999999997,12.3,15.25,34.25,74.55,33.75,6.0,0,0,1
41025,Harney County,OR,0.8034,0.5737,0.7232,0.4273,0.9892,6.4,0.3,7.9,0.5,28.3,5.4,8.8,5.5,7.3,22.0,21.9,14.9,71.75,28.35,13.0,15.25,34.2,73.19999999999999,38.9,6.0,0,0,1
41027,Hood River County,OR,0.7111,0.44,0.6045,0.7537,0.9306,5.4,0.9,9.2,8.1,14.9,3.3,15.9,30.8,6.8,22.9,12.1,37.5,71.0,24.35,10.350000000000001,15.25,31.35,79.44999999999999,31.4,5.0,0,0,1
41029,Jackson County,OR,0.7025,0.5937,0.6067,0.552,0.8139,5.4,0.6,6.3,1.4,23.1,5.5,9.0,14.0,7.6,30.2,16.0,21.7,73.65,27.1,11.35,15.25,31.7,75.75,32.9,4.0,0,0,1
41031,Jefferson County,OR,0.9278,0.7827,0.9774,0.8043,0.8727,4.9,0.7,9.5,1.6,23.0,7.0,12.1,20.8,2.3,26.2,20.1,42.4,71.15,25.95,12.2,15.25,31.95,75.85,35.5,3.0,0,0,1
41033,Josephine County,OR,0.7817,0.8151,0.805,0.4378,0.6376,4.7,0.5,7.7,0.7,29.6,8.1,9.0,8.1,2.9,32.9,21.1,15.4,72.45,28.15,12.8,15.25,34.4,73.35,33.9,4.0,0,0,1
41035,Klamath County,OR,0.8438,0.8276,0.9125,0.6045,0.6417,5.1,0.6,8.5,1.4,27.8,7.6,10.7,14.2,5.2,29.0,19.6,24.8,71.75,28.05,12.649999999999999,15.25,33.3,75.15,38.0,5.0,0,0,1
41037,Lake County,OR,0.8517,0.7824,0.6729,0.4913,0.9688,7.7,0.3,7.0,2.6,29.0,7.7,13.0,9.4,1.8,23.7,18.9,17.8,72.25,27.15,12.85,15.25,33.6,69.1,37.6,6.0,0,0,1
41039,Lane County,OR,0.7375,0.6522,0.4903,0.5294,0.9157,7.4,1.0,6.6,1.0,25.3,6.7,7.2,9.6,11.7,32.5,17.2,20.0,71.05000000000001,27.85,10.05,15.25,32.95,75.7,34.75,3.0,0,0,1
41041,Lincoln County,OR,0.7165,0.7127,0.8517,0.5294,0.4814,4.8,0.3,8.9,1.8,24.0,7.7,7.2,9.8,4.5,28.7,22.4,20.0,73.69999999999999,27.85,12.5,15.25,34.5,75.8,35.7,5.0,0,0,1
41043,Linn County,OR,0.6586,0.6347,0.6195,0.4779,0.6758,4.4,0.4,7.4,1.3,21.3,6.2,9.2,9.9,6.8,29.3,18.2,17.3,72.1,31.05,11.05,15.25,30.5,74.15,40.1,4.0,0,0,1
41045,Malheur County,OR,0.9908,0.937,0.951,0.7878,0.9949,5.8,0.8,10.3,5.3,35.1,6.2,18.6,35.0,6.1,26.2,16.2,40.3,69.75,25.05,13.2,15.25,32.5,71.15,41.400000000000006,5.0,0,0,1
41047,Marion County,OR,0.902,0.7773,0.8641,0.7502,0.95,6.2,1.1,8.7,5.3,22.9,5.4,14.3,27.8,11.5,30.9,15.5,37.3,71.65,27.45,11.9,15.25,32.4,74.15,43.5,3.0,0,0,1
41049,Morrow County,OR,0.7735,0.609,0.937,0.8101,0.5612,1.5,0.7,8.2,10.5,30.6,3.2,23.2,38.3,4.0,20.2,16.7,43.1,70.05,26.2,13.6,15.25,31.849999999999998,70.8,39.3,5.0,0,0,1
41051,Multnomah County,OR,0.5927,0.5037,0.105,0.6993,0.9345,12.5,5.3,6.3,3.9,19.7,5.5,7.7,12.3,25.9,31.3,13.2,32.6,70.5,29.9,9.3,15.25,31.75,78.30000000000001,28.7,1.0,0,0,1
41053,Polk County,OR,0.6395,0.4626,0.7792,0.5978,0.6828,5.1,0.6,5.2,1.7,19.9,5.3,8.2,15.1,8.8,29.6,15.9,24.4,70.35,27.4,10.25,15.25,31.6,76.0,32.95,3.0,0,0,1
41055,Sherman County,OR,0.3376,0.3204,0.4773,0.377,0.3503,7.4,0.4,3.6,0.6,24.9,2.2,11.8,5.1,2.3,23.6,23.8,12.9,72.6,27.65,12.3,15.25,34.15,75.7,36.650000000000006,6.0,0,0,1
41057,Tillamook County,OR,0.6507,0.4795,0.8256,0.4839,0.6955,4.9,0.5,4.7,1.8,20.9,5.2,9.3,10.8,2.4,30.1,21.4,17.5,73.0,26.5,11.6,15.25,33.05,77.5,32.1,6.0,0,0,1
41059,Umatilla County,OR,0.9259,0.6697,0.9625,0.7448,0.9854,5.5,0.8,6.3,4.0,22.2,6.7,15.5,28.0,8.1,23.3,17.5,36.8,71.4,23.65,11.95,15.25,30.65,76.95,37.8,5.0,0,0,1
41061,Union County,OR,0.7187,0.581,0.5285,0.3675,0.9542,7.4,0.9,7.3,0.4,25.5,6.3,7.2,5.2,7.0,24.6,17.1,12.5,71.95,28.0,11.149999999999999,15.25,32.0,74.5,36.3,5.0,0,0,1
41063,Wallowa County,OR,0.4461,0.2354,0.6822,0.2879,0.6888,5.0,1.0,8.1,0.7,16.5,6.0,6.7,3.8,3.7,16.1,16.7,10.0,74.05,27.0,10.649999999999999,15.25,33.8,76.19999999999999,34.150000000000006,6.0,0,0,1
41065,Wasco County,OR,0.8937,0.7623,0.769,0.6402,0.9873,6.6,0.3,8.7,3.3,24.3,7.1,13.6,19.9,5.6,23.5,18.5,27.9,71.25,27.0,12.100000000000001,15.25,32.85,76.0,37.95,5.0,0,0,1
41067,Washington County,OR,0.3703,0.2724,0.1779,0.7502,0.5676,5.6,2.2,5.5,3.6,13.5,4.6,7.1,17.4,17.0,26.4,10.6,37.3,69.85,25.0,9.55,15.25,32.15,82.2,32.2,2.0,0,0,1
41069,Wheeler County,OR,0.2479,0.4267,0.2771,0.3977,0.1171,3.2,0.0,3.5,0.1,25.1,5.4,8.4,6.1,1.4,23.9,24.3,13.8,74.2,27.200000000000003,13.55,15.25,35.35,77.8,36.349999999999994,6.0,0,0,1
41071,Yamhill County,OR,0.7232,0.4534,0.6863,0.6102,0.9424,5.5,0.6,6.4,3.1,18.5,4.1,10.1,16.6,7.6,30.1,16.4,25.2,71.4,25.200000000000003,10.45,15.25,30.549999999999997,73.69999999999999,37.15,2.0,0,0,1
42001,Adams County,PA,0.21,0.2135,0.3108,0.3535,0.252,4.7,1.4,6.0,1.2,13.7,3.4,9.7,7.3,2.0,22.4,14.5,12.0,76.9,23.35,12.0,15.25,35.15,73.6,38.05,4.0,1,0,0
42003,Allegheny County,PA,0.314,0.2011,0.2221,0.5759,0.6004,12.7,12.6,3.9,0.9,17.5,4.9,4.8,2.4,14.2,23.6,13.7,23.0,76.9,23.35,12.0,15.25,35.15,79.5,38.05,1.0,1,0,0
42005,Armstrong County,PA,0.132,0.1791,0.167,0.0191,0.2914,7.2,1.1,4.1,0.3,19.0,5.1,7.6,0.9,3.4,18.7,16.8,4.0,76.9,23.35,12.0,15.25,35.15,79.9,38.05,2.0,1,0,0
42007,Beaver County,PA,0.2386,0.203,0.3191,0.3563,0.3653,8.5,6.0,3.9,0.4,17.1,5.6,5.3,1.9,5.7,21.9,15.8,12.1,76.9,23.35,12.0,15.25,35.15,78.55000000000001,38.05,2.0,1,0,0
42009,Bedford County,PA,0.1868,0.3468,0.1518,0.0169,0.244,5.8,0.7,7.4,0.2,21.2,4.3,9.7,1.3,3.2,20.3,16.1,3.9,76.9,23.35,12.0,15.25,35.15,75.15,38.05,6.0,1,0,0
42011,Berks County,PA,0.6659,0.5383,0.7012,0.6806,0.6669,8.7,4.0,6.3,4.3,18.8,5.4,11.9,23.2,6.9,25.8,14.2,31.2,76.9,23.35,12.0,15.25,35.15,77.9,38.05,3.0,1,0,0
42013,Blair County,PA,0.3108,0.2622,0.3299,0.1339,0.609,8.5,1.8,5.4,0.3,21.6,4.2,7.0,1.4,6.4,22.3,15.5,6.7,76.9,23.35,12.0,15.25,35.15,73.3,38.05,4.0,1,0,0
42015,Bradford County,PA,0.3754,0.4025,0.3357,0.0579,0.587,7.5,0.7,6.9,0.4,22.5,4.8,9.4,1.6,3.6,21.2,14.2,5.2,76.9,23.35,12.0,15.25,35.15,75.44999999999999,38.05,5.0,1,0,0
42017,Bucks County,PA,0.1317,0.0967,0.2129,0.5005,0.2103,4.7,3.7,4.0,2.0,9.5,4.6,5.3,5.9,10.1,21.0,10.7,18.3,76.9,23.35,12.0,15.25,35.15,75.75,38.05,2.0,1,0,0
42019,Butler County,PA,0.0786,0.0722,0.036,0.1225,0.4728,5.8,1.1,3.4,0.4,13.7,4.7,4.3,1.7,7.7,19.1,13.1,6.5,76.9,23.35,12.0,15.25,35.15,78.1,38.05,2.0,1,0,0
42021,Cambria County,PA,0.3605,0.2288,0.4225,0.2323,0.6793,11.1,3.4,3.6,0.1,22.4,5.0,7.2,1.8,6.1,20.0,18.3,8.6,76.9,23.35,12.0,15.25,35.15,79.35,38.05,4.0,1,0,0
42023,Cameron County,PA,0.4734,0.5014,0.6688,0.1094,0.4483,10.2,0.0,3.4,0.0,30.1,7.1,7.4,2.0,2.8,22.9,22.6,6.2,76.9,23.35,12.0,15.25,35.15,73.75,38.05,6.0,1,0,0
42025,Carbon County,PA,0.2895,0.5301,0.209,0.2984,0.175,5.6,1.8,5.3,0.3,19.6,6.9,10.3,6.0,3.4,25.1,16.9,10.3,76.9,23.35,12.0,15.25,35.15,74.5,38.05,3.0,1,0,0
42027,Centre County,PA,0.3344,0.3576,0.0025,0.4496,0.9803,10.2,3.2,5.7,0.5,23.8,4.0,5.2,3.1,17.3,27.9,10.2,15.8,76.9,23.35,12.0,15.25,35.15,77.05,38.05,4.0,1,0,0
42029,Chester County,PA,0.1244,0.0655,0.1238,0.5679,0.3102,4.1,5.2,4.7,1.7,9.8,4.0,5.3,7.6,10.6,19.5,9.2,22.6,76.9,23.35,12.0,15.25,35.15,81.1,38.05,2.0,1,0,0
42031,Clarion County,PA,0.315,0.4263,0.0958,0.0579,0.6475,6.6,1.6,6.8,0.2,23.9,5.5,9.1,1.1,4.4,19.7,15.3,5.2,76.9,23.35,12.0,15.25,35.15,77.6,38.05,6.0,1,0,0
42033,Clearfield County,PA,0.5017,0.4356,0.4983,0.1928,0.7292,7.5,2.1,5.3,0.5,23.2,6.0,10.1,2.9,3.7,20.4,19.3,7.7,76.9,23.35,12.0,15.25,35.15,75.95,38.05,5.0,1,0,0
42035,Clinton County,PA,0.5409,0.6602,0.2717,0.0821,0.7407,9.5,1.3,9.7,0.4,23.2,5.3,10.5,1.7,4.8,24.9,16.0,5.7,76.9,23.35,12.0,15.25,35.15,73.4,38.05,5.0,1,0,0
42037,Columbia County,PA,0.2813,0.3831,0.0312,0.2265,0.6732,7.3,1.8,4.1,0.2,24.1,4.8,8.4,3.4,5.9,24.0,14.3,8.4,76.9,23.35,12.0,15.25,35.15,75.75,38.05,5.0,1,0,0
42039,Crawford County,PA,0.5842,0.5402,0.6335,0.1152,0.7556,9.7,1.5,8.9,0.6,24.8,5.6,9.4,1.5,3.3,20.7,17.7,6.3,76.9,23.35,12.0,15.25,35.15,75.05,38.05,5.0,1,0,0
42041,Cumberland County,PA,0.2068,0.1231,0.1476,0.4725,0.5282,5.5,3.9,5.2,0.9,12.8,3.7,6.5,4.6,8.1,21.7,12.8,17.0,76.9,23.35,12.0,15.25,35.15,75.1,38.05,3.0,1,0,0
42043,Dauphin County,PA,0.5476,0.3478,0.6297,0.7474,0.6316,9.0,17.2,5.7,2.7,19.3,4.3,8.8,10.4,10.4,24.8,12.9,37.1,76.9,23.35,12.0,15.25,35.15,77.5,38.05,3.0,1,0,0
42045,Delaware County,PA,0.5654,0.3853,0.4515,0.7299,0.7579,10.1,21.7,5.0,1.8,15.8,6.8,6.5,4.3,12.0,27.6,11.8,35.6,76.9,23.35,12.0,15.25,35.15,78.4,38.05,2.0,1,0,0
42047,Elk County,PA,0.0824,0.1569,0.1661,0.0299,0.1419,6.4,0.7,2.7,0.2,17.7,6.5,6.9,0.8,2.6,16.5,16.4,4.4,76.9,23.35,12.0,15.25,35.15,77.05,38.05,5.0,1,0,0
42049,Erie County,PA,0.6242,0.4607,0.6764,0.4814,0.7792,10.2,6.7,4.1,1.2,24.6,5.5,7.5,4.7,7.6,26.3,15.5,17.4,76.9,23.35,12.0,15.25,35.15,79.15,38.05,3.0,1,0,0
42051,Fayette County,PA,0.5224,0.5224,0.3968,0.2879,0.6802,8.1,4.2,4.6,0.2,25.1,7.2,10.2,1.4,3.2,21.9,20.3,10.0,76.9,23.35,12.0,15.25,35.15,76.75,38.05,2.0,1,0,0
42053,Forest County,PA,0.5072,0.4827,0.2065,0.6828,0.6551,6.1,15.7,6.7,0.3,29.0,4.3,14.2,7.3,1.3,18.5,24.1,31.3,76.9,23.35,12.0,15.25,35.15,74.5,38.05,6.0,1,0,0
42055,Franklin County,PA,0.3194,0.3217,0.5632,0.4018,0.2389,5.2,3.2,9.4,0.9,17.2,3.4,9.8,6.5,3.5,21.4,15.9,13.9,76.9,23.35,12.0,15.25,35.15,75.75,38.05,4.0,1,0,0
42057,Fulton County,PA,0.1184,0.175,0.2679,0.0881,0.1524,5.6,1.4,5.4,0.1,18.2,3.7,10.6,1.4,1.6,17.7,18.0,5.8,76.9,23.35,12.0,15.25,35.15,76.05000000000001,38.05,6.0,1,0,0
42059,Greene County,PA,0.342,0.2832,0.2507,0.2234,0.6831,5.7,2.7,4.7,0.2,20.1,5.2,10.6,1.6,2.6,18.8,19.1,8.3,76.9,23.35,12.0,15.25,35.15,78.25,38.05,6.0,1,0,0
42061,Huntingdon County,PA,0.3481,0.3131,0.1518,0.3016,0.7054,6.6,4.5,5.1,0.2,20.3,5.1,10.0,2.1,1.9,20.0,16.9,10.4,76.9,23.35,12.0,15.25,35.15,75.80000000000001,38.05,5.0,1,0,0
42063,Indiana County,PA,0.4528,0.5154,0.0875,0.1861,0.8228,7.9,2.2,6.9,0.5,23.2,6.5,8.0,1.6,7.6,22.7,16.4,7.6,76.9,23.35,12.0,15.25,35.15,79.15,38.05,5.0,1,0,0
42065,Jefferson County,PA,0.3745,0.4305,0.349,0.014,0.5663,7.9,0.4,7.7,0.5,23.7,5.4,8.8,1.0,3.3,19.4,15.3,3.7,76.9,23.35,12.0,15.25,35.15,74.95,38.05,6.0,1,0,0
42067,Juniata County,PA,0.4846,0.4337,0.3376,0.1654,0.8015,7.9,1.2,14.0,1.6,19.4,3.1,17.0,4.2,5.0,16.6,13.3,7.2,76.9,23.35,12.0,15.25,35.15,74.19999999999999,38.05,6.0,1,0,0
42069,Lackawanna County,PA,0.5558,0.3875,0.7588,0.4973,0.6144,9.4,2.6,4.6,1.8,21.3,4.8,8.4,9.0,5.2,25.8,16.0,18.1,76.9,23.35,12.0,15.25,35.15,75.6,38.05,3.0,1,0,0
42071,Lancaster County,PA,0.5399,0.4575,0.3513,0.525,0.7493,9.1,3.4,11.2,2.2,14.4,3.4,13.0,11.2,8.2,23.6,11.4,19.8,76.9,23.35,12.0,15.25,35.15,72.9,38.05,3.0,1,0,0
42073,Lawrence County,PA,0.5151,0.4916,0.6631,0.2692,0.517,7.7,3.8,5.7,0.4,22.5,6.8,8.0,1.7,4.1,23.4,17.7,9.5,76.9,23.35,12.0,15.25,35.15,76.55,38.05,2.0,1,0,0
42075,Lebanon County,PA,0.6176,0.517,0.665,0.5317,0.6592,6.8,1.9,9.2,2.1,18.2,4.4,12.5,14.5,5.2,23.8,13.5,20.1,76.9,23.35,12.0,15.25,35.15,76.85,38.05,4.0,1,0,0
42077,Lehigh County,PA,0.734,0.5759,0.7149,0.7735,0.7534,7.9,5.8,6.5,5.6,19.9,5.8,9.8,27.2,10.7,28.9,12.9,39.3,76.9,23.35,12.0,15.25,35.15,76.75,38.05,3.0,1,0,0
42079,Luzerne County,PA,0.6942,0.5727,0.8253,0.5727,0.643,10.7,3.9,5.9,3.4,24.1,5.9,9.5,15.1,5.8,25.2,15.7,22.8,76.9,23.35,12.0,15.25,35.15,77.25,38.05,3.0,1,0,0
42081,Lycoming County,PA,0.5091,0.4432,0.3933,0.328,0.7439,9.4,4.5,5.6,0.5,20.9,5.3,9.2,2.3,5.6,24.1,16.3,11.2,76.9,23.35,12.0,15.25,35.15,77.0,38.05,4.0,1,0,0
42083,McKean County,PA,0.3188,0.279,0.3592,0.1696,0.5628,7.4,1.9,4.2,0.6,25.3,5.3,7.2,2.2,2.9,19.4,19.4,7.3,76.9,23.35,12.0,15.25,35.15,75.2,38.05,5.0,1,0,0
42085,Mercer County,PA,0.5278,0.378,0.5845,0.3248,0.7582,9.9,5.4,5.6,0.5,21.8,5.5,9.5,1.6,5.8,20.5,18.1,11.1,76.9,23.35,12.0,15.25,35.15,80.94999999999999,38.05,5.0,1,0,0
42087,Mifflin County,PA,0.5934,0.7521,0.4063,0.0757,0.6631,9.9,0.6,13.3,0.6,27.3,3.9,15.2,1.8,3.3,23.4,14.2,5.6,76.9,23.35,12.0,15.25,35.15,73.7,38.05,5.0,1,0,0
42089,Monroe County,PA,0.4136,0.5565,0.2816,0.7598,0.1849,5.1,13.2,6.5,1.7,18.3,6.3,10.1,17.8,2.1,26.8,14.0,38.0,76.9,23.35,12.0,15.25,35.15,80.3,38.05,5.0,1,0,0
42091,Montgomery County,PA,0.2119,0.1012,0.2224,0.6233,0.454,5.2,9.0,3.8,2.0,10.4,4.5,5.2,5.7,15.6,21.6,10.3,26.4,76.9,23.35,12.0,15.25,35.15,78.55,38.05,2.0,1,0,0
42093,Montour County,PA,0.3818,0.1425,0.4747,0.2879,0.8352,10.3,2.3,5.0,0.8,16.7,2.4,7.4,2.8,4.3,22.9,13.8,10.0,76.9,23.35,12.0,15.25,35.15,80.45,38.05,5.0,1,0,0
42095,Northampton County,PA,0.4038,0.2666,0.3411,0.6211,0.5959,7.0,5.3,4.1,2.3,15.7,4.6,8.0,14.7,7.5,25.7,12.4,26.1,76.9,23.35,12.0,15.25,35.15,78.45,38.05,3.0,1,0,0
42097,Northumberland County,PA,0.4206,0.336,0.4426,0.2628,0.6452,9.8,2.4,4.6,0.5,21.8,4.7,10.1,4.2,4.6,21.5,16.7,9.3,76.9,23.35,12.0,15.25,35.15,77.2,38.05,5.0,1,0,0
42099,Perry County,PA,0.1737,0.2838,0.1502,0.0881,0.2644,5.6,0.8,9.9,0.5,15.5,3.4,10.9,2.4,1.7,19.5,14.0,5.8,76.9,23.35,12.0,15.25,35.15,77.15,38.05,3.0,1,0,0
42101,Philadelphia County,PA,0.9465,0.909,0.8361,0.9465,0.915,28.2,39.0,7.3,6.2,33.1,8.6,13.1,15.7,16.7,35.1,16.9,66.5,76.9,23.35,12.0,15.25,35.15,77.4,38.05,1.0,1,0,0
42103,Pike County,PA,0.2405,0.4429,0.3509,0.5558,0.0439,5.4,5.2,5.2,1.1,16.3,8.5,6.9,11.9,1.2,26.9,16.8,21.9,76.9,23.35,12.0,15.25,35.15,78.05,38.05,5.0,1,0,0
42105,Potter County,PA,0.405,0.3974,0.5374,0.0407,0.5409,6.9,0.5,6.8,0.5,23.3,4.8,9.9,1.6,1.6,20.1,18.3,4.7,76.9,23.35,12.0,15.25,35.15,76.44999999999999,38.05,6.0,1,0,0
42107,Schuylkill County,PA,0.4928,0.4228,0.6411,0.335,0.539,8.2,2.6,6.0,0.8,21.8,5.3,10.3,6.2,3.7,21.2,17.5,11.4,76.9,23.35,12.0,15.25,35.15,77.55000000000001,38.05,5.0,1,0,0
42109,Snyder County,PA,0.2819,0.3563,0.1177,0.0627,0.6071,6.5,0.8,11.2,0.6,17.4,2.2,15.1,2.3,2.6,19.3,14.9,5.3,76.9,23.35,12.0,15.25,35.15,76.85,38.05,5.0,1,0,0
42111,Somerset County,PA,0.3618,0.349,0.2571,0.1094,0.6726,6.8,1.9,6.3,0.3,20.2,5.2,10.0,1.5,3.5,19.8,16.9,6.2,76.9,23.35,12.0,15.25,35.15,76.30000000000001,38.05,5.0,1,0,0
42113,Sullivan County,PA,0.2444,0.2806,0.2666,0.1339,0.3977,5.3,2.6,5.0,0.9,18.6,5.5,9.2,2.3,1.2,19.8,15.8,6.7,76.9,23.35,12.0,15.25,35.15,76.0,38.05,6.0,1,0,0
42115,Susquehanna County,PA,0.1814,0.4003,0.1989,0.0407,0.1371,5.2,0.3,6.4,0.3,20.3,5.8,8.5,1.9,1.9,21.5,16.1,4.7,76.9,23.35,12.0,15.25,35.15,79.44999999999999,38.05,6.0,1,0,0
42117,Tioga County,PA,0.2975,0.3767,0.2367,0.0264,0.5196,6.2,0.8,6.3,0.1,21.9,4.5,8.3,1.4,3.1,23.2,18.3,4.3,76.9,23.35,12.0,15.25,35.15,77.75,38.05,6.0,1,0,0
42119,Union County,PA,0.4531,0.4693,0.0697,0.4165,0.8167,9.2,6.3,10.1,1.0,17.6,3.5,13.7,5.6,4.4,22.8,13.5,14.5,76.9,23.35,12.0,15.25,35.15,73.55,38.05,5.0,1,0,0
42121,Venango County,PA,0.3656,0.3751,0.5126,0.0627,0.4718,7.3,1.1,4.9,0.3,22.8,6.7,9.2,1.1,2.7,19.2,18.8,5.3,76.9,23.35,12.0,15.25,35.15,77.75,38.05,5.0,1,0,0
42123,Warren County,PA,0.153,0.1314,0.3563,0.0627,0.3217,6.7,0.7,4.8,0.5,21.1,4.3,6.3,1.4,2.7,17.4,15.9,5.3,76.9,23.35,12.0,15.25,35.15,75.4,38.05,5.0,1,0,0
42125,Washington County,PA,0.1648,0.1123,0.1263,0.265,0.5227,7.4,3.1,3.8,0.4,15.5,5.0,6.0,1.9,5.7,19.0,14.6,9.4,76.9,23.35,12.0,15.25,35.15,79.69999999999999,38.05,2.0,1,0,0
42127,Wayne County,PA,0.3952,0.4839,0.1992,0.3166,0.5119,6.4,2.9,6.5,0.4,19.7,5.9,8.4,4.9,1.0,25.0,17.0,10.9,76.9,23.35,12.0,15.25,35.15,77.2,38.05,6.0,1,0,0
42129,Westmoreland County,PA,0.1091,0.0996,0.1088,0.1861,0.3748,7.0,2.4,3.2,0.2,16.0,5.0,4.7,1.4,4.8,19.3,15.2,7.6,76.9,23.35,12.0,15.25,35.15,77.4,38.05,2.0,1,0,0
42131,Wyoming County,PA,0.0872,0.1304,0.1082,0.0821,0.2345,5.4,0.9,3.9,0.3,17.8,4.5,7.2,2.2,1.3,18.9,14.3,5.7,76.9,23.35,12.0,15.25,35.15,78.80000000000001,38.05,3.0,1,0,0
42133,York County,PA,0.3379,0.2638,0.5024,0.5094,0.3605,5.6,5.5,4.9,1.5,14.9,4.6,8.9,8.5,5.4,23.6,13.7,18.9,76.9,23.35,12.0,15.25,35.15,74.2,38.05,3.0,1,0,0
44001,Bristol County,RI,0.1327,0.1152,0.085,0.2914,0.426,6.1,0.9,2.1,1.2,10.7,4.1,6.7,3.4,7.4,22.7,10.4,10.1,85.05,24.049999999999997,8.850000000000001,8.65,32.15,83.65,25.8,2.0,1,0,0
44003,Kent County,RI,0.2116,0.2402,0.1791,0.4165,0.2918,6.0,1.8,3.1,0.8,13.7,4.6,7.3,6.3,14.0,28.0,14.8,14.5,84.65,25.25,10.7,11.45,32.400000000000006,84.1,32.85,2.0,1,0,0
44005,Newport County,RI,0.2787,0.2183,0.1928,0.4496,0.5396,7.4,3.8,3.6,1.2,12.5,6.5,5.2,6.0,8.3,23.3,11.7,15.8,83.95,23.25,9.05,9.2,34.35,82.30000000000001,27.65,2.0,1,0,0
44007,Providence County,RI,0.8097,0.679,0.594,0.7983,0.9208,11.3,7.6,5.3,6.3,21.2,6.3,13.7,24.5,14.7,30.9,14.2,41.6,82.65,23.25,11.1,19.3,31.7,82.05,33.55,1.0,1,0,0
44009,Washington County,RI,0.1324,0.1642,0.1171,0.2879,0.2584,4.4,1.0,2.2,0.9,12.8,5.9,5.1,3.6,5.6,22.0,10.6,10.0,84.35,22.75,8.05,8.850000000000001,31.4,80.6,27.5,2.0,1,0,0
45001,Abbeville County,SC,0.5988,0.6157,0.1973,0.6872,0.734,6.5,26.1,10.5,0.4,28.7,2.8,14.9,1.8,0.4,22.2,12.4,31.6,80.4,24.0,15.049999999999999,21.35,37.7,78.0,37.8,5.0,0,1,0
45003,Aiken County,SC,0.6322,0.5947,0.6357,0.7226,0.5151,5.8,24.5,9.0,0.7,22.8,6.2,10.4,6.2,2.5,21.4,15.7,34.9,80.35,23.25,12.600000000000001,16.95,34.25,79.6,34.45,3.0,0,1,0
45005,Allendale County,SC,0.9955,0.9882,0.8097,0.9793,0.994,13.4,71.9,11.8,0.3,38.5,13.5,21.1,3.7,1.9,28.4,26.2,77.8,81.2,20.0,19.75,35.400000000000006,36.3,75.9,46.8,6.0,0,1,0
45007,Anderson County,SC,0.6303,0.6166,0.4916,0.5854,0.6542,5.9,14.9,10.4,0.9,23.2,5.5,12.8,4.2,3.8,20.3,15.2,23.6,77.65,26.35,12.2,17.4,35.95,76.65,36.25,3.0,0,1,0
45009,Bamberg County,SC,0.958,0.9866,0.8046,0.937,0.7455,15.4,60.3,14.8,0.4,32.0,11.0,22.7,1.6,0.2,26.5,19.7,63.6,81.80000000000001,20.8,17.55,28.6,36.349999999999994,78.1,42.55,6.0,0,1,0
45011,Barnwell County,SC,0.9612,0.9243,0.8664,0.8721,0.9443,11.6,44.0,11.5,0.2,35.2,5.9,17.2,2.8,1.7,24.8,20.0,50.2,80.2,22.95,17.65,31.25,36.85,76.35,44.25,6.0,0,1,0
45013,Beaufort County,SC,0.469,0.2695,0.5549,0.6923,0.5908,3.5,16.1,8.8,2.1,17.6,3.1,6.4,11.2,12.4,24.1,13.1,32.0,80.55,18.75,11.0,13.149999999999999,36.2,80.35,30.15,4.0,0,1,0
45015,Berkeley County,SC,0.5447,0.4082,0.5794,0.7591,0.5523,3.4,23.1,10.2,1.2,19.2,3.8,9.9,7.3,8.9,22.0,13.4,37.9,79.30000000000001,22.5,12.4,16.85,35.1,79.05,37.849999999999994,3.0,0,1,0
45017,Calhoun County,SC,0.7273,0.7633,0.5212,0.8365,0.5574,5.3,38.9,9.3,0.2,25.5,7.3,13.5,4.2,0.7,22.2,17.3,45.5,81.7,22.049999999999997,15.100000000000001,20.4,36.0,77.65,40.7,3.0,0,1,0
45019,Charleston County,SC,0.4343,0.4222,0.1101,0.7213,0.6172,6.1,24.5,8.9,1.6,19.4,3.7,7.1,5.4,15.4,28.8,10.7,34.8,78.7,21.55,10.7,12.65,34.150000000000006,76.4,29.95,3.0,0,1,0
45021,Cherokee County,SC,0.7798,0.7967,0.6096,0.6548,0.7241,6.1,19.6,11.0,1.0,30.2,5.9,14.8,4.9,2.6,21.0,15.6,29.2,78.30000000000001,24.5,13.95,21.95,36.45,73.30000000000001,38.8,5.0,0,1,0
45023,Chester County,SC,0.7047,0.8062,0.3837,0.8008,0.5253,6.8,36.1,11.8,0.2,30.1,6.2,14.8,2.4,1.3,20.5,16.3,41.9,79.5,23.55,15.299999999999999,24.799999999999997,37.3,74.2,37.8,2.0,0,1,0
45025,Chesterfield County,SC,0.9462,0.9001,0.9338,0.7894,0.8874,9.3,30.6,12.4,1.7,32.8,8.7,18.6,4.9,0.7,20.0,19.1,40.5,79.9,23.65,16.450000000000003,27.35,37.400000000000006,73.7,45.1,6.0,0,1,0
45027,Clarendon County,SC,0.9691,0.9472,0.6519,0.8785,0.993,11.7,45.5,10.1,0.6,31.3,10.1,19.1,3.4,2.8,25.3,20.2,51.6,81.75,22.75,17.3,27.1,35.8,77.35,38.2,6.0,0,1,0
45029,Colleton County,SC,0.966,0.9564,0.8597,0.8129,0.9389,9.4,34.8,15.8,1.3,31.4,8.6,13.8,3.8,2.3,26.1,16.8,43.3,79.5,23.25,15.55,25.35,34.55,73.65,39.2,6.0,0,1,0
45031,Darlington County,SC,0.8921,0.8746,0.7496,0.8466,0.8527,9.9,40.8,8.9,0.4,32.0,6.5,14.3,2.4,2.0,25.5,16.8,46.2,82.3,23.4,16.05,25.25,36.55,73.30000000000001,45.6,4.0,0,1,0
45033,Dillon County,SC,0.9745,0.9831,0.9157,0.8915,0.8435,10.6,46.4,15.0,0.8,44.9,7.2,21.7,3.1,0.2,24.6,16.8,54.9,80.1,23.25,18.8,34.4,36.25,73.45,45.3,6.0,0,1,0
45035,Dorchester County,SC,0.6306,0.6071,0.6589,0.756,0.4543,3.1,25.0,10.5,1.3,18.6,5.5,9.4,6.1,6.6,26.3,13.5,37.6,79.85,21.9,12.100000000000001,15.8,33.6,73.35,35.2,3.0,0,1,0
45037,Edgefield County,SC,0.8476,0.7451,0.7066,0.8116,0.9065,7.5,32.4,10.5,3.0,29.3,6.2,17.0,6.9,1.8,18.1,15.6,43.2,79.5,20.950000000000003,14.899999999999999,22.35,35.7,76.35,39.8,3.0,0,1,0
45039,Fairfield County,SC,0.8893,0.8676,0.7311,0.9243,0.8276,6.6,55.9,7.5,0.4,33.4,6.9,15.9,2.6,2.2,24.9,18.0,61.4,81.8,21.35,17.95,28.049999999999997,38.6,77.19999999999999,45.650000000000006,3.0,0,1,0
45041,Florence County,SC,0.8256,0.7305,0.5288,0.8686,0.923,7.4,42.6,10.5,0.7,26.7,4.5,12.7,2.9,4.0,25.2,12.7,49.5,81.44999999999999,23.1,14.35,22.15,37.35,78.6,40.650000000000006,4.0,0,1,0
45043,Georgetown County,SC,0.5301,0.5927,0.349,0.7178,0.42,5.1,29.4,10.0,0.2,23.3,5.0,9.1,3.2,4.7,24.2,16.6,34.5,81.69999999999999,20.85,14.25,15.55,34.1,79.15,32.15,5.0,0,1,0
45045,Greenville County,SC,0.6246,0.4766,0.5533,0.7028,0.7362,5.1,16.9,10.2,2.3,18.8,4.1,9.9,9.9,11.4,24.1,12.3,33.0,78.1,22.05,11.45,15.05,34.25,80.65,32.5,3.0,0,1,0
45047,Greenwood County,SC,0.8466,0.7929,0.7471,0.7951,0.8174,8.3,31.5,8.3,1.3,30.9,5.5,13.1,6.5,3.8,25.3,12.5,41.2,80.9,24.1,14.2,21.950000000000003,34.45,77.2,37.15,5.0,0,1,0
45049,Hampton County,SC,0.9621,0.959,0.923,0.9214,0.7922,10.3,52.7,12.1,2.0,35.1,10.7,19.1,4.9,0.1,23.3,21.0,60.2,80.25,21.5,18.65,30.799999999999997,36.9,71.9,41.6,6.0,0,1,0
45051,Horry County,SC,0.7022,0.7378,0.7254,0.5778,0.4938,4.3,12.2,13.6,1.3,23.7,5.6,8.4,6.3,20.5,27.0,17.5,23.2,80.65,22.3,12.9,15.700000000000001,39.0,75.1,32.349999999999994,3.0,0,1,0
45053,Jasper County,SC,0.8829,0.8505,0.6475,0.8912,0.8988,3.6,37.3,13.5,3.5,27.9,6.3,10.2,14.1,5.5,26.7,14.0,54.7,80.55000000000001,20.950000000000003,15.1,22.25,37.8,77.25,35.2,4.0,0,1,0
45055,Kershaw County,SC,0.4782,0.5606,0.6535,0.6971,0.1495,3.5,22.8,8.7,0.7,22.4,4.7,11.1,5.2,1.9,23.4,16.4,32.4,79.85,22.35,13.45,18.85,37.3,78.05,36.45,3.0,0,1,0
45057,Lancaster County,SC,0.4575,0.3586,0.6634,0.6764,0.3433,4.1,19.6,7.9,1.4,20.1,5.0,10.9,6.3,2.3,17.6,14.1,30.8,80.0,22.65,12.7,16.3,37.25,73.65,35.95,2.0,0,1,0
45059,Laurens County,SC,0.8947,0.8874,0.8454,0.7038,0.8161,6.3,23.0,13.7,1.5,28.5,5.2,17.3,5.6,1.4,25.1,17.2,33.1,79.5,23.9,14.3,21.7,36.25,79.80000000000001,36.3,3.0,0,1,0
45061,Lee County,SC,0.9704,0.9796,0.3563,0.9488,0.9975,12.4,62.4,10.4,0.0,40.8,9.2,18.8,2.6,1.4,28.3,19.0,67.1,81.35,21.5,18.5,32.35,36.4,73.3,43.900000000000006,6.0,0,1,0
45063,Lexington County,SC,0.4855,0.3796,0.5568,0.6347,0.4893,4.7,14.9,9.3,1.1,20.3,4.4,8.7,6.5,5.3,20.8,13.9,27.3,81.05000000000001,24.75,11.4,15.0,35.150000000000006,73.8,36.05,3.0,0,1,0
45065,McCormick County,SC,0.6087,0.5536,0.4158,0.8549,0.6023,5.1,43.5,5.5,0.0,24.3,6.4,14.8,0.6,0.8,19.8,18.4,47.4,82.4,19.75,17.1,20.85,40.95,75.15,37.599999999999994,6.0,0,1,0
45067,Marion County,SC,0.8753,0.9077,0.6701,0.9294,0.7346,12.3,56.3,13.7,0.0,42.8,6.8,15.5,3.3,0.0,20.8,16.4,61.9,82.1,22.200000000000003,19.85,34.349999999999994,35.8,75.55,45.25,6.0,0,1,0
45069,Marlboro County,SC,0.9405,0.9717,0.4184,0.9259,0.9605,13.3,49.2,13.6,0.3,40.1,7.8,19.6,3.4,0.4,23.4,19.5,61.6,79.9,22.15,18.95,34.1,37.8,74.5,40.95,6.0,0,1,0
45071,Newberry County,SC,0.8027,0.6013,0.9125,0.7821,0.7471,6.0,30.0,9.3,2.0,26.0,3.9,14.5,8.1,1.8,21.9,16.4,39.9,80.0,22.6,14.600000000000001,20.65,36.8,78.45,38.35,5.0,0,1,0
45073,Oconee County,SC,0.6968,0.7528,0.8492,0.4588,0.4063,5.5,6.6,10.6,1.0,26.0,5.8,13.1,5.8,3.5,22.5,19.3,16.3,79.65,25.95,13.350000000000001,16.9,37.55,76.65,38.2,5.0,0,1,0
45075,Orangeburg County,SC,0.9516,0.9535,0.6958,0.9478,0.9236,8.5,61.3,10.1,0.7,36.3,9.2,15.7,2.5,1.4,27.0,13.9,66.9,82.85,22.0,17.35,30.35,36.2,74.15,42.650000000000006,5.0,0,1,0
45077,Pickens County,SC,0.5717,0.6653,0.0369,0.4356,0.9316,6.8,6.2,8.8,0.5,26.5,4.2,12.9,4.2,8.3,25.1,15.0,15.3,77.30000000000001,25.6,11.75,17.45,34.05,67.9,36.349999999999994,3.0,0,1,0
45079,Richland County,SC,0.7922,0.7486,0.3888,0.9154,0.8622,6.7,46.9,9.0,0.9,25.2,6.8,7.8,5.4,13.8,32.7,13.9,59.2,80.75,22.200000000000003,13.0,18.3,33.55,79.75,35.25,3.0,0,1,0
45081,Saluda County,SC,0.8228,0.7187,0.8985,0.7989,0.6736,5.1,23.1,16.1,4.3,30.0,3.3,16.8,16.1,0.0,20.7,16.1,41.7,79.45,21.95,15.05,22.25,37.85,74.85,43.55,3.0,0,1,0
45083,Spartanburg County,SC,0.7486,0.6456,0.7929,0.706,0.6704,4.5,20.2,10.8,2.4,23.4,4.7,12.2,7.6,5.1,23.2,15.1,33.2,78.19999999999999,24.35,12.8,18.55,36.4,80.1,37.9,3.0,0,1,0
45085,Sumter County,SC,0.8762,0.8632,0.6274,0.896,0.8638,8.0,45.7,10.8,0.4,28.5,7.2,11.2,4.3,4.1,26.6,15.2,55.6,81.2,21.35,14.8,23.45,35.05,77.4,42.95,4.0,0,1,0
45087,Union County,SC,0.9173,0.9166,0.811,0.7321,0.8813,9.0,28.9,11.5,0.2,36.0,10.2,18.4,1.8,3.4,20.4,22.1,35.8,79.9,24.15,17.05,27.05,38.35,74.65,43.9,3.0,0,1,0
45089,Williamsburg County,SC,0.9634,0.901,0.8282,0.9548,0.9749,14.2,63.5,11.3,1.5,32.8,4.5,17.1,3.0,0.4,31.1,20.2,68.6,82.0,20.55,18.35,30.950000000000003,36.25,77.1,45.05,6.0,0,1,0
45091,York County,SC,0.3436,0.2749,0.3217,0.6872,0.3958,3.7,18.7,8.1,0.8,15.6,4.7,7.7,6.3,10.8,20.8,10.1,31.6,77.95,22.15,11.05,14.2,33.75,80.45,37.05,2.0,0,1,0
46003,Aurora County,SD,0.104,0.0649,0.5921,0.3322,0.0754,1.8,1.3,6.9,1.6,11.6,0.8,8.7,6.6,1.4,16.3,12.7,11.3,75.1,20.75,11.0,15.25,32.5,78.8,36.55,6.0,0,0,0
46005,Beadle County,SD,0.7289,0.3977,0.8021,0.6332,0.931,7.0,0.6,5.4,3.3,26.0,2.3,14.9,11.8,8.5,21.8,12.5,27.2,74.75,20.75,12.350000000000001,15.25,33.65,77.15,35.4,5.0,0,0,0
46007,Bennett County,SD,0.811,0.9427,0.3754,0.937,0.531,9.0,0.2,25.9,0.2,45.8,7.9,11.1,9.3,0.4,23.2,11.1,63.6,74.4,22.6,18.0,15.25,33.25,69.19999999999999,42.75,6.0,0,0,0
46009,Bon Homme County,SD,0.1899,0.3124,0.0535,0.3977,0.3023,4.1,1.6,6.0,0.4,25.7,2.2,11.1,2.9,3.3,20.7,13.4,13.8,73.6,20.05,11.75,15.25,32.15,75.69999999999999,37.25,6.0,0,0,0
46011,Brookings County,SD,0.154,0.1871,0.006,0.335,0.7401,5.8,1.1,4.7,0.7,22.3,3.9,3.8,3.9,15.2,22.3,9.0,11.4,74.65,23.2,9.1,15.25,28.65,78.4,37.6,5.0,0,0,0
46013,Brown County,SD,0.2669,0.1549,0.2628,0.42,0.5905,6.3,2.3,6.9,1.3,16.3,3.6,6.3,3.8,18.2,20.5,11.9,14.6,77.25,20.6,10.35,15.25,30.8,79.65,35.3,5.0,0,0,0
46015,Brule County,SD,0.3872,0.3866,0.2294,0.5081,0.5094,5.0,1.3,9.4,0.1,24.8,3.2,14.2,1.8,6.3,15.8,14.7,18.8,75.85,21.1,11.75,15.25,33.7,75.1,38.35,6.0,0,0,0
46017,Buffalo County,SD,0.9892,0.9975,0.7728,0.9831,0.9399,14.2,0.0,39.6,0.9,46.6,14.9,17.6,8.3,5.8,27.6,14.0,81.5,73.6,22.3,18.1,15.25,30.0,68.05000000000001,48.75,6.0,0,0,0
46019,Butte County,SD,0.5431,0.7337,0.1444,0.3503,0.6268,3.8,0.0,15.0,0.0,21.5,5.8,10.6,4.3,3.3,24.0,15.2,11.9,74.25,21.950000000000003,11.25,15.25,31.950000000000003,74.94999999999999,35.75,6.0,0,0,0
46021,Campbell County,SD,0.0878,0.1269,0.2972,0.0627,0.1247,4.5,0.0,4.5,0.6,13.5,3.9,12.8,4.0,2.0,14.2,12.3,5.3,76.69999999999999,19.85,11.45,15.25,34.2,76.0,33.35,6.0,0,0,0
46023,Charles Mix County,SD,0.6777,0.8091,0.175,0.756,0.6468,5.3,0.1,17.8,0.1,33.2,7.1,10.5,4.0,2.7,19.4,12.0,37.6,75.55,21.549999999999997,13.850000000000001,15.25,32.55,72.7,40.7,6.0,0,0,0
46025,Clark County,SD,0.3659,0.4372,0.6707,0.1985,0.2151,3.2,0.4,7.6,1.2,19.4,5.3,8.9,4.1,2.2,22.4,11.2,7.8,74.35,20.75,11.5,15.25,33.15,78.44999999999999,34.2,6.0,0,0,0
46027,Clay County,SD,0.6367,0.6907,0.0194,0.3977,0.9962,8.2,1.7,7.9,0.4,30.0,8.2,6.6,2.2,14.9,24.8,12.7,13.8,73.15,23.700000000000003,9.2,15.25,28.6,73.0,37.25,5.0,0,0,0
46029,Codington County,SD,0.2415,0.1861,0.0945,0.2628,0.6993,5.5,0.5,7.3,0.4,20.0,1.5,8.2,3.4,8.3,20.2,11.3,9.3,76.15,21.9,11.05,15.25,31.45,80.65,36.05,5.0,0,0,0
46031,Corson County,SD,0.7324,0.8845,0.2832,0.9656,0.4709,10.6,0.1,20.4,0.0,52.5,24.6,13.8,0.4,0.0,15.0,12.1,71.8,74.44999999999999,24.05,19.1,15.25,32.85,71.9,43.9,6.0,0,0,0
46033,Custer County,SD,0.2937,0.315,0.1212,0.3248,0.5679,0.7,0.4,10.8,0.0,18.2,3.0,6.4,4.3,4.0,24.0,19.4,11.1,77.35,20.1,11.4,15.25,35.35,76.25,33.75,4.0,0,0,0
46035,Davison County,SD,0.3742,0.3143,0.2409,0.2959,0.6977,7.7,0.5,8.0,0.2,22.9,1.4,9.8,3.8,14.2,21.7,14.6,10.2,74.35,20.95,11.05,15.25,32.3,75.3,38.3,5.0,0,0,0
46037,Day County,SD,0.1282,0.2249,0.111,0.4222,0.1317,4.0,0.0,8.2,0.0,25.4,2.6,8.5,2.5,3.2,15.7,13.5,14.7,76.05000000000001,20.799999999999997,12.6,15.25,33.1,77.65,35.0,6.0,0,0,0
46039,Deuel County,SD,0.0213,0.0579,0.2151,0.1276,0.0191,2.1,0.1,7.2,0.0,15.4,2.0,7.2,3.7,3.2,10.6,13.7,6.6,75.3,20.9,10.5,15.25,32.150000000000006,79.15,33.349999999999994,6.0,0,0,0
46041,Dewey County,SD,0.8263,0.8915,0.2517,0.9825,0.8199,6.2,0.4,23.6,0.1,44.6,14.6,13.4,1.0,3.3,16.5,9.1,81.3,72.65,22.05,18.0,15.25,31.7,69.9,43.75,6.0,0,0,0
46043,Douglas County,SD,0.3166,0.2873,0.4248,0.1225,0.5161,3.0,1.7,20.7,0.6,21.9,0.6,8.7,2.1,3.4,15.7,11.4,6.5,75.85,21.5,11.85,15.25,33.85,75.4,35.5,6.0,0,0,0
46045,Edmunds County,SD,0.0258,0.0525,0.2167,0.0544,0.0385,0.9,0.3,4.9,0.6,17.6,2.1,7.4,1.8,0.0,16.3,12.6,5.1,76.25,20.75,10.75,15.25,33.25,76.2,33.7,5.0,0,0,0
46047,Fall River County,SD,0.6277,0.6433,0.5192,0.4518,0.6545,5.7,0.0,15.2,0.9,28.6,2.7,8.5,4.0,7.0,26.9,20.1,15.9,76.75,21.25,13.649999999999999,15.25,35.7,74.95,37.8,6.0,0,0,0
46049,Faulk County,SD,0.3627,0.1801,0.5396,0.0264,0.7926,7.1,0.0,4.2,0.5,29.9,3.7,7.8,1.9,5.4,13.7,13.7,4.3,75.69999999999999,22.15,12.600000000000001,15.25,33.8,72.7,36.55,6.0,0,0,0
46051,Grant County,SD,0.231,0.146,0.3226,0.1985,0.5393,5.3,0.2,9.0,0.6,14.4,3.3,8.3,4.6,4.4,16.4,15.0,7.8,75.85,20.299999999999997,11.100000000000001,15.25,32.7,79.0,37.4,6.0,0,0,0
46053,Gregory County,SD,0.1817,0.1906,0.1957,0.3824,0.2682,4.4,0.9,7.2,0.0,22.5,2.6,9.6,1.9,4.5,15.9,12.8,13.2,76.0,21.200000000000003,12.149999999999999,15.25,33.75,74.65,36.25,6.0,0,0,0
46055,Haakon County,SD,0.2389,0.1104,0.2695,0.2733,0.6618,8.9,1.8,10.6,0.0,22.0,0.0,3.6,0.1,2.6,11.7,15.6,9.6,75.3,21.049999999999997,11.65,15.25,33.45,74.9,34.05,6.0,0,0,0
46057,Hamlin County,SD,0.1336,0.1114,0.4174,0.2109,0.1845,1.7,0.2,9.4,1.9,14.2,2.5,7.6,5.3,1.2,16.0,6.6,8.0,73.7,20.35,9.55,15.25,31.299999999999997,77.95,34.85,6.0,0,0,0
46059,Hand County,SD,0.048,0.013,0.1591,0.1753,0.2526,4.3,0.1,3.9,0.0,15.0,1.2,6.9,4.9,5.8,13.5,14.9,7.4,76.15,20.55,10.350000000000001,15.25,33.0,77.35,34.15,6.0,0,0,0
46061,Hanson County,SD,0.0003,0.0051,0.0178,0.1339,0.0003,1.4,0.0,4.0,0.0,13.5,2.0,5.3,0.0,0.0,14.8,6.5,6.7,74.85,22.200000000000003,11.0,15.25,32.45,77.9,36.2,5.0,0,0,0
46063,Harding County,SD,0.0264,0.0035,0.0054,0.4314,0.4865,1.5,0.0,3.9,0.0,11.5,2.2,5.9,2.0,0.7,6.9,8.2,15.1,75.4,20.45,9.85,15.25,31.799999999999997,76.80000000000001,35.2,6.0,0,0,0
46065,Hughes County,SD,0.3013,0.0535,0.0923,0.5161,0.9793,7.5,0.0,6.5,0.1,15.0,0.4,3.3,3.4,10.4,19.8,12.5,19.2,75.45,20.8,9.9,15.25,30.9,76.19999999999999,33.95,5.0,0,0,0
46067,Hutchinson County,SD,0.1209,0.0512,0.4489,0.2294,0.2409,4.7,0.0,4.5,0.5,19.1,1.5,8.0,2.5,3.4,14.3,13.0,8.5,75.2,21.1,10.7,15.25,32.0,73.44999999999999,34.5,6.0,0,0,0
46069,Hyde County,SD,0.0153,0.0391,0.0267,0.2959,0.0611,0.0,1.5,5.2,0.0,11.4,0.7,9.2,3.9,0.6,15.7,10.6,10.2,75.7,21.5,11.899999999999999,15.25,33.3,77.6,35.55,6.0,0,0,0
46071,Jackson County,SD,0.9771,0.9822,0.3923,0.9494,0.999,14.8,0.3,24.8,0.2,50.9,7.4,12.9,0.8,5.3,27.3,9.4,67.3,73.7,22.6,17.85,15.25,33.1,65.7,41.349999999999994,6.0,0,0,0
46073,Jerauld County,SD,0.1976,0.0474,0.2078,0.3535,0.7175,5.1,0.0,5.4,0.0,15.0,0.7,8.3,7.4,3.8,16.2,16.0,12.0,76.3,19.9,11.600000000000001,15.25,33.95,78.65,35.75,6.0,0,0,0
46075,Jones County,SD,0.2036,0.1317,0.4117,0.5542,0.2335,2.6,1.4,12.5,0.0,20.1,1.6,5.1,0.0,0.0,9.2,4.5,21.8,76.75,20.85,12.399999999999999,15.25,34.25,77.30000000000001,35.45,6.0,0,0,0
46077,Kingsbury County,SD,0.1114,0.0751,0.1518,0.119,0.4241,4.8,0.0,5.6,0.1,14.6,0.8,9.5,2.8,3.1,17.5,11.2,6.4,75.19999999999999,20.950000000000003,10.6,15.25,32.9,80.3,35.7,6.0,0,0,0
46079,Lake County,SD,0.09,0.056,0.1336,0.1985,0.3474,2.5,0.4,4.0,0.6,15.6,1.6,6.7,2.8,7.4,20.3,12.9,7.8,76.05,20.1,10.55,15.25,32.65,78.65,32.85,6.0,0,0,0
46081,Lawrence County,SD,0.3449,0.3172,0.1693,0.3086,0.6653,4.5,0.7,10.8,0.5,19.6,2.5,5.0,3.8,11.0,25.4,17.1,10.6,73.75,21.1,10.100000000000001,15.25,32.349999999999994,75.5,32.900000000000006,5.0,0,0,0
46083,Lincoln County,SD,0.0309,0.008,0.3414,0.2536,0.0506,1.5,2.1,4.2,0.8,10.6,1.4,4.0,2.7,13.3,18.3,7.9,9.1,77.0,19.85,8.45,15.25,29.700000000000003,79.44999999999999,34.849999999999994,3.0,0,0,0
46085,Lyman County,SD,0.867,0.6437,0.9052,0.8482,0.9065,10.1,0.0,20.6,1.4,38.6,5.0,8.5,1.2,2.2,16.4,16.3,46.4,75.1,21.3,14.5,15.25,32.8,70.94999999999999,40.400000000000006,6.0,0,0,0
46087,McCook County,SD,0.0366,0.0834,0.1378,0.1696,0.0445,2.2,0.3,9.0,0.2,13.3,2.1,7.4,4.4,0.8,14.4,11.5,7.3,75.05,21.1,9.9,15.25,31.349999999999998,76.9,36.0,3.0,0,0,0
46089,McPherson County,SD,0.1788,0.2488,0.3643,0.0455,0.1998,4.2,1.9,7.1,1.7,21.1,0.3,18.9,1.0,2.8,13.2,13.1,4.8,75.85,20.700000000000003,12.45,15.25,34.3,77.0,35.45,6.0,0,0,0
46091,Marshall County,SD,0.1193,0.0395,0.4162,0.4948,0.1871,1.9,0.2,5.3,1.6,12.1,1.2,9.7,8.5,2.9,11.4,10.7,18.0,75.15,19.8,11.1,15.25,32.9,79.0,35.8,6.0,0,0,0
46093,Meade County,SD,0.1744,0.2698,0.0315,0.4057,0.3684,2.5,1.7,9.9,0.2,15.7,3.5,4.2,4.5,4.9,24.9,14.0,14.0,74.75,22.8,9.05,15.25,32.2,75.55,30.65,4.0,0,0,0
46095,Mellette County,SD,0.8552,0.9265,0.2962,0.952,0.8419,6.6,0.3,28.9,0.0,56.8,16.5,18.0,0.7,0.4,15.3,10.2,67.8,74.45,23.200000000000003,19.700000000000003,15.25,32.55,67.05,45.900000000000006,6.0,0,0,0
46097,Miner County,SD,0.2154,0.1925,0.5558,0.1094,0.2631,4.0,0.6,8.0,0.0,17.3,1.4,9.5,2.9,4.0,20.2,18.0,6.2,75.5,20.9,11.5,15.25,33.65,78.1,35.95,6.0,0,0,0
46099,Minnehaha County,SD,0.3748,0.1753,0.4594,0.525,0.6583,5.1,6.2,8.2,1.4,15.6,2.4,6.9,5.6,20.1,21.8,10.4,19.8,76.3,22.3,10.3,15.25,31.9,76.05,37.25,3.0,0,0,0
46101,Moody County,SD,0.2431,0.0671,0.5221,0.6029,0.4362,3.8,0.8,8.0,1.2,15.2,1.7,5.5,4.8,5.8,17.5,12.9,24.7,75.7,19.9,10.85,15.25,31.9,78.45,33.6,6.0,0,0,0
46102,Oglala Lakota County,SD,0.9545,0.9987,0.2494,0.9981,0.9332,22.1,0.1,42.8,0.0,65.8,11.8,26.1,5.3,0.3,25.6,10.7,95.4,71.95,23.9,22.450000000000003,15.25,29.3,58.35,47.35,6.0,0,0,0
46103,Pennington County,SD,0.5539,0.3917,0.4349,0.5488,0.8053,5.6,1.3,11.1,0.4,19.3,3.5,5.8,5.7,12.9,26.3,14.9,21.5,74.94999999999999,21.45,11.0,15.25,31.5,76.4,33.7,4.0,0,0,0
46105,Perkins County,SD,0.3417,0.2211,0.4938,0.0379,0.7003,3.4,0.0,9.0,0.0,19.6,4.2,7.8,0.4,3.9,15.7,12.8,4.6,76.05000000000001,21.4,12.15,15.25,34.099999999999994,74.4,36.05,6.0,0,0,0
46107,Potter County,SD,0.0296,0.0356,0.0633,0.2164,0.1184,1.5,1.5,7.1,0.0,14.7,2.8,3.4,0.0,0.0,13.1,10.8,8.1,76.75,20.35,11.05,15.25,33.599999999999994,79.0,35.05,6.0,0,0,0
46109,Roberts County,SD,0.6694,0.6481,0.5345,0.8291,0.5695,4.2,0.5,18.7,0.0,34.0,5.2,8.9,1.0,2.1,17.0,9.9,44.8,75.55000000000001,21.2,14.55,15.25,32.15,71.19999999999999,43.25,6.0,0,0,0
46111,Sanborn County,SD,0.167,0.1457,0.2768,0.1339,0.3662,7.7,0.0,7.1,0.0,18.3,1.1,8.1,3.8,2.3,19.7,12.3,6.7,75.05,20.95,11.1,15.25,33.099999999999994,76.65,36.15,5.0,0,0,0
46115,Spink County,SD,0.1381,0.1155,0.336,0.1861,0.2587,4.2,1.1,6.8,0.5,18.7,1.6,9.4,3.3,3.8,15.4,11.2,7.6,75.80000000000001,21.25,11.2,15.25,33.45,77.4,36.1,6.0,0,0,0
46117,Stanley County,SD,0.0452,0.0108,0.0579,0.3217,0.3213,2.9,0.0,6.1,0.0,7.0,0.2,5.7,4.4,6.1,13.6,13.7,11.0,75.85,20.75,9.8,15.25,31.95,76.8,35.2,5.0,0,0,0
46119,Sully County,SD,0.027,0.0312,0.2234,0.2062,0.042,0.8,5.5,8.6,6.6,12.8,0.0,3.8,0.0,1.9,13.9,9.9,7.9,76.25,19.8,10.7,15.25,33.05,79.35,34.85,6.0,0,0,0
46121,Todd County,SD,0.9475,0.9605,0.3026,0.9971,0.9914,16.9,0.0,27.6,0.2,66.6,15.1,20.2,4.2,7.9,18.9,7.8,92.5,73.95,23.799999999999997,21.799999999999997,15.25,30.15,68.1,49.75,6.0,0,0,0
46123,Tripp County,SD,0.6236,0.6997,0.4753,0.5352,0.5472,5.6,0.6,10.9,1.1,31.7,4.9,10.2,1.0,5.0,22.2,8.6,20.3,75.8,21.5,13.45,15.25,34.4,75.0,37.4,6.0,0,0,0
46125,Turner County,SD,0.0725,0.0853,0.4693,0.0579,0.078,2.4,0.6,5.3,0.5,17.4,2.3,8.6,2.3,3.3,17.1,10.3,5.2,75.1,21.049999999999997,10.55,15.25,32.45,79.1,33.95,3.0,0,0,0
46127,Union County,SD,0.0627,0.0455,0.3726,0.314,0.076,2.5,0.4,5.1,0.4,12.8,3.0,5.5,4.1,11.5,19.0,11.3,10.8,74.8,20.4,9.6,15.25,31.900000000000002,78.30000000000001,31.1,4.0,0,0,0
46129,Walworth County,SD,0.5024,0.4088,0.378,0.5444,0.672,2.9,2.2,11.7,0.1,21.3,3.6,8.8,2.1,4.1,21.1,13.0,21.1,76.30000000000001,20.65,11.8,15.25,33.3,75.80000000000001,34.5,6.0,0,0,0
46135,Yankton County,SD,0.2014,0.062,0.1903,0.3563,0.7019,5.0,1.2,7.7,1.0,14.7,1.6,6.9,5.3,13.3,15.2,13.8,12.1,75.25,20.75,10.600000000000001,15.25,32.2,78.30000000000001,38.55,5.0,0,0,0
46137,Ziebach County,SD,0.8842,0.9351,0.1527,0.9745,0.971,11.4,0.0,31.6,0.0,50.6,32.0,10.4,6.8,7.4,21.7,9.3,74.9,74.05000000000001,23.1,18.4,15.25,33.0,70.6,47.400000000000006,6.0,0,0,0
47001,Anderson County,TN,0.6363,0.6083,0.7397,0.3649,0.5972,5.4,3.2,9.9,0.8,24.5,5.4,9.1,3.4,8.8,23.0,20.6,12.4,77.7,30.799999999999997,12.8,15.25,38.45,71.9,41.95,3.0,0,1,0
47003,Bedford County,TN,0.7261,0.7429,0.8692,0.6045,0.4003,3.9,6.5,13.8,2.0,21.8,4.6,15.0,13.6,2.5,24.5,15.4,24.8,76.35,29.75,12.9,15.25,36.849999999999994,68.65,44.4,5.0,0,1,0
47005,Benton County,TN,0.4508,0.7156,0.5081,0.2323,0.1696,4.2,1.9,10.4,0.0,29.6,6.5,15.3,1.8,0.9,16.8,25.0,8.6,77.05000000000001,30.5,14.75,15.25,38.7,68.05000000000001,40.65,6.0,0,1,0
47007,Bledsoe County,TN,0.6997,0.8823,0.1849,0.3723,0.755,5.2,5.7,17.0,0.5,35.1,6.7,21.9,3.0,0.3,16.7,26.6,12.7,76.05000000000001,29.65,15.55,15.25,38.3,68.1,41.599999999999994,6.0,0,1,0
47009,Blount County,TN,0.2313,0.293,0.168,0.2914,0.342,3.0,2.6,9.9,0.7,16.8,4.1,9.6,3.8,4.2,18.9,13.4,10.1,78.0,30.05,12.0,15.25,37.15,77.35,36.2,3.0,0,1,0
47011,Bradley County,TN,0.6726,0.6898,0.7108,0.4556,0.5647,4.7,4.6,10.9,1.4,23.4,5.4,11.8,6.9,4.6,23.2,18.2,16.1,76.45,29.1,12.45,15.25,36.3,72.15,41.5,4.0,0,1,0
47013,Campbell County,TN,0.7143,0.896,0.4629,0.021,0.7213,6.2,0.3,10.2,0.2,32.6,7.1,18.8,1.7,3.7,22.3,28.3,4.1,76.1,31.75,14.149999999999999,15.25,38.55,71.65,42.400000000000006,3.0,0,1,0
47015,Cannon County,TN,0.2739,0.4795,0.3417,0.1572,0.1664,4.9,2.5,11.4,0.4,24.7,3.3,14.4,2.7,0.5,18.0,19.6,7.1,76.0,30.9,13.2,15.25,37.85,72.5,42.8,2.0,0,1,0
47017,Carroll County,TN,0.5457,0.58,0.5584,0.4537,0.475,6.6,8.8,10.5,0.2,29.1,4.6,11.3,3.1,1.1,19.3,20.1,16.0,76.15,30.4,13.8,15.25,37.55,72.3,42.95,6.0,0,1,0
47019,Carter County,TN,0.6666,0.8301,0.5838,0.1572,0.553,5.9,2.2,12.9,0.4,30.6,7.2,12.6,2.7,2.1,21.1,22.2,7.1,77.1,32.4,14.2,15.25,40.400000000000006,69.7,37.95,4.0,0,1,0
47021,Cheatham County,TN,0.1995,0.272,0.2749,0.2816,0.1947,1.8,1.9,10.2,1.0,16.8,3.7,11.1,3.8,4.5,16.9,14.6,9.8,76.45,29.049999999999997,11.45,15.25,35.45,72.85,39.150000000000006,2.0,0,1,0
47023,Chester County,TN,0.4553,0.6968,0.1387,0.4378,0.3665,4.0,10.3,10.6,0.3,28.6,6.9,14.4,2.9,1.9,16.0,11.8,15.4,76.8,31.1,13.2,15.25,36.95,72.44999999999999,39.5,4.0,0,1,0
47025,Claiborne County,TN,0.5619,0.8269,0.2415,0.0627,0.5641,5.1,0.8,9.1,0.2,30.3,6.1,17.8,1.5,1.6,22.5,25.9,5.3,76.7,31.55,13.65,15.25,38.5,64.75,42.3,6.0,0,1,0
47027,Clay County,TN,0.6605,0.6599,0.9472,0.1037,0.4617,6.5,0.7,8.3,2.3,36.7,5.5,15.0,2.8,2.1,16.6,23.6,6.1,76.55000000000001,31.5,15.4,15.25,39.5,72.05000000000001,39.9,6.0,0,1,0
47029,Cocke County,TN,0.7369,0.9287,0.8807,0.182,0.2759,4.3,1.2,12.8,0.5,34.1,6.2,15.5,2.8,0.2,24.7,23.4,7.5,76.44999999999999,32.0,15.2,15.25,39.75,69.7,40.05,5.0,0,1,0
47031,Coffee County,TN,0.6411,0.6354,0.9243,0.3847,0.3382,4.3,3.8,9.7,1.1,26.6,4.6,12.6,5.2,4.2,22.0,18.7,13.3,76.55,30.3,12.8,15.25,37.8,68.6,39.45,5.0,0,1,0
47033,Crockett County,TN,0.7203,0.6045,0.9733,0.6424,0.349,5.2,11.0,12.1,2.4,24.3,3.8,14.3,11.5,0.5,21.1,16.4,28.0,77.3,28.5,14.15,15.25,36.650000000000006,73.4,42.150000000000006,4.0,0,1,0
47035,Cumberland County,TN,0.3506,0.595,0.2918,0.1094,0.245,5.6,0.8,9.1,0.2,28.4,5.7,10.7,3.2,2.2,19.1,21.1,6.2,78.4,30.75,14.5,15.25,40.55,73.35,39.65,5.0,0,1,0
47037,Davidson County,TN,0.7171,0.7054,0.2794,0.825,0.8027,6.7,26.0,12.1,4.8,22.4,4.6,9.7,10.6,25.7,31.3,11.4,44.4,75.69999999999999,27.9,11.45,15.25,33.95,78.6,32.4,1.0,0,1,0
47039,Decatur County,TN,0.4496,0.762,0.1289,0.2485,0.3548,3.8,2.4,9.9,0.2,31.8,7.9,14.9,3.6,0.9,17.6,16.0,9.0,77.15,31.45,15.65,15.25,39.35,72.85,42.9,6.0,0,1,0
47041,DeKalb County,TN,0.8018,0.8988,0.6204,0.3802,0.7388,8.7,1.6,9.7,0.9,33.8,5.0,18.9,8.4,2.0,27.7,21.4,13.0,75.85,30.65,14.45,15.25,38.95,69.1,40.15,6.0,0,1,0
47043,Dickson County,TN,0.2316,0.3143,0.3233,0.3484,0.1801,1.9,3.6,9.8,0.4,17.8,3.8,11.6,4.2,1.9,18.1,17.2,11.8,75.6,29.799999999999997,11.75,15.25,36.1,76.05,37.35,2.0,0,1,0
47045,Dyer County,TN,0.6335,0.7063,0.8832,0.552,0.2129,6.4,13.3,9.4,0.6,27.7,4.5,11.8,3.8,2.6,25.3,18.4,21.7,77.05,31.3,13.75,15.25,37.2,74.45,39.4,5.0,0,1,0
47047,Fayette County,TN,0.3668,0.3388,0.5294,0.7066,0.2097,5.0,26.9,8.4,0.9,17.4,5.3,9.7,3.2,0.9,18.6,17.2,33.3,78.8,26.65,13.95,15.25,37.7,76.35,38.85,2.0,0,1,0
47049,Fentress County,TN,0.4413,0.7203,0.5107,0.0407,0.1998,5.5,0.3,8.5,0.1,33.0,5.3,19.1,1.8,0.8,18.9,24.0,4.7,76.5,31.4,14.950000000000001,15.25,39.3,71.25,44.7,6.0,0,1,0
47051,Franklin County,TN,0.4219,0.4407,0.5409,0.363,0.3672,5.5,4.8,9.1,0.5,24.5,2.6,10.0,3.8,0.6,22.9,20.0,12.3,77.25,30.75,12.7,15.25,37.4,73.4,35.4,5.0,0,1,0
47053,Gibson County,TN,0.7833,0.7286,0.8848,0.5927,0.6233,9.2,16.0,10.7,0.7,26.9,5.4,12.4,3.0,2.0,22.4,21.1,24.1,77.15,29.0,13.6,15.25,36.95,74.0,39.5,4.0,0,1,0
47055,Giles County,TN,0.4524,0.4897,0.4235,0.4779,0.4022,4.0,8.8,8.1,0.4,24.4,5.1,12.0,3.3,3.3,18.7,15.5,17.3,77.25,29.950000000000003,13.8,15.25,37.75,69.65,39.849999999999994,6.0,0,1,0
47057,Grainger County,TN,0.6128,0.8295,0.5727,0.1508,0.4136,6.6,0.9,10.8,1.2,29.4,5.8,19.0,3.6,2.1,21.7,23.3,7.0,76.3,30.75,13.899999999999999,15.25,39.4,69.65,40.95,3.0,0,1,0
47059,Greene County,TN,0.615,0.6468,0.6882,0.2109,0.6064,4.9,1.7,10.1,0.5,28.0,5.4,13.6,3.3,2.0,18.8,22.2,8.0,76.2,30.15,13.75,15.25,37.4,74.94999999999999,40.6,5.0,0,1,0
47061,Grundy County,TN,0.5192,0.8247,0.427,0.0579,0.2743,5.9,0.4,13.7,0.2,29.0,6.3,20.5,1.6,0.0,18.5,24.7,5.2,76.45,32.05,14.8,15.25,38.75,69.85,40.5,6.0,0,1,0
47063,Hamblen County,TN,0.8591,0.8851,0.9698,0.5237,0.5116,4.9,3.1,13.3,2.8,30.1,6.6,13.6,12.3,6.0,23.3,19.4,19.7,76.4,30.55,14.05,15.25,38.15,69.25,40.4,4.0,0,1,0
47065,Hamilton County,TN,0.5635,0.4769,0.553,0.6634,0.5822,5.9,17.7,9.6,1.9,19.5,4.4,9.3,6.2,12.8,24.1,14.7,29.9,77.1,27.0,11.85,15.25,34.55,75.75,34.5,3.0,0,1,0
47067,Hancock County,TN,0.8419,0.9621,0.6424,0.015,0.8492,13.5,0.6,11.8,0.2,47.4,10.1,20.2,0.7,0.3,22.4,26.7,3.8,76.30000000000001,34.1,17.95,15.25,40.2,66.55,42.8,6.0,0,1,0
47069,Hardeman County,TN,0.8871,0.9695,0.6303,0.8447,0.6837,7.0,39.4,10.4,0.3,30.8,12.8,19.1,2.0,0.4,28.2,23.2,46.1,78.6,26.05,16.15,15.25,36.55,72.44999999999999,43.75,6.0,0,1,0
47071,Hardin County,TN,0.503,0.6799,0.5562,0.2536,0.2892,4.5,3.4,13.2,0.3,31.4,3.3,14.6,2.6,0.9,20.9,19.2,9.1,77.25,31.299999999999997,14.950000000000001,15.25,38.65,66.9,38.05,6.0,0,1,0
47073,Hawkins County,TN,0.5555,0.7458,0.5978,0.0932,0.4178,5.0,1.0,9.7,0.2,27.9,8.6,13.8,1.8,3.5,19.0,23.0,5.9,75.85,31.549999999999997,14.2,15.25,39.25,74.65,40.900000000000006,3.0,0,1,0
47075,Haywood County,TN,0.8883,0.9815,0.8536,0.9001,0.3764,9.7,50.0,11.4,0.2,34.9,8.5,17.8,4.3,2.1,31.7,25.0,56.3,79.45,27.45,18.6,15.25,37.6,76.65,46.6,6.0,0,1,0
47077,Henderson County,TN,0.6274,0.6958,0.7022,0.3917,0.4633,4.6,8.2,11.9,0.7,27.1,5.4,12.1,2.7,0.6,20.4,18.0,13.5,76.8,29.65,14.0,15.25,38.3,67.85,38.7,6.0,0,1,0
47079,Henry County,TN,0.6118,0.6284,0.7009,0.3939,0.5205,6.2,7.4,11.0,0.1,30.0,4.0,12.9,2.8,2.4,20.6,22.9,13.6,78.3,31.5,14.75,15.25,38.3,71.5,38.150000000000006,5.0,0,1,0
47081,Hickman County,TN,0.4181,0.5253,0.1845,0.3016,0.5278,3.2,3.4,9.1,0.1,23.2,3.7,17.5,2.9,1.0,20.2,19.9,10.4,76.0,30.15,12.95,15.25,37.599999999999994,74.65,38.25,2.0,0,1,0
47083,Houston County,TN,0.3847,0.5676,0.3974,0.2485,0.2313,4.2,3.4,11.4,0.0,21.6,4.2,16.0,2.8,0.3,20.1,19.3,9.0,76.05,30.9,13.2,15.25,37.55,72.35,39.35,6.0,0,1,0
47085,Humphreys County,TN,0.3735,0.7569,0.1619,0.2733,0.1457,3.3,1.2,10.8,0.0,24.7,10.2,12.7,2.7,1.0,20.5,17.2,9.6,76.6,30.85,13.45,15.25,37.65,72.25,41.0,6.0,0,1,0
47087,Jackson County,TN,0.7035,0.7614,0.699,0.1339,0.7105,6.8,0.7,9.7,0.6,30.5,7.2,18.7,2.4,1.6,16.8,25.9,6.7,76.7,31.6,14.9,15.25,39.85,71.15,39.2,5.0,0,1,0
47089,Jefferson County,TN,0.4954,0.5008,0.734,0.2485,0.391,2.6,1.7,9.4,1.3,19.9,5.4,12.0,3.9,1.4,19.8,20.4,9.0,76.75,30.9,12.2,15.25,36.05,76.35,37.25,4.0,0,1,0
47091,Johnson County,TN,0.6882,0.6904,0.4165,0.2733,0.8925,5.1,3.6,13.2,0.5,33.3,4.4,17.6,2.3,1.7,16.3,21.9,9.6,76.65,30.950000000000003,15.45,15.25,39.349999999999994,72.5,39.85,6.0,0,1,0
47093,Knox County,TN,0.3738,0.3793,0.1871,0.5094,0.5215,5.6,8.2,8.0,1.3,21.0,3.8,7.7,4.8,14.3,24.3,12.3,18.9,77.35,30.85,11.55,15.25,34.6,76.35,33.8,3.0,0,1,0
47095,Lake County,TN,0.9345,0.9539,0.3818,0.7146,0.9933,16.7,25.5,16.2,0.7,41.9,7.0,25.7,2.9,6.5,20.9,27.9,34.2,75.1,29.25,18.4,15.25,38.1,69.3,47.25,6.0,0,1,0
47097,Lauderdale County,TN,0.9246,0.9294,0.8505,0.7951,0.826,8.3,34.4,10.6,0.6,32.1,6.1,18.0,2.9,1.3,26.7,22.7,41.2,77.5,28.2,16.15,15.25,36.75,71.9,47.2,6.0,0,1,0
47099,Lawrence County,TN,0.7391,0.8616,0.875,0.1985,0.4454,7.1,1.4,13.8,1.3,30.1,6.3,14.2,2.5,2.0,22.0,17.5,7.8,76.05000000000001,32.6,13.65,15.25,38.0,70.1,41.4,5.0,0,1,0
47101,Lewis County,TN,0.5288,0.8393,0.2612,0.2062,0.335,2.8,1.2,12.7,0.0,29.7,5.2,15.6,2.6,0.6,23.5,21.5,7.9,75.44999999999999,31.049999999999997,13.4,15.25,37.7,67.6,39.150000000000006,6.0,0,1,0
47103,Lincoln County,TN,0.3726,0.4321,0.5167,0.42,0.2354,4.6,6.2,9.5,0.2,20.6,4.3,11.9,3.9,0.8,19.6,16.5,14.6,76.6,29.05,13.25,15.25,37.8,74.3,40.4,5.0,0,1,0
47105,Loudon County,TN,0.1715,0.2447,0.3646,0.3961,0.0894,3.1,1.2,8.2,1.8,19.2,3.0,12.2,9.6,2.8,16.6,14.0,13.7,78.0,27.85,12.95,15.25,38.85,72.1,36.5,3.0,0,1,0
47107,McMinn County,TN,0.5705,0.6115,0.6112,0.377,0.5062,3.5,3.4,11.2,0.8,23.6,5.3,13.6,4.5,1.5,19.3,19.2,12.9,77.4,29.95,13.9,15.25,38.5,70.05000000000001,46.8,5.0,0,1,0
47109,McNairy County,TN,0.3404,0.7073,0.2008,0.3166,0.1129,4.8,5.9,10.1,0.2,30.6,6.2,13.7,2.4,0.1,18.1,16.5,10.9,76.5,31.0,14.55,15.25,38.25,70.44999999999999,39.349999999999994,6.0,0,1,0
47111,Macon County,TN,0.5686,0.7404,0.6752,0.2781,0.3035,3.3,0.6,10.4,1.4,27.3,3.6,22.0,5.3,1.0,23.4,17.3,9.7,75.55000000000001,31.049999999999997,13.649999999999999,15.25,36.75,72.05000000000001,42.85,2.0,0,1,0
47113,Madison County,TN,0.8969,0.8708,0.8568,0.8365,0.783,7.7,37.1,10.4,1.5,28.0,7.4,10.4,4.3,5.2,30.2,16.6,45.5,81.0,27.299999999999997,15.149999999999999,15.25,34.45,77.9,44.05,4.0,0,1,0
47115,Marion County,TN,0.4951,0.7044,0.5087,0.2536,0.2692,4.5,2.9,8.7,0.2,27.5,5.7,19.2,2.1,1.2,18.9,21.5,9.1,76.6,31.25,14.399999999999999,15.25,37.75,73.1,40.400000000000006,3.0,0,1,0
47117,Marshall County,TN,0.3513,0.5422,0.4438,0.4416,0.1155,2.1,4.7,6.8,0.9,24.9,5.8,10.8,6.0,1.7,21.2,12.0,15.6,75.95,30.5,12.649999999999999,15.25,36.3,72.55000000000001,39.75,5.0,0,1,0
47119,Maury County,TN,0.2214,0.2708,0.2969,0.5581,0.1486,2.6,10.8,9.1,0.8,16.5,2.5,8.2,6.6,5.2,23.2,11.6,22.0,75.9,28.25,11.7,15.25,35.8,76.45,35.0,2.0,0,1,0
47121,Meigs County,TN,0.4881,0.7776,0.216,0.2733,0.3369,4.3,2.4,11.7,0.2,23.4,7.5,17.9,1.2,0.1,19.7,21.9,9.6,76.55,31.1,14.05,15.25,38.65,70.19999999999999,40.599999999999994,5.0,0,1,0
47123,Monroe County,TN,0.7569,0.8266,0.854,0.3535,0.4957,4.9,1.8,11.1,0.6,28.6,6.6,14.3,4.6,1.9,22.3,22.5,12.0,76.65,31.700000000000003,14.05,15.25,38.9,73.35,38.95,6.0,0,1,0
47125,Montgomery County,TN,0.5997,0.5183,0.7801,0.7706,0.3793,3.6,19.6,8.6,0.9,20.0,6.1,5.9,10.7,5.8,26.7,15.5,39.1,76.94999999999999,28.200000000000003,11.3,15.25,33.15,75.05,38.45,3.0,0,1,0
47127,Moore County,TN,0.2262,0.5151,0.1884,0.1928,0.1072,2.9,3.7,5.8,0.1,27.5,4.2,13.9,0.5,0.3,21.8,15.7,7.7,76.9,29.700000000000003,13.0,15.25,38.0,72.44999999999999,38.599999999999994,5.0,0,1,0
47129,Morgan County,TN,0.6122,0.8727,0.1483,0.2692,0.6192,4.4,4.7,11.0,0.1,30.8,8.4,18.6,1.6,0.2,20.2,23.2,9.5,75.75,30.45,13.600000000000001,15.25,37.9,68.3,43.2,3.0,0,1,0
47131,Obion County,TN,0.6064,0.658,0.7878,0.5269,0.3118,7.3,10.5,8.8,0.6,28.3,5.0,15.2,5.1,1.4,20.1,22.7,19.9,76.95,30.95,14.6,15.25,37.6,72.44999999999999,40.2,5.0,0,1,0
47133,Overton County,TN,0.252,0.5011,0.3064,0.0337,0.1479,4.6,1.3,7.3,0.1,28.7,3.5,17.8,1.9,0.6,18.7,17.3,4.5,76.5,31.3,14.05,15.25,38.349999999999994,72.35,40.75,5.0,0,1,0
47135,Perry County,TN,0.4677,0.8715,0.2227,0.2536,0.1553,3.6,0.4,16.4,0.0,28.0,10.9,20.0,1.0,0.6,17.4,18.7,9.1,76.25,31.049999999999997,14.7,15.25,38.3,70.55,39.95,6.0,0,1,0
47137,Pickett County,TN,0.3283,0.5864,0.2421,0.0455,0.2765,8.2,0.3,8.4,0.0,32.8,4.5,18.5,2.2,0.4,15.2,26.7,4.8,77.3,31.45,16.200000000000003,15.25,40.599999999999994,70.15,41.849999999999994,6.0,0,1,0
47139,Polk County,TN,0.5157,0.7534,0.1836,0.265,0.497,5.7,0.4,15.5,0.1,25.2,7.8,15.3,2.2,0.3,15.9,21.8,9.4,76.55,31.3,13.399999999999999,15.25,38.35,72.35,43.35,4.0,0,1,0
47141,Putnam County,TN,0.5536,0.7108,0.2564,0.3748,0.5743,4.1,2.1,9.0,1.2,28.0,4.5,10.8,6.7,6.3,27.4,13.9,12.8,75.85,29.049999999999997,12.05,15.25,36.6,67.9,38.15,5.0,0,1,0
47143,Rhea County,TN,0.7238,0.7671,0.8721,0.3535,0.4734,6.6,1.7,11.1,1.1,29.7,7.9,16.7,5.5,0.8,16.1,21.5,12.0,76.85,30.85,14.25,15.25,37.8,75.65,42.45,6.0,0,1,0
47145,Roane County,TN,0.3083,0.405,0.2189,0.2399,0.4098,5.4,2.7,7.4,0.3,22.1,4.9,10.1,2.2,3.6,20.0,18.6,8.8,77.80000000000001,30.65,12.899999999999999,15.25,37.95,72.9,36.9,3.0,0,1,0
47147,Robertson County,TN,0.279,0.3834,0.4591,0.504,0.1075,3.0,7.1,9.4,1.4,17.9,3.8,11.4,7.7,2.8,21.2,13.8,18.6,75.8,28.55,11.899999999999999,15.25,36.400000000000006,72.35,36.7,2.0,0,1,0
47149,Rutherford County,TN,0.4267,0.363,0.5657,0.699,0.3003,2.5,15.0,9.3,2.7,17.2,3.9,7.3,9.1,12.0,25.0,11.1,32.5,76.5,26.6,11.0,15.25,33.9,75.75,38.0,2.0,0,1,0
47151,Scott County,TN,0.7388,0.9685,0.9077,0.0073,0.2141,4.2,0.3,12.0,0.3,39.7,9.6,19.6,0.2,2.1,23.5,26.7,3.2,75.19999999999999,33.2,15.3,15.25,38.8,70.05,43.25,6.0,0,1,0
47153,Sequatchie County,TN,0.504,0.6732,0.7903,0.1928,0.1759,3.7,0.5,12.2,1.1,33.4,3.3,16.0,4.0,0.4,20.0,21.4,7.7,76.45,32.15,14.899999999999999,15.25,38.400000000000006,71.9,39.3,3.0,0,1,0
47155,Sevier County,TN,0.566,0.5902,0.6831,0.342,0.4817,3.6,0.9,13.2,2.0,23.2,3.5,12.3,6.9,8.2,22.7,17.4,11.6,76.95,30.049999999999997,12.95,15.25,38.2,70.85,38.25,5.0,0,1,0
47157,Shelby County,TN,0.8708,0.8976,0.7827,0.944,0.6297,8.4,53.6,11.9,1.9,27.8,7.3,10.4,6.8,12.3,32.7,12.7,65.5,80.85,25.049999999999997,15.25,15.25,36.15,78.69999999999999,39.650000000000006,1.0,0,1,0
47159,Smith County,TN,0.4146,0.4718,0.5542,0.2692,0.3258,5.3,1.7,9.6,0.6,23.7,3.5,13.4,3.2,0.6,20.0,17.0,9.5,75.6,30.5,12.35,15.25,36.400000000000006,74.55000000000001,38.8,2.0,0,1,0
47161,Stewart County,TN,0.3885,0.3592,0.539,0.2854,0.4324,5.6,0.7,10.9,1.0,19.8,3.8,11.5,3.6,1.0,17.6,18.4,9.9,76.65,29.8,12.5,15.25,37.45,73.1,37.900000000000006,3.0,0,1,0
47163,Sullivan County,TN,0.4839,0.6761,0.4283,0.1861,0.364,4.9,1.9,9.3,0.2,25.5,6.2,10.7,2.2,4.9,22.2,18.8,7.6,78.0,31.45,13.55,15.25,36.0,73.6,37.75,3.0,0,1,0
47165,Sumner County,TN,0.2927,0.3032,0.4136,0.5094,0.2396,3.3,8.2,7.9,1.2,15.8,3.5,8.7,5.7,9.7,23.9,12.9,18.9,76.9,29.700000000000003,11.35,15.25,37.05,74.25,40.400000000000006,2.0,0,1,0
47167,Tipton County,TN,0.4158,0.4963,0.7121,0.615,0.0948,4.3,18.5,9.3,0.4,20.2,5.4,11.0,2.9,1.1,20.2,17.8,25.5,77.05000000000001,29.049999999999997,13.25,15.25,36.85,75.69999999999999,43.85,2.0,0,1,0
47169,Trousdale County,TN,0.2157,0.4734,0.0073,0.4973,0.3917,2.3,11.8,8.7,0.1,18.3,0.8,14.0,2.9,2.5,29.1,12.1,18.1,74.0,28.9,12.0,15.25,34.95,74.05000000000001,39.2,2.0,0,1,0
47171,Unicoi County,TN,0.5371,0.6939,0.5689,0.2364,0.3834,5.5,0.3,8.9,0.6,30.5,5.4,12.0,5.9,1.5,21.4,22.2,8.7,76.95,30.799999999999997,14.55,15.25,39.45,66.45,39.2,4.0,0,1,0
47173,Union County,TN,0.3783,0.6338,0.3952,0.0474,0.2199,3.2,0.5,8.6,0.1,25.4,5.7,19.6,2.0,0.9,17.6,21.9,4.9,76.15,30.6,13.149999999999999,15.25,37.7,70.9,40.0,3.0,0,1,0
47175,Van Buren County,TN,0.623,0.7359,0.3462,0.0474,0.8183,11.3,0.1,16.6,0.2,30.0,4.1,19.4,0.9,0.0,18.5,25.3,4.9,76.94999999999999,30.6,13.9,15.25,39.2,68.69999999999999,38.95,6.0,0,1,0
47177,Warren County,TN,0.7805,0.7117,0.9529,0.4518,0.5819,5.1,2.6,13.6,1.5,28.4,3.9,16.3,9.5,2.0,20.7,18.9,15.9,76.5,30.2,14.3,15.25,36.900000000000006,70.95,42.15,5.0,0,1,0
47179,Washington County,TN,0.5857,0.6067,0.2895,0.3697,0.7868,5.5,3.7,9.9,1.0,25.7,5.0,9.0,3.9,9.1,23.3,16.5,12.6,76.30000000000001,31.35,12.0,15.25,34.599999999999994,72.0,35.9,4.0,0,1,0
47181,Wayne County,TN,0.7474,0.7576,0.4375,0.3248,0.9195,6.6,4.8,12.7,0.4,32.2,4.6,17.7,2.4,1.1,19.5,19.4,11.1,75.8,29.45,14.100000000000001,15.25,38.3,72.35,40.35,6.0,0,1,0
47183,Weakley County,TN,0.608,0.6376,0.4833,0.4165,0.6484,6.7,7.9,11.6,0.5,30.7,4.0,12.5,3.0,2.1,20.4,19.9,14.5,76.19999999999999,30.450000000000003,13.350000000000001,15.25,36.0,73.25,40.1,5.0,0,1,0
47185,White County,TN,0.5154,0.874,0.3112,0.1696,0.2195,4.1,1.8,12.9,0.1,30.0,5.4,18.2,2.9,0.5,22.9,16.7,7.3,76.55,32.15,14.0,15.25,37.95,68.25,39.55,5.0,0,1,0
47187,Williamson County,TN,0.0165,0.0032,0.1352,0.4779,0.0382,2.2,3.9,4.2,0.8,6.5,2.1,4.0,5.1,9.5,16.3,7.3,17.3,77.65,25.15,9.25,15.25,35.8,80.15,29.049999999999997,2.0,0,1,0
47189,Wilson County,TN,0.175,0.139,0.4696,0.4932,0.1381,2.4,6.9,7.0,1.3,13.5,3.7,6.9,5.0,6.9,19.8,12.8,17.9,78.0,27.3,10.55,15.25,36.05,75.5,30.95,2.0,0,1,0
48001,Anderson County,TX,0.896,0.7862,0.5428,0.8129,0.9943,6.5,18.7,17.4,2.0,25.7,3.9,15.2,18.3,3.5,24.6,16.8,43.3,72.30000000000001,22.05,13.45,15.25,34.4,71.15,39.7,5.0,0,1,0
48003,Andrews County,TX,0.6834,0.7254,0.608,0.9259,0.3853,1.6,2.3,24.9,8.2,22.5,2.7,26.2,57.9,2.5,22.7,11.9,61.6,71.05,21.950000000000003,12.8,15.25,33.35,71.6,36.650000000000006,5.0,0,1,0
48005,Angelina County,TX,0.9917,0.9386,0.9876,0.7916,0.9656,5.6,12.6,18.6,3.6,30.8,6.0,16.0,23.0,6.1,24.7,19.1,40.7,74.19999999999999,24.6,13.95,15.25,38.45,74.95,40.9,5.0,0,1,0
48007,Aransas County,TX,0.7614,0.7849,0.3952,0.714,0.7865,5.1,0.8,15.5,0.7,26.3,4.4,11.4,28.9,5.3,27.0,16.9,34.1,75.30000000000001,23.35,13.65,15.25,38.75,71.15,36.2,3.0,0,1,0
48009,Archer County,TX,0.2657,0.3843,0.7531,0.3748,0.035,2.5,0.5,16.6,1.2,18.9,3.1,8.8,8.6,0.3,20.6,17.6,12.8,74.15,24.55,11.3,15.25,35.5,73.5,34.8,4.0,0,1,0
48011,Armstrong County,TX,0.0865,0.0643,0.56,0.3802,0.0458,0.0,0.8,7.3,0.9,14.7,0.2,7.2,9.4,0.0,16.7,11.7,13.0,74.8,23.9,11.0,15.25,35.7,70.05000000000001,33.3,3.0,0,1,0
48013,Atascosa County,TX,0.8664,0.8279,0.8349,0.9551,0.6707,5.5,1.0,21.4,5.9,23.7,6.4,19.4,65.7,1.4,19.7,11.8,68.7,72.44999999999999,20.85,14.7,15.25,35.55,71.30000000000001,42.2,2.0,0,1,0
48015,Austin County,TX,0.7133,0.5991,0.8877,0.7821,0.4547,3.5,8.6,14.0,3.5,22.2,3.8,12.1,28.2,1.6,22.6,13.0,39.9,73.85,22.65,13.25,15.25,35.7,69.5,37.4,2.0,0,1,0
48017,Bailey County,TX,0.7843,0.4712,0.9138,0.966,0.7792,13.2,0.2,32.1,18.5,19.1,2.1,26.8,67.9,0.2,14.9,13.0,71.9,71.7,21.4,14.9,15.25,35.55,69.19999999999999,39.15,6.0,0,1,0
48019,Bandera County,TX,0.5899,0.5838,0.6519,0.6198,0.44,1.5,0.9,13.9,2.3,21.5,6.7,8.0,20.5,0.2,20.2,18.8,25.9,75.69999999999999,23.799999999999997,13.25,15.25,38.25,72.19999999999999,35.45,2.0,0,1,0
48021,Bastrop County,TX,0.7566,0.7276,0.5517,0.8791,0.6872,2.9,6.2,19.2,4.8,20.5,4.4,16.9,41.2,2.2,22.7,12.1,51.7,72.5,22.049999999999997,12.7,15.25,35.4,69.44999999999999,40.150000000000006,2.0,0,1,0
48023,Baylor County,TX,0.462,0.5358,0.5313,0.525,0.2647,3.1,1.5,16.3,0.0,18.9,1.1,13.0,11.2,0.5,24.8,23.6,19.8,73.8,24.799999999999997,13.25,15.25,36.55,74.95,36.3,6.0,0,1,0
48025,Bee County,TX,0.9166,0.9507,0.4098,0.9599,0.9329,5.0,6.3,17.2,3.2,30.8,6.4,19.8,59.8,3.0,23.8,15.2,70.2,70.5,19.450000000000003,14.25,15.25,33.75,70.0,39.35,5.0,0,1,0
48027,Bell County,TX,0.937,0.8871,0.8861,0.9033,0.881,5.8,21.7,14.5,2.3,26.1,7.7,9.2,26.2,10.1,30.7,14.8,56.8,75.85,24.549999999999997,12.8,15.25,30.85,75.1,43.35,3.0,0,1,0
48029,Bexar County,TX,0.9192,0.8995,0.8635,0.972,0.7712,6.4,7.0,16.0,5.6,25.0,5.5,14.1,61.0,17.6,30.6,14.3,73.9,72.0,22.1,13.850000000000001,15.25,32.1,72.85,34.150000000000006,1.0,0,1,0
48031,Blanco County,TX,0.2339,0.3999,0.2593,0.615,0.0694,1.8,0.2,15.2,1.4,15.5,3.9,9.7,20.0,0.6,20.8,14.5,25.5,75.4,22.4,11.149999999999999,15.25,36.3,75.35,34.4,6.0,0,1,0
48033,Borden County,TX,0.0267,0.0006,0.1311,0.4932,0.1193,1.4,1.5,2.3,0.5,2.6,1.8,5.5,7.6,0.0,2.8,10.5,17.9,75.35,23.049999999999997,11.25,15.25,36.5,77.8,33.1,6.0,0,1,0
48035,Bosque County,TX,0.5794,0.4919,0.7964,0.5994,0.4356,2.9,1.9,18.2,2.2,22.3,3.9,12.3,19.6,1.3,16.8,19.3,24.5,74.9,23.85,12.4,15.25,36.55,72.3,36.0,3.0,0,1,0
48037,Bowie County,TX,0.8766,0.7413,0.7114,0.7585,0.9768,6.2,25.1,15.5,1.1,26.8,4.0,10.0,8.1,5.9,27.2,12.6,37.8,74.15,23.9,12.95,15.25,33.900000000000006,67.35,36.8,4.0,0,1,0
48039,Brazoria County,TX,0.6519,0.4588,0.5966,0.9007,0.7245,2.7,15.0,13.4,3.6,14.2,4.6,11.2,31.9,11.7,20.9,9.7,56.4,75.7,19.9,11.65,15.25,33.05,73.5,36.05,2.0,0,1,0
48041,Brazos County,TX,0.804,0.8368,0.1464,0.8377,0.9392,5.5,10.4,12.2,3.2,31.9,4.6,10.7,26.3,18.3,37.7,9.6,45.6,72.80000000000001,23.6,11.1,15.25,31.200000000000003,72.05,31.099999999999998,3.0,0,1,0
48043,Brewster County,TX,0.6478,0.5352,0.4168,0.8603,0.7359,6.1,0.3,11.9,2.1,23.3,3.0,11.1,45.5,5.1,23.3,12.2,48.1,74.5,20.6,11.65,15.25,34.9,73.35,33.2,6.0,0,1,0
48045,Briscoe County,TX,0.5479,0.8587,0.8072,0.8101,0.008,4.0,4.2,20.9,4.9,48.0,3.3,15.4,35.2,0.1,23.9,21.1,43.1,74.15,23.700000000000003,15.4,15.25,37.45,67.8,39.65,6.0,0,1,0
48047,Brooks County,TX,0.9163,0.9014,0.8377,0.9965,0.7687,15.5,0.6,24.6,7.0,41.9,2.1,29.9,89.4,1.3,25.6,23.9,91.7,71.4,19.5,19.0,15.25,36.35,63.449999999999996,42.900000000000006,5.0,0,1,0
48049,Brown County,TX,0.9135,0.742,0.9631,0.6701,0.943,5.7,3.3,17.3,2.0,24.7,3.8,12.6,23.3,4.6,25.3,21.3,30.3,73.5,24.05,12.7,15.25,35.7,71.05,35.05,5.0,0,1,0
48051,Burleson County,TX,0.5049,0.4034,0.5399,0.7436,0.4664,3.4,12.1,13.8,5.2,18.1,3.8,16.3,21.6,2.1,12.6,13.7,36.6,74.35,22.65,12.5,15.25,35.650000000000006,70.4,35.849999999999994,3.0,0,1,0
48053,Burnet County,TX,0.5819,0.4986,0.6911,0.6437,0.5046,3.3,1.3,17.4,2.8,19.1,3.4,11.6,22.7,2.2,21.1,15.9,28.1,74.4,22.9,11.9,15.25,36.0,72.7,35.349999999999994,6.0,0,1,0
48055,Caldwell County,TX,0.8956,0.7299,0.7442,0.9364,0.9745,4.5,4.4,24.5,5.8,26.2,2.4,19.7,55.1,3.6,21.9,16.1,63.3,72.45,21.5,14.05,15.25,34.75,68.55,42.3,2.0,0,1,0
48057,Calhoun County,TX,0.72,0.3605,0.9675,0.9163,0.6007,4.1,2.3,9.5,4.4,18.5,3.4,15.7,50.0,4.4,17.9,18.8,59.3,73.2,20.5,13.45,15.25,35.75,71.7,34.95,5.0,0,1,0
48059,Callahan County,TX,0.2956,0.4155,0.5444,0.4699,0.0929,3.4,1.2,17.2,0.8,19.6,4.8,7.9,10.7,0.2,18.1,21.1,16.9,74.55000000000001,24.6,11.7,15.25,36.349999999999994,71.6,36.1,4.0,0,1,0
48061,Cameron County,TX,0.9844,0.9895,0.9163,0.9962,0.8317,6.8,0.4,27.5,15.4,40.0,5.7,29.1,90.0,10.4,27.9,12.2,91.6,71.15,19.0,17.9,15.25,35.0,72.3,40.65,3.0,0,1,0
48063,Camp County,TX,0.917,0.9163,0.9927,0.8492,0.4458,5.0,14.3,22.3,3.4,34.7,5.4,12.8,26.8,1.8,24.6,17.4,46.5,74.4,23.9,14.9,15.25,35.85,69.35,40.1,5.0,0,1,0
48065,Carson County,TX,0.083,0.0888,0.2151,0.4636,0.0945,2.8,1.2,10.3,0.6,12.6,1.9,7.6,10.6,0.7,11.1,9.8,16.6,74.05000000000001,23.85,10.5,15.25,35.05,73.44999999999999,33.9,3.0,0,1,0
48067,Cass County,TX,0.8619,0.8396,0.9663,0.6045,0.5644,6.1,15.0,13.7,0.7,28.6,7.2,12.4,5.3,1.3,22.1,21.0,24.8,75.3,24.9,13.85,15.25,36.25,70.0,39.3,6.0,0,1,0
48069,Castro County,TX,0.7801,0.7315,0.7716,0.9583,0.5476,3.2,1.4,23.5,8.8,25.0,3.6,24.8,65.4,5.0,20.0,8.2,69.4,72.15,20.4,14.6,15.25,35.400000000000006,69.0,38.55,6.0,0,1,0
48071,Chambers County,TX,0.4798,0.5663,0.5148,0.7391,0.1938,2.5,7.1,15.9,2.7,17.6,7.5,10.8,25.2,1.7,17.5,10.9,36.3,72.25,23.35,10.75,15.25,32.6,74.5,34.8,2.0,0,1,0
48073,Cherokee County,TX,0.9717,0.9306,0.9259,0.7941,0.9551,6.1,13.1,20.8,4.6,30.6,5.8,21.1,24.3,2.1,22.2,12.6,41.1,73.85,23.950000000000003,13.649999999999999,15.25,34.95,68.5,35.8,5.0,0,1,0
48075,Childress County,TX,0.7178,0.9408,0.5759,0.867,0.1451,2.1,7.0,20.3,2.1,32.5,8.6,18.0,37.4,0.8,20.9,16.3,49.2,71.25,22.049999999999997,12.0,15.25,33.6,68.9,36.7,6.0,0,1,0
48077,Clay County,TX,0.1772,0.161,0.602,0.363,0.1044,3.3,0.3,15.8,0.7,16.4,1.8,7.1,7.1,0.3,14.3,20.5,12.3,74.65,24.5,11.5,15.25,36.349999999999994,72.75,34.849999999999994,4.0,0,1,0
48079,Cochran County,TX,0.938,0.9135,0.8928,0.9481,0.8005,6.0,5.3,19.3,10.6,43.2,7.1,30.6,60.9,1.0,15.8,18.2,67.0,71.8,23.1,17.85,15.25,36.3,68.0,42.7,3.0,0,1,0
48081,Coke County,TX,0.6379,0.6885,0.9287,0.6268,0.1715,3.6,1.6,12.7,1.6,29.5,3.0,14.0,23.1,0.0,23.1,19.2,26.6,74.4,24.0,13.850000000000001,15.25,37.349999999999994,68.5,36.65,6.0,0,1,0
48083,Coleman County,TX,0.6449,0.692,0.9055,0.5994,0.2154,6.8,3.2,25.0,2.2,25.6,6.3,11.8,18.3,2.0,15.7,21.0,24.5,74.9,24.25,13.350000000000001,15.25,37.2,73.8,37.2,6.0,0,1,0
48085,Collin County,TX,0.2997,0.2393,0.3598,0.8543,0.2358,2.9,10.3,10.1,3.7,11.3,4.2,5.6,15.6,20.8,22.2,7.5,47.3,74.8,20.0,9.3,15.25,34.1,78.65,31.95,1.0,0,1,0
48087,Collingsworth County,TX,0.8498,0.6793,0.9984,0.7725,0.4913,4.0,6.8,30.3,2.8,30.8,2.8,22.2,29.3,2.1,16.6,15.7,39.2,73.8,23.799999999999997,14.1,15.25,36.099999999999994,69.35,39.2,6.0,0,1,0
48089,Colorado County,TX,0.7639,0.6214,0.6586,0.8352,0.7951,5.6,11.9,15.0,2.8,22.2,5.7,15.6,31.4,2.5,14.9,14.2,45.4,74.55,21.75,13.25,15.25,35.85,74.25,36.45,6.0,0,1,0
48091,Comal County,TX,0.2749,0.2374,0.37,0.7276,0.2189,2.5,2.2,11.2,1.8,12.2,3.7,6.4,28.6,11.0,21.4,14.4,35.3,76.0,20.700000000000003,10.2,15.25,31.0,70.6,34.75,2.0,0,1,0
48093,Comanche County,TX,0.7267,0.7642,0.8772,0.7038,0.301,4.3,0.4,17.5,3.7,22.0,7.3,15.4,29.2,0.8,18.9,19.1,33.1,74.05000000000001,23.2,13.100000000000001,15.25,36.3,68.1,36.900000000000006,6.0,0,1,0
48095,Concho County,TX,0.7534,0.3936,0.9857,0.8403,0.6182,4.3,4.2,10.0,14.6,21.8,2.3,25.1,38.8,0.8,15.2,21.6,45.8,71.69999999999999,20.15,13.45,15.25,35.25,68.3,37.400000000000006,6.0,0,1,0
48097,Cooke County,TX,0.6946,0.5453,0.8486,0.6287,0.6214,4.8,3.2,15.0,3.6,20.3,3.9,11.2,19.0,4.1,21.9,13.7,26.8,73.69999999999999,24.15,11.9,15.25,35.05,68.45,36.150000000000006,5.0,0,1,0
48099,Coryell County,TX,0.833,0.7757,0.7528,0.819,0.7626,4.2,12.6,12.4,1.4,21.4,7.1,10.0,19.6,4.4,26.6,19.4,44.0,73.45,23.75,10.9,15.25,31.15,73.05,37.65,3.0,0,1,0
48101,Cottle County,TX,0.6732,0.6828,0.9294,0.7843,0.1864,7.9,6.6,10.5,0.0,38.9,4.1,18.1,23.6,0.7,17.9,27.8,40.1,75.05,23.450000000000003,16.35,15.25,37.75,70.19999999999999,40.55,6.0,0,1,0
48103,Crane County,TX,0.7092,0.4747,0.4012,0.9625,0.916,9.5,1.5,22.0,10.7,18.9,3.0,25.0,65.9,0.9,11.6,5.7,71.1,71.25,20.4,14.75,15.25,34.6,70.44999999999999,39.85,6.0,0,1,0
48105,Crockett County,TX,0.4098,0.3745,0.7305,0.9141,0.0913,0.0,0.4,18.1,5.4,15.4,2.0,28.1,58.6,2.2,11.0,12.6,59.0,72.1,20.75,14.95,15.25,36.400000000000006,70.1,37.650000000000006,6.0,0,1,0
48107,Crosby County,TX,0.9504,0.8438,0.9997,0.9303,0.6048,6.1,2.6,20.0,3.4,33.8,4.9,22.2,56.8,1.1,18.9,21.4,62.1,72.94999999999999,22.0,15.850000000000001,15.25,36.35,68.15,40.75,3.0,0,1,0
48109,Culberson County,TX,0.8393,0.826,0.7986,0.9917,0.5527,10.7,0.2,14.5,6.4,28.7,10.1,23.6,81.3,1.9,9.5,23.9,88.6,72.05,20.45,17.75,15.25,36.8,70.5,40.55,6.0,0,1,0
48111,Dallam County,TX,0.6039,0.6637,0.2568,0.8842,0.5313,3.4,0.1,25.3,11.8,29.8,2.6,22.0,47.9,6.7,16.9,10.5,52.8,71.25,22.25,14.649999999999999,15.25,34.7,68.1,39.650000000000006,6.0,0,1,0
48113,Dallas County,TX,0.8925,0.9271,0.7184,0.9685,0.7171,6.7,22.2,21.6,10.1,24.3,4.9,18.9,41.0,29.3,32.2,10.2,72.6,75.35,19.200000000000003,12.5,15.25,35.25,73.75,35.7,1.0,0,1,0
48115,Dawson County,TX,0.9876,0.9981,0.9338,0.9551,0.7709,8.3,7.6,19.9,3.2,40.0,9.5,29.8,58.6,1.6,27.2,16.4,68.7,70.5,21.1,15.3,15.25,34.95,67.15,39.7,6.0,0,1,0
48117,Deaf Smith County,TX,0.7245,0.6615,0.8206,0.9793,0.3885,3.4,1.4,23.2,8.3,32.5,2.1,27.8,75.4,3.4,15.7,8.2,77.8,71.2,20.9,16.2,15.25,35.5,65.35,41.0,5.0,0,1,0
48119,Delta County,TX,0.3665,0.5985,0.4101,0.5597,0.0818,3.3,8.8,7.0,0.5,23.5,6.4,10.8,9.5,0.4,22.6,17.2,22.1,74.15,25.049999999999997,12.3,15.25,35.599999999999994,72.45,37.05,6.0,0,1,0
48121,Denton County,TX,0.3796,0.3051,0.3684,0.825,0.3357,3.1,10.2,10.9,3.3,12.1,4.0,6.7,19.8,18.1,23.4,8.8,44.4,74.15,20.75,9.75,15.25,34.9,79.2,33.45,2.0,0,1,0
48123,DeWitt County,TX,0.8441,0.7887,0.5418,0.8508,0.9096,7.7,7.7,17.3,2.0,26.6,5.2,15.9,36.4,1.4,20.5,16.6,46.7,73.65,22.0,14.55,15.25,35.75,69.30000000000001,37.55,6.0,0,1,0
48125,Dickens County,TX,0.7588,0.8431,0.9446,0.7938,0.1508,5.3,1.9,14.8,1.6,27.4,9.7,14.5,38.2,0.0,19.7,20.2,41.0,74.6,22.799999999999997,14.45,15.25,37.65,71.9,37.8,6.0,0,1,0
48127,Dimmit County,TX,0.9994,0.9812,0.9971,0.994,0.9631,14.9,0.6,17.3,4.9,60.9,4.7,27.2,88.0,2.0,31.3,18.3,90.3,72.15,21.2,22.45,15.25,37.7,61.900000000000006,47.25,6.0,0,1,0
48129,Donley County,TX,0.3353,0.4957,0.0608,0.5711,0.4006,3.7,6.5,17.2,0.1,20.6,0.0,15.5,12.5,0.6,20.6,9.3,22.7,74.1,24.450000000000003,12.45,15.25,35.8,73.6,35.05,6.0,0,1,0
48131,Duval County,TX,0.9768,0.8925,0.9841,0.9936,0.9045,10.2,0.9,20.2,4.2,32.6,8.4,26.6,88.7,0.3,14.0,20.8,90.1,71.35,19.7,17.9,15.25,36.35,71.94999999999999,41.7,6.0,0,1,0
48133,Eastland County,TX,0.8616,0.7467,0.9131,0.5679,0.8797,6.3,2.3,16.2,1.7,26.4,4.9,14.6,17.3,2.9,20.3,19.2,22.6,73.5,24.75,12.75,15.25,35.85,70.4,35.85,6.0,0,1,0
48135,Ector County,TX,0.9421,0.9364,0.7906,0.9618,0.8645,5.2,4.5,21.8,6.7,24.7,5.8,23.2,63.6,11.8,25.6,10.2,71.0,69.55,21.0,13.2,15.25,32.900000000000006,72.5,40.05,4.0,0,1,0
48137,Edwards County,TX,0.6844,0.8492,0.8008,0.8756,0.1079,3.0,1.0,25.9,4.9,40.9,0.0,25.6,49.5,0.0,23.8,14.3,50.8,74.3,21.0,16.5,15.25,38.45,66.55,38.55,6.0,0,1,0
48139,Ellis County,TX,0.5695,0.4801,0.755,0.8171,0.3522,2.9,12.5,16.1,3.2,14.7,3.9,11.7,27.5,6.4,21.9,12.0,43.8,73.75,22.65,11.25,15.25,34.5,73.9,37.05,2.0,0,1,0
48141,El Paso County,TX,0.9825,0.9898,0.9182,0.992,0.8145,6.5,2.8,21.8,13.1,31.8,6.8,20.0,82.9,10.5,31.4,13.9,88.8,74.7,19.9,15.350000000000001,15.25,32.95,72.15,34.2,3.0,0,1,0
48143,Erath County,TX,0.7996,0.9061,0.1454,0.6316,0.9198,4.1,1.4,14.8,3.5,27.6,5.6,12.9,21.8,8.5,30.1,12.9,27.0,72.25,24.799999999999997,10.9,15.25,32.75,66.75,34.599999999999994,5.0,0,1,0
48145,Falls County,TX,0.972,0.9803,0.5132,0.8734,0.992,8.9,20.1,16.9,1.6,36.0,7.4,17.5,24.8,3.4,25.7,18.7,50.4,74.55,23.5,14.950000000000001,15.25,35.2,70.6,40.15,3.0,0,1,0
48147,Fannin County,TX,0.643,0.7047,0.3519,0.5759,0.6713,3.2,6.0,15.6,1.7,23.7,4.7,14.3,12.6,1.9,21.0,15.2,23.0,73.19999999999999,24.8,12.3,15.25,35.5,72.0,39.150000000000006,5.0,0,1,0
48149,Fayette County,TX,0.5234,0.3471,0.5883,0.6685,0.6185,4.8,6.0,11.0,2.0,17.2,3.5,10.1,22.0,4.4,20.7,15.6,30.2,75.45,22.200000000000003,11.95,15.25,36.05,72.7,34.15,6.0,0,1,0
48151,Fisher County,TX,0.4248,0.328,0.9644,0.7735,0.0433,5.6,3.1,13.0,3.0,19.0,2.9,13.8,32.8,0.1,13.1,18.1,39.3,74.6,22.5,12.65,15.25,35.9,74.05000000000001,36.1,6.0,0,1,0
48153,Floyd County,TX,0.7722,0.7865,0.9895,0.9405,0.1024,10.2,2.6,24.3,6.4,29.4,4.1,28.8,59.3,1.4,18.9,15.6,64.2,72.80000000000001,21.4,15.7,15.25,36.45,68.1,39.400000000000006,5.0,0,1,0
48155,Foard County,TX,0.6071,0.9335,0.4257,0.6936,0.0951,5.4,0.3,12.1,0.1,34.9,5.9,19.6,13.6,0.0,24.2,19.8,32.1,74.95,24.950000000000003,15.899999999999999,15.25,38.0,67.55,40.55,6.0,0,1,0
48157,Fort Bend County,TX,0.4515,0.3824,0.5431,0.959,0.2393,2.8,20.0,11.8,5.0,12.7,5.2,8.5,25.1,8.4,20.8,7.3,69.7,74.9,17.55,11.55,15.25,33.8,77.3,29.75,2.0,0,1,0
48159,Franklin County,TX,0.3821,0.3863,0.7999,0.5797,0.0964,1.9,4.5,15.2,2.2,11.6,6.5,8.5,15.5,1.4,16.3,16.4,23.3,74.7,23.65,11.45,15.25,35.85,74.5,35.4,6.0,0,1,0
48161,Freestone County,TX,0.8088,0.6297,0.9418,0.7321,0.6917,3.3,15.0,11.4,1.3,25.6,3.5,15.0,16.8,0.9,22.1,19.8,35.8,74.4,23.25,13.3,15.25,35.35,70.85,38.2,6.0,0,1,0
48163,Frio County,TX,0.9698,0.832,0.8498,0.9876,0.9965,10.9,4.1,14.3,9.6,30.2,2.6,30.0,79.4,1.1,25.9,15.1,84.8,69.1,19.3,15.9,15.25,34.55,68.6,41.0,6.0,0,1,0
48165,Gaines County,TX,0.6745,0.5985,0.7836,0.8403,0.4429,4.1,1.1,29.5,6.9,21.5,3.4,39.6,42.6,1.3,16.8,12.1,45.8,69.19999999999999,23.6,12.05,15.25,33.4,69.0,36.3,6.0,0,1,0
48167,Galveston County,TX,0.7378,0.7028,0.6172,0.8304,0.6551,5.4,12.0,13.8,3.0,18.3,5.9,10.3,25.9,13.1,25.5,12.9,44.9,73.94999999999999,21.95,11.55,15.25,33.6,74.55000000000001,33.9,2.0,0,1,0
48169,Garza County,TX,0.6984,0.8447,0.2456,0.9185,0.4925,6.3,9.3,16.3,13.6,26.0,9.9,30.0,46.8,0.0,16.1,18.1,59.7,70.19999999999999,20.85,14.7,15.25,35.05,69.6,39.9,3.0,0,1,0
48171,Gillespie County,TX,0.6392,0.5472,0.6379,0.636,0.6513,5.5,0.1,17.9,4.5,14.3,3.5,11.3,24.4,3.6,25.8,14.7,27.5,75.6,22.1,11.55,15.25,36.95,72.75,33.25,5.0,0,1,0
48173,Glasscock County,TX,0.2784,0.2536,0.5625,0.7366,0.1187,1.2,0.0,22.5,7.5,10.1,1.3,13.9,31.3,0.0,4.1,9.4,36.1,73.25,21.25,10.4,15.25,33.6,73.6,33.8,6.0,0,1,0
48175,Goliad County,TX,0.5243,0.5033,0.574,0.8066,0.3198,8.6,4.5,11.2,2.2,21.4,4.8,15.5,35.9,0.6,16.0,16.0,42.7,74.15,22.4,13.6,15.25,36.75,71.1,37.05,4.0,0,1,0
48177,Gonzales County,TX,0.9087,0.6567,0.978,0.9195,0.8956,8.3,6.1,18.9,6.6,24.0,1.0,22.6,52.2,1.8,21.4,16.4,59.9,72.95,22.15,14.85,15.25,35.900000000000006,70.25,39.599999999999994,6.0,0,1,0
48179,Gray County,TX,0.8645,0.9268,0.8346,0.7684,0.5593,3.2,4.5,19.5,4.3,28.7,5.4,18.4,30.4,3.5,24.5,13.3,38.9,72.65,23.4,13.15,15.25,34.7,66.80000000000001,38.5,5.0,0,1,0
48181,Grayson County,TX,0.6888,0.5905,0.7989,0.6249,0.588,3.8,5.3,16.6,2.4,19.7,3.9,9.6,14.6,7.0,25.4,13.8,26.5,74.05000000000001,24.65,11.55,15.25,35.5,69.9,33.9,4.0,0,1,0
48183,Gregg County,TX,0.8731,0.7677,0.8444,0.8212,0.8565,5.2,19.2,17.0,2.7,25.6,3.7,13.6,19.6,10.6,25.7,13.1,44.2,73.85,23.95,12.9,15.25,33.9,69.05,37.0,3.0,0,1,0
48185,Grimes County,TX,0.8676,0.8377,0.7786,0.8008,0.7836,3.2,11.7,18.2,3.4,24.7,5.6,19.2,24.8,1.5,21.4,14.4,41.9,73.5,22.950000000000003,13.350000000000001,15.25,35.3,71.5,37.1,6.0,0,1,0
48187,Guadalupe County,TX,0.5256,0.3939,0.643,0.8797,0.4031,2.7,7.5,11.5,2.8,16.4,4.3,10.9,39.0,3.1,20.0,13.7,51.9,74.5,22.3,12.2,15.25,33.7,72.15,34.55,2.0,0,1,0
48189,Hale County,TX,0.9332,0.9176,0.8921,0.9532,0.7744,3.7,3.9,22.3,6.4,32.1,4.7,25.2,61.6,5.6,22.8,12.3,68.3,71.8,21.35,15.3,15.25,35.45,66.75,39.2,5.0,0,1,0
48191,Hall County,TX,0.8689,0.8527,0.9943,0.8438,0.2969,3.3,6.5,21.2,3.6,32.3,7.5,18.2,35.2,0.8,14.1,17.7,46.0,74.25,22.85,15.55,15.25,36.9,66.85,39.55,6.0,0,1,0
48193,Hamilton County,TX,0.6634,0.6029,0.9637,0.4763,0.314,3.4,0.9,15.1,3.2,27.5,2.8,10.7,14.1,0.4,22.5,20.0,17.2,74.4,24.2,12.8,15.25,36.75,73.0,36.35,6.0,0,1,0
48195,Hansford County,TX,0.4836,0.6036,0.3859,0.8781,0.1839,4.7,0.2,17.0,8.2,21.3,4.3,27.8,49.0,0.1,15.8,11.9,51.5,72.35,22.25,12.95,15.25,34.8,70.75,37.099999999999994,6.0,0,1,0
48197,Hardeman County,TX,0.4222,0.3952,0.874,0.735,0.0668,4.1,3.3,14.9,4.6,21.3,2.5,15.0,28.6,0.5,14.4,21.4,35.9,74.0,23.9,13.55,15.25,36.25,71.9,37.8,6.0,0,1,0
48199,Hardin County,TX,0.6465,0.5285,0.9017,0.4537,0.5256,4.8,5.7,16.5,0.9,21.5,4.6,11.1,6.5,2.6,18.7,18.6,16.0,73.6,25.25,11.4,15.25,34.95,70.3,33.85,3.0,0,1,0
48201,Harris County,TX,0.9201,0.965,0.7458,0.9672,0.7089,6.7,18.5,21.2,11.2,25.7,6.4,17.9,43.9,26.0,31.3,10.0,72.4,73.25,19.6,13.2,15.25,34.55,73.35,37.2,1.0,0,1,0
48203,Harrison County,TX,0.9036,0.7983,0.9602,0.7646,0.8008,6.4,20.6,16.3,2.1,25.5,6.1,10.7,13.9,1.4,23.3,17.4,38.6,74.95,23.9,12.850000000000001,15.25,34.0,68.4,39.0,3.0,0,1,0
48205,Hartley County,TX,0.4683,0.4458,0.1346,0.7843,0.6163,2.4,7.4,21.5,1.7,12.5,1.5,15.8,27.2,1.6,21.2,10.6,40.1,72.0,20.9,11.4,15.25,34.2,73.5,34.4,6.0,0,1,0
48207,Haskell County,TX,0.812,0.8829,0.8896,0.741,0.3563,5.2,5.8,20.4,3.4,27.8,6.3,20.5,28.6,0.8,19.8,23.3,36.4,73.1,23.35,13.600000000000001,15.25,36.25,68.7,36.75,6.0,0,1,0
48209,Hays County,TX,0.6723,0.7089,0.1804,0.8673,0.7432,2.8,3.5,12.9,3.3,20.9,5.1,9.1,40.3,18.1,30.9,11.1,49.3,72.0,21.7,10.5,15.25,32.099999999999994,74.2,34.9,2.0,0,1,0
48211,Hemphill County,TX,0.5577,0.3818,0.9033,0.7668,0.3182,3.6,0.3,18.2,8.2,11.7,4.1,11.4,35.6,0.0,18.6,18.9,38.8,73.45,22.0,10.649999999999999,15.25,34.7,74.25,32.95,6.0,0,1,0
48213,Henderson County,TX,0.8291,0.8361,0.6542,0.5953,0.8186,5.4,5.6,18.7,1.3,27.3,5.5,13.3,14.0,3.1,22.9,17.8,24.2,74.9,24.95,12.9,15.25,36.05,69.2,35.5,5.0,0,1,0
48215,Hidalgo County,TX,0.9841,0.999,0.8855,0.9975,0.7515,5.6,0.5,31.0,17.9,41.9,7.6,31.4,92.5,4.8,28.6,12.1,94.3,71.75,20.1,17.549999999999997,15.25,34.5,69.8,44.6,3.0,0,1,0
48217,Hill County,TX,0.8562,0.7292,0.945,0.6806,0.7779,5.5,6.0,17.9,2.6,23.4,4.5,14.4,21.9,2.3,22.1,17.4,31.2,73.9,24.0,12.85,15.25,35.7,69.55000000000001,36.95,6.0,0,1,0
48219,Hockley County,TX,0.93,0.8365,0.9494,0.8941,0.8311,5.9,2.6,20.0,4.2,27.0,5.3,20.5,50.2,2.4,20.3,15.7,55.4,72.35,22.2,13.5,15.25,34.55,68.35,36.25,3.0,0,1,0
48221,Hood County,TX,0.525,0.5243,0.4244,0.4871,0.559,2.5,1.0,14.4,1.9,15.4,5.8,7.6,13.1,5.1,23.2,12.9,17.6,75.44999999999999,23.5,10.85,15.25,36.3,69.2,33.3,5.0,0,1,0
48223,Hopkins County,TX,0.7525,0.7811,0.7296,0.6449,0.5488,4.1,7.3,18.8,2.9,24.0,4.8,15.1,17.8,3.8,22.5,14.3,28.2,73.6,24.55,12.3,15.25,34.7,71.35,37.6,5.0,0,1,0
48225,Houston County,TX,0.9625,0.9195,0.8699,0.7836,0.9672,7.8,23.8,16.3,1.3,33.1,4.5,17.6,12.3,2.4,26.7,22.4,40.0,74.7,23.25,15.15,15.25,35.9,73.05,38.2,6.0,0,1,0
48227,Howard County,TX,0.8816,0.777,0.7684,0.8877,0.9224,5.2,5.5,16.6,5.8,24.7,5.2,19.0,44.6,9.7,20.0,16.2,54.0,71.95,22.0,13.399999999999999,15.25,34.349999999999994,69.45,38.3,5.0,0,1,0
48229,Hudspeth County,TX,0.9943,0.985,0.8603,0.9863,0.9835,8.2,0.7,29.0,32.1,43.7,8.2,45.1,79.6,0.0,22.1,32.3,83.6,68.85,20.15,15.85,15.25,33.55,66.5,41.05,3.0,0,1,0
48231,Hunt County,TX,0.8746,0.825,0.7038,0.6828,0.9322,4.8,7.6,16.3,2.3,22.7,5.8,12.3,18.6,6.0,26.2,15.4,31.3,73.19999999999999,23.450000000000003,11.75,15.25,34.55,68.75,36.8,2.0,0,1,0
48233,Hutchinson County,TX,0.3245,0.4416,0.6421,0.6872,0.0452,4.2,2.3,15.6,1.3,17.7,4.3,14.1,24.5,1.9,15.6,16.6,31.6,73.3,23.799999999999997,11.95,15.25,34.95,77.1,35.150000000000006,5.0,0,1,0
48235,Irion County,TX,0.2962,0.4047,0.2838,0.6389,0.1549,0.6,0.0,22.2,0.3,11.7,1.3,11.2,27.7,0.0,23.2,13.0,27.7,74.05,23.2,11.850000000000001,15.25,35.55,69.35,35.05,4.0,0,1,0
48237,Jack County,TX,0.9418,0.9491,0.7191,0.5927,0.9691,10.8,3.8,18.6,2.6,28.4,8.2,20.4,17.9,0.7,22.6,13.8,24.1,72.30000000000001,24.25,12.600000000000001,15.25,35.45,69.95,37.849999999999994,6.0,0,1,0
48239,Jackson County,TX,0.8094,0.7385,0.8333,0.8059,0.664,6.7,5.7,15.3,3.3,23.2,5.5,19.4,33.8,1.2,18.8,15.0,42.6,73.55,22.95,13.399999999999999,15.25,35.650000000000006,69.85,37.900000000000006,6.0,0,1,0
48241,Jasper County,TX,0.8737,0.8979,0.6271,0.6223,0.9074,5.9,15.2,20.1,0.7,33.8,12.5,12.7,7.1,1.7,19.6,13.9,26.3,74.45,25.2,14.600000000000001,15.25,36.85,71.85,41.150000000000006,6.0,0,1,0
48243,Jeff Davis County,TX,0.4738,0.5046,0.4725,0.5558,0.3602,2.7,1.3,17.2,7.1,33.0,0.0,14.3,19.7,0.0,12.0,15.2,21.9,77.45,22.65,17.15,15.25,40.349999999999994,72.44999999999999,37.95,6.0,0,1,0
48245,Jefferson County,TX,0.9723,0.9313,0.924,0.9259,0.929,7.4,33.0,20.8,4.8,29.2,5.4,15.2,22.6,9.5,26.7,15.1,61.6,74.80000000000001,21.3,14.899999999999999,15.25,33.849999999999994,69.69999999999999,41.25,3.0,0,1,0
48247,Jim Hogg County,TX,0.6427,0.8991,0.1941,0.9933,0.2294,4.9,0.1,27.1,0.9,48.5,4.5,21.4,89.7,0.0,20.7,13.5,90.0,72.05000000000001,20.1,21.5,15.25,37.5,67.15,45.2,6.0,0,1,0
48249,Jim Wells County,TX,0.9491,0.9415,0.9822,0.9847,0.5431,7.6,0.6,20.2,3.5,34.6,5.2,21.7,80.3,0.6,23.5,17.3,82.3,72.3,20.25,17.1,15.25,36.2,68.4,40.7,5.0,0,1,0
48251,Johnson County,TX,0.6284,0.5511,0.6083,0.6911,0.6083,2.4,4.3,16.5,3.0,18.0,3.5,13.6,23.6,3.8,22.3,10.8,31.9,72.3,23.299999999999997,11.45,15.25,34.0,73.45,33.25,2.0,0,1,0
48253,Jones County,TX,0.5829,0.7722,0.2265,0.8075,0.3633,3.6,10.5,19.3,1.9,26.1,4.7,19.2,28.4,1.3,19.6,17.4,42.9,71.19999999999999,21.35,12.95,15.25,34.05,69.2,38.75,4.0,0,1,0
48255,Karnes County,TX,0.9367,0.8155,0.6042,0.9491,0.9978,8.8,6.3,16.3,6.3,29.7,5.3,23.9,56.2,3.6,18.4,13.5,67.2,71.0,20.35,14.2,15.25,33.599999999999994,68.55,39.099999999999994,6.0,0,1,0
48257,Kaufman County,TX,0.7089,0.7076,0.7006,0.8225,0.4629,3.2,15.0,13.6,1.9,18.4,4.9,13.7,24.8,4.1,25.4,10.9,44.3,73.55,22.049999999999997,11.35,15.25,32.650000000000006,74.0,37.8,2.0,0,1,0
48259,Kendall County,TX,0.3411,0.2809,0.4152,0.6624,0.321,2.6,0.7,12.0,3.4,11.5,4.8,7.5,25.0,7.4,19.0,11.5,29.8,75.25,20.95,9.95,15.25,34.7,76.85,34.2,2.0,0,1,0
48261,Kenedy County,TX,0.6678,0.6449,0.9917,1.0,0.0426,0.0,0.0,18.1,36.4,51.7,0.0,66.7,96.6,0.0,0.0,25.0,98.3,70.94999999999999,19.9,16.7,15.25,37.1,61.3,37.9,6.0,0,1,0
48263,Kent County,TX,0.2393,0.1486,0.7531,0.4779,0.146,2.8,0.9,4.2,0.3,9.2,5.4,11.5,13.5,0.0,11.8,20.1,17.3,75.30000000000001,22.8,11.100000000000001,15.25,36.1,75.80000000000001,32.8,6.0,0,1,0
48265,Kerr County,TX,0.7442,0.6322,0.5733,0.7105,0.8393,4.4,1.6,18.1,1.6,22.9,3.3,10.3,28.2,4.3,25.3,16.1,33.7,75.4,22.35,12.75,15.25,36.349999999999994,70.05,34.849999999999994,5.0,0,1,0
48267,Kimble County,TX,0.4948,0.531,0.566,0.6532,0.2714,4.2,1.4,17.9,1.3,27.9,0.8,14.7,26.3,1.5,17.8,18.8,29.0,75.05,23.65,14.15,15.25,38.2,72.15,37.15,6.0,0,1,0
48269,King County,TX,0.4438,0.6764,0.8056,0.7464,0.0092,0.0,0.0,10.6,7.4,40.3,4.5,21.3,32.9,0.0,5.0,12.5,37.0,74.65,24.15,14.5,15.25,37.75,70.7,37.8,6.0,0,1,0
48271,Kinney County,TX,0.6265,0.4855,0.9313,0.9427,0.2364,3.1,0.0,13.6,6.3,30.2,1.9,15.4,64.4,1.7,11.5,34.0,64.8,73.1,19.85,14.5,15.25,36.4,69.1,37.599999999999994,6.0,0,1,0
48273,Kleberg County,TX,0.9924,0.9936,0.8221,0.9819,0.9704,6.1,2.9,17.3,2.3,37.6,7.5,17.6,73.5,10.7,32.5,14.2,80.2,71.6,20.85,14.7,15.25,33.0,67.95,38.55,5.0,0,1,0
48275,Knox County,TX,0.6564,0.65,0.9205,0.8171,0.189,3.4,4.7,16.1,3.2,29.6,1.6,18.2,34.9,2.6,20.0,19.8,43.8,74.0,23.25,14.05,15.25,36.25,67.6,37.9,6.0,0,1,0
48277,Lamar County,TX,0.8536,0.7856,0.9752,0.6373,0.601,7.1,12.6,19.0,1.2,26.9,3.9,12.5,8.8,4.9,25.6,18.9,27.6,74.2,25.1,13.100000000000001,15.25,35.05,70.75,38.6,5.0,0,1,0
48279,Lamb County,TX,0.8221,0.6818,0.9885,0.9332,0.3888,4.9,3.3,25.4,7.7,30.5,2.8,23.3,56.9,0.6,16.8,16.3,62.5,72.6,21.75,15.450000000000001,15.25,35.95,70.85,40.2,6.0,0,1,0
48281,Lampasas County,TX,0.658,0.6774,0.8094,0.6599,0.3474,4.4,4.0,13.6,0.9,21.7,5.3,9.7,20.2,1.6,24.5,22.9,29.6,74.7,24.25,12.5,15.25,35.9,74.0,34.95,3.0,0,1,0
48283,La Salle County,TX,0.9128,0.9631,0.6557,0.9952,0.7356,2.5,3.3,19.7,8.2,33.8,4.2,37.6,87.4,0.4,32.8,10.1,91.4,68.7,19.6,16.05,15.25,34.6,63.35,39.849999999999994,6.0,0,1,0
48285,Lavaca County,TX,0.5752,0.4184,0.8298,0.6449,0.4823,3.6,5.1,10.5,1.5,21.9,3.0,14.7,20.0,1.3,18.6,14.4,28.2,74.7,23.700000000000003,12.85,15.25,36.6,71.4,36.55,6.0,0,1,0
48287,Lee County,TX,0.7856,0.6398,0.7677,0.7598,0.7983,4.7,10.4,13.8,2.7,26.2,2.8,13.5,24.8,2.1,23.0,15.6,38.0,74.1,23.45,13.9,15.25,36.3,71.45,39.7,6.0,0,1,0
48289,Leon County,TX,0.6974,0.6233,0.9758,0.6102,0.2673,1.9,7.4,18.6,2.4,23.4,5.1,15.4,15.7,0.5,14.6,22.5,25.2,74.55000000000001,24.1,13.350000000000001,15.25,36.55,70.05,36.3,6.0,0,1,0
48291,Liberty County,TX,0.9739,0.9758,0.8053,0.8139,0.9564,4.6,8.4,24.5,5.6,30.1,6.9,21.6,31.8,2.7,24.9,16.2,43.4,71.65,23.6,13.850000000000001,15.25,34.4,70.4,40.05,2.0,0,1,0
48293,Limestone County,TX,0.9065,0.8196,0.9714,0.8199,0.7152,3.9,16.8,19.1,2.8,31.4,3.6,15.4,22.9,1.1,23.9,16.8,44.1,74.85,23.3,14.600000000000001,15.25,35.75,68.85,39.8,6.0,0,1,0
48295,Lipscomb County,TX,0.7703,0.6472,0.9835,0.7922,0.3388,4.3,0.4,19.9,7.9,22.5,5.9,14.9,34.3,0.0,12.3,15.3,40.8,73.6,22.5,13.45,15.25,36.05,71.2,36.8,6.0,0,1,0
48297,Live Oak County,TX,0.9039,0.7665,0.7267,0.8686,0.9809,6.9,2.5,18.0,3.5,31.2,3.6,24.6,40.7,2.1,19.4,16.3,49.5,72.55000000000001,21.7,15.2,15.25,36.15,67.80000000000001,39.900000000000006,6.0,0,1,0
48299,Llano County,TX,0.6192,0.6984,0.7731,0.4445,0.3452,3.3,0.6,14.8,1.5,21.5,6.0,8.5,11.7,3.4,24.5,21.7,15.7,76.69999999999999,23.05,12.899999999999999,15.25,38.55,74.0,36.25,6.0,0,1,0
48301,Loving County,TX,0.4356,0.0,0.9866,0.0579,0.9828,12.5,0.0,0.0,6.8,7.3,0.0,3.2,0.0,9.1,0.0,18.8,5.2,76.9,23.35,12.0,15.25,35.15,73.94999999999999,38.05,6.0,0,1,0
48303,Lubbock County,TX,0.8422,0.8177,0.5005,0.8632,0.8613,5.6,6.5,13.5,1.7,26.9,4.6,11.7,36.8,14.6,30.8,12.9,48.6,72.25,22.549999999999997,11.7,15.25,33.400000000000006,75.9,36.25,3.0,0,1,0
48305,Lynn County,TX,0.6898,0.8317,0.9459,0.8686,0.0442,4.2,1.4,16.7,3.1,37.0,3.6,18.6,45.5,1.7,22.3,19.7,49.5,72.9,23.2,14.3,15.25,35.599999999999994,69.35,38.55,3.0,0,1,0
48307,McCulloch County,TX,0.7897,0.9154,0.8909,0.7607,0.2049,4.8,0.9,18.9,2.8,23.6,8.7,20.1,32.9,2.3,22.2,21.0,38.1,74.05000000000001,23.45,13.7,15.25,36.650000000000006,70.6,36.55,6.0,0,1,0
48309,McLennan County,TX,0.8861,0.8521,0.7951,0.8346,0.8333,5.2,13.6,14.1,3.7,28.8,4.4,13.1,27.1,13.6,30.5,13.4,45.3,73.95,23.65,12.35,15.25,32.5,73.05,35.45,3.0,0,1,0
48311,McMullen County,TX,0.8104,0.6933,0.9952,0.9236,0.2689,3.0,0.0,22.1,2.9,41.0,2.4,11.1,60.1,0.0,21.3,16.1,61.2,73.7,22.05,15.95,15.25,37.1,67.85,38.85,6.0,0,1,0
48313,Madison County,TX,0.9131,0.714,0.6914,0.8501,0.9987,8.7,15.9,13.3,4.6,22.0,6.3,21.1,24.7,3.5,17.0,16.5,46.6,72.1,22.05,13.0,15.25,34.05,70.05000000000001,37.55,6.0,0,1,0
48315,Marion County,TX,0.7315,0.7821,0.7983,0.6599,0.4088,4.9,21.9,11.6,1.2,28.2,10.7,13.3,4.6,0.0,18.7,22.3,29.6,76.15,24.25,15.450000000000001,15.25,37.55,73.85,39.1,6.0,0,1,0
48317,Martin County,TX,0.5966,0.6618,0.6437,0.9045,0.2199,0.0,1.3,14.7,2.9,19.9,10.2,15.8,51.5,0.0,10.7,11.1,57.0,71.6,22.2,11.8,15.25,33.5,71.15,35.8,4.0,0,1,0
48319,Mason County,TX,0.2724,0.3007,0.9115,0.5352,0.0146,3.4,0.1,11.2,3.4,13.3,2.8,15.1,19.2,0.5,18.1,18.9,20.3,75.65,22.2,12.15,15.25,37.4,73.35,33.9,6.0,0,1,0
48321,Matagorda County,TX,0.9758,0.9723,0.9825,0.9122,0.7308,6.6,9.7,17.3,3.5,31.2,6.7,18.5,44.2,5.3,26.0,17.4,58.6,73.75,22.35,15.149999999999999,15.25,35.85,70.5,39.45,5.0,0,1,0
48323,Maverick County,TX,0.9901,0.9971,0.9023,0.9997,0.8549,7.8,0.1,28.1,22.0,38.5,7.1,35.4,95.1,6.6,27.9,12.1,97.3,71.05000000000001,19.65,17.950000000000003,15.25,35.05,67.2,44.25,4.0,0,1,0
48325,Medina County,TX,0.741,0.4018,0.8562,0.9141,0.8209,4.7,2.4,13.7,3.7,17.7,2.4,14.0,53.1,1.3,19.9,18.7,59.0,73.6,20.9,13.4,15.25,34.650000000000006,74.9,39.55,2.0,0,1,0
48327,Menard County,TX,0.8606,0.9733,0.8629,0.7693,0.3322,4.1,0.1,25.4,2.8,27.2,14.3,22.1,34.2,5.1,23.3,29.0,39.0,75.15,22.2,14.850000000000001,15.25,38.349999999999994,69.8,37.05,6.0,0,1,0
48329,Midland County,TX,0.7397,0.5867,0.6787,0.9077,0.7318,4.7,6.1,15.4,5.4,16.2,3.4,15.6,47.1,13.7,24.0,10.8,57.6,72.25,21.2,11.100000000000001,15.25,31.950000000000003,76.8,35.849999999999994,4.0,0,1,0
48331,Milam County,TX,0.798,0.755,0.8648,0.7706,0.5714,4.0,9.2,16.2,3.6,23.9,5.8,14.2,27.3,1.7,20.3,15.8,39.1,73.6,23.299999999999997,13.4,15.25,35.3,69.30000000000001,37.2,6.0,0,1,0
48333,Mills County,TX,0.4693,0.3283,0.9364,0.6618,0.1616,1.6,0.7,13.5,1.8,16.2,2.3,12.1,24.6,0.2,19.3,16.1,29.7,74.95,23.0,12.0,15.25,36.75,73.5,33.3,6.0,0,1,0
48335,Mitchell County,TX,0.6958,0.5504,0.4206,0.8915,0.8218,1.9,8.1,25.8,4.1,27.4,1.4,16.2,41.1,3.7,16.6,14.7,54.9,71.05000000000001,20.95,13.4,15.25,34.1,67.94999999999999,38.75,6.0,0,1,0
48337,Montague County,TX,0.5959,0.6484,0.8953,0.434,0.2211,4.6,0.8,15.6,0.9,21.0,5.1,12.0,11.6,0.8,21.3,19.8,15.2,73.45,25.15,11.95,15.25,35.6,70.6,35.0,6.0,0,1,0
48339,Montgomery County,TX,0.5212,0.4451,0.4254,0.7579,0.5358,3.3,5.3,14.3,4.1,15.9,4.3,10.2,25.8,13.6,20.9,10.1,37.7,73.3,21.6,10.9,15.25,34.9,79.25,31.6,2.0,0,1,0
48341,Moore County,TX,0.882,0.805,0.8358,0.9586,0.8011,7.7,4.2,21.4,16.8,26.7,2.5,32.1,58.5,4.2,24.1,10.9,69.6,71.25,21.25,14.8,15.25,34.7,70.75,39.05,5.0,0,1,0
48343,Morris County,TX,0.7792,0.6872,0.9376,0.749,0.5033,5.7,22.2,13.5,0.4,26.0,5.9,12.4,11.1,1.9,18.6,20.7,37.2,75.6,24.15,14.2,15.25,35.75,70.9,39.05,5.0,0,1,0
48345,Motley County,TX,0.1721,0.3236,0.5889,0.5616,0.0067,2.4,2.0,18.6,0.0,15.5,3.0,14.0,13.7,0.8,8.7,23.1,22.2,74.7,23.45,12.6,15.25,37.05,71.9,35.5,6.0,0,1,0
48347,Nacogdoches County,TX,0.9952,0.972,0.9106,0.797,0.9984,6.0,17.3,15.5,3.6,34.3,6.6,14.8,20.4,11.0,29.1,16.6,41.5,73.25,24.4,13.1,15.25,34.099999999999994,73.1,34.3,5.0,0,1,0
48349,Navarro County,TX,0.979,0.9628,0.9685,0.8565,0.8587,5.1,11.3,18.1,4.8,30.4,5.6,19.6,29.2,4.0,27.7,17.4,47.5,73.65,23.6,14.4,15.25,35.45,73.6,38.3,5.0,0,1,0
48351,Newton County,TX,0.8463,0.9574,0.4092,0.6128,0.7843,7.6,18.4,24.3,0.0,38.0,10.6,18.1,4.1,0.5,20.3,15.4,25.4,74.75,25.9,16.35,15.25,37.3,71.80000000000001,42.7,6.0,0,1,0
48353,Nolan County,TX,0.9815,0.9255,0.9981,0.8571,0.8212,6.8,4.5,17.1,2.8,34.3,6.6,16.1,39.4,4.5,21.7,19.6,47.6,73.05000000000001,23.55,15.25,15.25,36.5,69.15,40.65,5.0,0,1,0
48355,Nueces County,TX,0.9351,0.9332,0.7801,0.9666,0.8492,7.0,3.5,18.1,2.6,26.4,5.7,15.5,64.9,11.6,29.4,13.1,72.0,73.55000000000001,20.2,15.15,15.25,35.45,73.15,39.85,3.0,0,1,0
48357,Ochiltree County,TX,0.8244,0.6863,0.9434,0.9163,0.5765,3.3,0.0,23.7,15.3,29.6,1.5,23.7,56.1,6.7,19.2,14.3,59.3,71.8,22.15,13.8,15.25,34.650000000000006,70.45,39.400000000000006,6.0,0,1,0
48359,Oldham County,TX,0.392,0.4496,0.1374,0.7146,0.4184,1.6,6.8,12.3,1.6,26.1,1.5,16.5,26.2,0.6,15.4,10.6,34.2,73.65,24.65,12.3,15.25,35.0,71.15,35.7,3.0,0,1,0
48361,Orange County,TX,0.6853,0.594,0.8037,0.5476,0.6099,5.3,8.6,16.3,1.6,21.2,5.8,10.7,8.9,5.1,18.7,16.7,21.4,73.55000000000001,25.3,11.65,15.25,34.099999999999994,71.6,38.3,3.0,0,1,0
48363,Palo Pinto County,TX,0.8015,0.9106,0.7515,0.6309,0.4738,4.0,2.6,18.7,1.7,26.4,7.3,12.5,20.5,3.6,25.1,16.5,26.9,73.25,24.55,13.0,15.25,35.85,68.65,39.4,5.0,0,1,0
48365,Panola County,TX,0.7331,0.6456,0.8501,0.6389,0.5845,3.1,12.6,19.9,1.5,22.8,2.9,16.3,9.4,1.9,21.8,16.8,27.7,74.7,24.1,12.55,15.25,35.5,73.1,37.45,6.0,0,1,0
48367,Parker County,TX,0.2638,0.321,0.2284,0.5119,0.258,2.8,1.4,13.8,1.6,13.9,3.9,9.7,13.7,2.7,19.0,12.3,19.0,74.0,24.35,9.95,15.25,34.0,72.6,35.25,2.0,0,1,0
48369,Parmer County,TX,0.6596,0.6437,0.7833,0.9513,0.2797,1.9,0.7,24.2,11.0,25.5,2.1,28.9,65.1,3.4,18.9,11.6,67.7,71.7,20.3,14.25,15.25,35.2,72.75,37.2,6.0,0,1,0
48371,Pecos County,TX,0.9049,0.7474,0.6653,0.9771,0.9885,8.5,3.8,17.2,4.0,31.9,1.2,24.1,70.1,3.3,21.3,8.5,76.3,70.8,19.6,16.25,15.25,34.55,72.1,40.05,6.0,0,1,0
48373,Polk County,TX,0.9208,0.9262,0.8858,0.6532,0.8412,3.6,8.0,16.7,2.0,25.9,9.3,18.6,15.6,1.7,22.2,24.2,29.0,73.25,25.1,13.95,15.25,36.25,69.95,38.75,6.0,0,1,0
48375,Potter County,TX,0.9889,0.9485,0.8788,0.9052,0.9936,8.6,10.0,21.5,6.6,35.4,3.7,22.8,39.6,11.7,31.5,13.2,57.3,72.44999999999999,23.05,14.850000000000001,15.25,35.55,65.65,41.9,3.0,0,1,0
48377,Presidio County,TX,0.9933,1.0,0.9669,0.9825,0.7219,13.9,0.0,33.0,18.1,46.8,12.3,38.4,79.3,1.8,28.2,15.2,81.3,73.4,19.65,20.0,15.25,37.900000000000006,62.599999999999994,41.75,6.0,0,1,0
48379,Rains County,TX,0.4706,0.3318,0.9185,0.4636,0.2615,4.1,2.7,16.3,2.2,19.3,2.3,12.6,9.8,0.8,14.5,20.2,16.6,74.95,24.25,12.2,15.25,36.75,72.75,35.7,6.0,0,1,0
48381,Randall County,TX,0.3519,0.2154,0.3751,0.6936,0.4839,2.8,2.8,9.6,0.8,15.6,2.8,6.1,23.9,11.6,22.7,10.6,32.1,73.6,23.700000000000003,10.4,15.25,33.35,76.0,35.25,3.0,0,1,0
48383,Reagan County,TX,0.5052,0.5794,0.4276,0.979,0.1919,0.7,2.1,17.0,2.1,18.0,8.7,11.9,70.7,0.0,13.9,5.1,77.5,71.85,19.6,14.1,15.25,34.150000000000006,72.45,38.900000000000006,6.0,0,1,0
48385,Real County,TX,0.783,0.5523,0.9806,0.6309,0.6392,3.7,1.3,19.8,1.9,37.6,1.6,10.9,25.6,0.2,17.8,30.5,26.9,75.35,23.85,15.45,15.25,38.25,69.85,38.25,6.0,0,1,0
48387,Red River County,TX,0.6895,0.7945,0.6783,0.6287,0.3796,3.4,15.6,18.9,1.7,30.8,3.8,14.9,7.8,3.3,22.6,16.8,26.8,75.55,24.75,14.7,15.25,36.95,70.65,38.6,5.0,0,1,0
48389,Reeves County,TX,0.9548,0.9389,0.7035,0.9809,0.9462,5.0,0.8,16.7,11.8,34.1,7.0,29.2,75.4,4.5,20.3,11.0,79.4,70.05,19.55,17.55,15.25,35.25,68.65,40.85,5.0,0,1,0
48391,Refugio County,TX,0.9653,0.91,0.9962,0.9201,0.7133,9.5,6.4,15.8,1.2,27.4,5.6,16.2,51.7,0.7,25.5,23.7,60.0,73.75,21.6,15.8,15.25,36.8,72.2,39.900000000000006,6.0,0,1,0
48393,Roberts County,TX,0.0576,0.1406,0.0067,0.4741,0.2437,7.8,0.4,13.1,0.0,15.8,0.5,8.2,13.9,0.0,10.9,12.0,17.1,74.15,23.700000000000003,10.25,15.25,35.0,71.6,33.75,5.0,0,1,0
48395,Robertson County,TX,0.8546,0.707,0.9793,0.8199,0.6322,7.9,19.9,13.4,1.6,21.4,8.7,14.7,22.2,0.4,17.8,18.7,44.1,74.95,22.799999999999997,13.850000000000001,15.25,35.95,73.69999999999999,37.95,3.0,0,1,0
48397,Rockwall County,TX,0.1164,0.0913,0.28,0.7066,0.0875,1.8,7.5,8.7,1.3,7.0,3.9,5.7,19.4,5.2,16.0,7.7,33.3,74.1,21.9,9.05,15.25,32.6,76.5,34.75,2.0,0,1,0
48399,Runnels County,TX,0.5148,0.4922,0.985,0.7821,0.0242,2.4,3.0,15.4,2.7,23.5,3.0,17.1,35.2,0.4,15.6,19.0,39.9,73.45,22.5,13.25,15.25,35.75,70.55,36.0,6.0,0,1,0
48401,Rusk County,TX,0.7973,0.7486,0.7464,0.7537,0.7248,3.9,15.6,15.8,2.5,24.4,5.5,15.8,17.9,1.4,19.6,15.4,37.5,73.55,22.95,13.05,15.25,34.599999999999994,75.05000000000001,37.5,3.0,0,1,0
48403,Sabine County,TX,0.5609,0.8839,0.4868,0.4537,0.1327,4.5,5.0,13.2,0.0,29.8,8.4,13.1,5.1,0.0,22.4,26.3,16.0,75.7,24.65,13.850000000000001,15.25,37.7,70.5,35.65,6.0,0,1,0
48405,San Augustine County,TX,0.9885,0.9793,0.944,0.6828,0.972,11.7,22.3,21.6,2.6,41.1,10.3,17.7,8.1,1.8,22.5,24.7,31.3,75.75,25.5,18.049999999999997,15.25,38.25,68.30000000000001,43.7,6.0,0,1,0
48407,San Jacinto County,TX,0.8091,0.9329,0.875,0.6347,0.2965,3.2,8.9,20.0,3.2,28.9,7.1,14.4,15.0,0.3,24.0,21.8,27.3,74.5,24.65,14.549999999999999,15.25,36.8,71.45,39.05,2.0,0,1,0
48409,San Patricio County,TX,0.9249,0.846,0.9761,0.9354,0.7101,6.7,1.4,16.9,2.5,28.3,4.4,17.7,58.7,4.6,23.8,19.1,63.1,72.0,20.9,14.65,15.25,36.8,71.44999999999999,41.3,3.0,0,1,0
48411,San Saba County,TX,0.6389,0.6977,0.6561,0.7521,0.3522,2.0,1.6,22.7,2.8,26.6,3.8,14.2,31.0,0.0,20.5,19.0,37.4,72.65,22.4,13.1,15.25,35.849999999999994,67.8,36.4,6.0,0,1,0
48413,Schleicher County,TX,0.5803,0.7401,0.762,0.9052,0.0735,4.1,1.6,24.8,4.7,21.1,6.9,18.0,54.3,0.1,16.4,12.7,57.3,73.4,20.799999999999997,13.350000000000001,15.25,35.75,70.65,36.2,6.0,0,1,0
48415,Scurry County,TX,0.5332,0.5202,0.4846,0.8686,0.3548,0.9,3.6,19.1,2.9,27.8,2.2,15.6,42.1,1.0,14.1,15.4,49.5,72.8,22.3,13.0,15.25,35.0,68.4,38.35,5.0,0,1,0
48417,Shackelford County,TX,0.3936,0.511,0.2119,0.4445,0.3872,5.6,0.7,14.2,0.0,18.1,7.2,6.5,12.6,0.3,20.7,17.6,15.7,74.65,23.9,10.9,15.25,35.55,75.75,33.8,6.0,0,1,0
48419,Shelby County,TX,0.8778,0.77,0.9481,0.7751,0.7598,6.3,16.1,20.4,3.6,33.2,4.0,18.3,19.1,2.1,18.8,15.4,39.4,74.5,24.35,15.049999999999999,15.25,36.55,71.25,41.2,6.0,0,1,0
48421,Sherman County,TX,0.6309,0.4757,0.9485,0.833,0.2654,1.1,0.2,15.4,4.1,16.6,1.5,27.9,42.8,2.5,19.8,18.9,45.2,72.5,21.3,12.05,15.25,34.65,71.55,35.55,6.0,0,1,0
48423,Smith County,TX,0.8234,0.7334,0.7916,0.797,0.7735,4.3,16.9,17.2,3.8,21.8,4.7,12.4,20.4,7.3,24.4,12.4,41.5,74.7,23.6,12.45,15.25,34.7,70.7,37.7,4.0,0,1,0
48425,Somervell County,TX,0.5135,0.2959,0.6468,0.5597,0.6853,2.9,1.9,12.7,1.6,13.8,3.9,7.1,18.0,0.9,21.2,11.7,22.1,74.05,23.700000000000003,11.05,15.25,35.25,72.55,34.099999999999994,6.0,0,1,0
48427,Starr County,TX,0.9905,0.9978,0.9682,0.999,0.7197,10.7,0.0,33.1,22.7,50.4,11.5,39.1,96.2,2.2,24.7,15.5,96.8,70.5,21.1,20.25,15.25,36.2,67.1,45.4,5.0,0,1,0
48429,Stephens County,TX,0.9898,0.9768,0.9539,0.6806,0.9752,9.3,2.9,17.5,3.2,27.8,8.6,16.7,25.1,7.6,29.1,18.0,31.2,72.8,23.200000000000003,12.8,15.25,35.400000000000006,65.6,36.65,6.0,0,1,0
48431,Sterling County,TX,0.1419,0.1794,0.2447,0.7156,0.0636,0.0,0.1,22.6,2.4,11.0,0.0,9.9,33.5,0.0,6.9,8.0,34.3,72.55,21.65,9.95,15.25,33.5,73.8,33.2,6.0,0,1,0
48433,Stonewall County,TX,0.2994,0.4769,0.2214,0.6449,0.132,2.4,0.5,18.2,0.1,23.0,1.8,19.1,26.8,0.0,14.4,14.5,28.2,74.75,23.25,13.65,15.25,37.1,68.94999999999999,36.25,6.0,0,1,0
48435,Sutton County,TX,0.7687,0.7448,0.8145,0.9777,0.4283,2.5,0.1,16.2,4.4,29.5,4.7,20.0,74.6,2.7,16.9,6.4,76.4,73.05000000000001,20.65,15.7,15.25,36.5,67.0,38.45,6.0,0,1,0
48437,Swisher County,TX,0.9103,0.95,0.7766,0.9096,0.713,8.1,7.9,20.4,5.3,41.5,5.2,22.1,45.5,0.6,23.2,16.1,57.9,72.5,22.1,16.05,15.25,35.5,66.85,40.95,6.0,0,1,0
48439,Tarrant County,TX,0.7585,0.7792,0.6707,0.8982,0.5017,4.4,16.9,16.9,5.3,19.6,4.9,12.9,29.8,16.9,28.9,9.8,56.1,72.55,22.65,11.55,15.25,31.849999999999998,79.15,33.150000000000006,1.0,0,1,0
48441,Taylor County,TX,0.7591,0.6363,0.7289,0.7655,0.7353,4.6,7.6,15.5,2.0,24.6,2.4,10.0,25.5,9.5,28.2,14.7,38.7,72.9,23.4,11.25,15.25,33.75,71.45,35.0,4.0,0,1,0
48443,Terrell County,TX,0.0859,0.0767,0.6812,0.8533,0.0025,3.2,0.0,10.1,1.5,7.0,0.0,6.3,47.0,0.0,17.9,26.7,47.0,75.35,19.1,12.7,15.25,36.55,76.30000000000001,34.05,6.0,0,1,0
48445,Terry County,TX,0.9828,0.9625,0.9462,0.9325,0.9128,7.9,4.2,21.8,8.2,36.4,4.8,24.0,57.0,3.1,25.9,14.0,62.4,71.85,22.049999999999997,15.75,15.25,35.9,67.45,40.95,6.0,0,1,0
48447,Throckmorton County,TX,0.1581,0.4375,0.2428,0.4496,0.0143,2.5,0.2,26.5,0.9,28.4,2.5,9.8,12.9,0.5,12.4,14.9,15.8,75.2,24.25,13.2,15.25,37.3,70.85,35.9,6.0,0,1,0
48449,Titus County,TX,0.8995,0.8956,0.9227,0.9052,0.6252,4.7,9.5,19.8,9.6,32.6,4.0,22.4,45.0,4.1,23.7,13.0,57.3,73.05,22.7,14.8,15.25,35.25,68.2,38.7,5.0,0,1,0
48451,Tom Green County,TX,0.8113,0.6204,0.7957,0.8673,0.8304,4.7,3.6,13.8,2.6,21.1,3.2,13.4,41.8,11.1,25.1,14.2,49.3,73.19999999999999,23.2,12.4,15.25,34.099999999999994,75.5,37.15,4.0,0,1,0
48453,Travis County,TX,0.5702,0.5527,0.0935,0.882,0.7805,5.5,7.9,12.5,5.1,17.3,4.2,9.2,33.3,28.7,28.1,9.0,52.3,73.2,21.85,9.25,15.25,32.45,76.0,30.25,1.0,0,1,0
48455,Trinity County,TX,0.9185,0.8552,0.9879,0.574,0.7518,9.7,8.4,17.3,1.6,26.9,7.0,13.6,11.5,0.3,21.6,23.2,22.9,75.15,24.799999999999997,14.1,15.25,37.05,70.75,37.75,6.0,0,1,0
48457,Tyler County,TX,0.9319,0.8842,0.9103,0.5501,0.951,7.0,10.6,15.9,1.2,29.9,12.6,17.4,7.2,2.2,18.4,25.2,21.6,73.55,24.8,14.0,15.25,36.900000000000006,68.4,39.05,6.0,0,1,0
48459,Upshur County,TX,0.6017,0.6841,0.7817,0.5425,0.259,3.9,7.5,16.4,1.0,27.9,4.3,13.4,9.3,0.5,19.8,20.0,20.9,73.80000000000001,25.45,12.65,15.25,35.650000000000006,69.05000000000001,37.45,3.0,0,1,0
48461,Upton County,TX,0.77,0.6876,0.7092,0.9185,0.6567,6.0,2.2,11.8,3.6,30.1,4.7,21.0,56.3,1.0,15.8,10.2,59.7,72.0,22.25,15.700000000000001,15.25,35.35,72.15,41.05,6.0,0,1,0
48463,Uvalde County,TX,0.9911,0.9065,0.9968,0.9749,0.9364,7.2,0.4,19.3,7.1,34.7,3.2,23.9,72.3,3.0,26.2,19.6,75.2,72.4,20.8,15.149999999999999,15.25,34.75,70.6,40.55,5.0,0,1,0
48465,Val Verde County,TX,0.9437,0.8371,0.9329,0.9889,0.8877,4.8,1.2,20.6,12.4,31.3,3.4,26.5,82.4,5.3,22.5,13.7,85.6,70.75,19.45,15.649999999999999,15.25,34.349999999999994,67.05,38.3,5.0,0,1,0
48467,Van Zandt County,TX,0.5714,0.6538,0.7633,0.4948,0.265,2.9,2.8,17.7,1.5,23.3,3.1,14.0,12.4,0.9,23.0,15.3,18.0,73.95,25.4,12.05,15.25,36.35,73.05000000000001,35.95,6.0,0,1,0
48469,Victoria County,TX,0.9198,0.8606,0.8937,0.9052,0.8377,7.2,5.3,16.4,2.8,26.2,5.2,16.2,48.5,7.0,24.1,15.3,57.3,72.69999999999999,21.85,13.7,15.25,34.15,73.1,37.400000000000006,4.0,0,1,0
48471,Walker County,TX,0.9392,0.9755,0.1161,0.8225,0.9997,6.7,21.6,15.0,2.3,32.8,7.0,14.7,18.4,15.3,34.0,11.6,44.3,72.69999999999999,22.55,13.55,15.25,33.55,66.1,39.95,5.0,0,1,0
48473,Waller County,TX,0.8317,0.7868,0.5262,0.9176,0.8514,3.6,24.5,18.3,4.9,21.1,6.1,13.3,30.9,2.5,22.9,11.1,59.5,73.55000000000001,21.5,11.649999999999999,15.25,32.2,74.25,37.6,2.0,0,1,0
48475,Ward County,TX,0.7235,0.6548,0.8412,0.9345,0.3987,3.9,5.2,12.0,4.8,23.7,5.5,19.8,55.7,2.9,15.9,12.9,62.6,71.95,21.4,13.95,15.25,34.6,70.5,37.7,6.0,0,1,0
48477,Washington County,TX,0.6522,0.4467,0.4601,0.7585,0.8826,6.0,18.0,13.4,1.9,18.3,2.7,10.3,17.3,6.1,23.3,14.2,37.8,75.65,22.35,11.95,15.25,35.15,75.1,36.35,5.0,0,1,0
48479,Webb County,TX,0.9831,0.9917,0.917,0.9987,0.8034,6.2,0.4,28.4,18.5,34.0,5.9,30.9,95.4,10.6,30.8,13.1,96.7,71.15,18.950000000000003,16.450000000000003,15.25,33.349999999999994,70.75,42.45,3.0,0,1,0
48481,Wharton County,TX,0.9456,0.9141,0.9319,0.9045,0.8078,6.4,12.2,19.0,5.1,26.3,5.7,18.7,43.0,5.0,24.1,15.1,57.0,73.9,21.85,13.95,15.25,35.05,72.30000000000001,40.25,5.0,0,1,0
48483,Wheeler County,TX,0.9045,0.9036,0.986,0.6828,0.5377,7.0,2.7,22.3,5.4,29.9,6.6,14.2,25.5,1.1,22.0,16.3,31.3,73.95,24.049999999999997,13.25,15.25,36.05,68.05000000000001,37.25,6.0,0,1,0
48485,Wichita County,TX,0.8167,0.7372,0.6876,0.741,0.8416,6.6,9.9,14.7,1.6,24.9,4.2,12.5,20.4,8.4,24.9,16.0,36.4,73.65,24.0,11.85,15.25,33.15,71.19999999999999,35.75,4.0,0,1,0
48487,Wilbarger County,TX,0.9561,0.9691,0.8906,0.8272,0.7938,5.5,7.2,11.4,3.3,39.4,9.3,21.6,30.4,5.1,23.6,24.8,44.6,73.65,24.049999999999997,15.35,15.25,35.8,66.05000000000001,39.75,5.0,0,1,0
48489,Willacy County,TX,0.985,0.9892,0.91,0.993,0.8428,5.6,0.9,28.3,9.1,42.9,8.7,32.5,88.3,1.4,23.0,15.1,89.9,70.15,19.45,18.9,15.25,35.25,68.9,43.8,5.0,0,1,0
48491,Williamson County,TX,0.3207,0.2701,0.4009,0.8199,0.2275,2.6,6.5,9.7,2.9,11.1,4.4,5.9,25.0,15.1,23.1,10.0,44.1,75.15,20.4,9.65,15.25,31.9,77.45,32.35,2.0,0,1,0
48493,Wilson County,TX,0.2972,0.2351,0.2402,0.833,0.3363,2.2,1.5,12.2,2.3,15.8,3.4,9.2,40.7,1.0,16.6,12.3,45.2,74.15,21.299999999999997,12.05,15.25,35.15,70.94999999999999,35.099999999999994,2.0,0,1,0
48495,Winkler County,TX,0.4448,0.3958,0.3252,0.9523,0.3388,5.6,3.9,18.7,8.9,16.3,2.3,27.5,62.6,0.0,7.3,9.1,68.0,71.19999999999999,20.6,13.7,15.25,34.349999999999994,73.75,37.55,6.0,0,1,0
48497,Wise County,TX,0.5422,0.4483,0.79,0.6128,0.3923,1.6,1.3,16.2,3.6,16.9,4.3,13.0,20.4,1.1,17.6,15.8,25.4,73.05,23.75,11.100000000000001,15.25,34.45,68.1,33.95,2.0,0,1,0
48499,Wood County,TX,0.7655,0.7124,0.847,0.5011,0.6771,5.5,4.0,15.1,1.7,21.9,5.3,13.9,10.8,2.7,21.3,20.0,18.4,75.05,24.2,12.6,15.25,36.849999999999994,74.4,34.55,6.0,0,1,0
48501,Yoakum County,TX,0.587,0.622,0.5918,0.9644,0.2472,2.4,1.6,19.8,11.9,23.2,3.9,31.5,67.9,1.4,15.4,9.0,71.5,71.45,20.95,13.25,15.25,34.25,66.65,37.900000000000006,6.0,0,1,0
48503,Young County,TX,0.5345,0.4639,0.9535,0.5892,0.1575,5.1,1.5,18.9,3.4,22.9,2.6,11.9,19.7,1.5,18.4,15.4,23.8,73.85,24.0,12.100000000000001,15.25,35.7,73.6,37.2,6.0,0,1,0
48505,Zapata County,TX,0.9968,0.9901,0.9809,0.9984,0.9014,9.7,0.1,26.9,20.7,49.8,8.1,34.4,94.7,2.3,23.1,16.2,95.6,71.1,20.5,20.450000000000003,15.25,36.35,65.0,44.1,5.0,0,1,0
48507,Zavala County,TX,0.909,0.8813,0.9905,0.9978,0.4292,4.9,0.7,12.2,5.9,49.7,5.8,27.4,93.8,0.5,18.9,17.0,94.5,71.75,20.950000000000003,22.0,15.25,37.0,63.95,47.85,6.0,0,1,0
49001,Beaver County,UT,0.1457,0.1556,0.5612,0.4658,0.0519,2.7,0.1,11.9,2.2,9.8,3.6,7.7,12.9,0.7,14.5,12.9,16.7,70.2,25.5,9.350000000000001,11.95,31.049999999999997,73.1,28.75,6.0,0,0,1
49003,Box Elder County,UT,0.1215,0.1527,0.1416,0.3977,0.1686,4.2,0.4,8.1,0.5,16.8,2.6,6.6,9.9,4.6,20.2,11.3,13.8,73.6,26.55,9.100000000000001,12.649999999999999,29.7,65.45,32.650000000000006,5.0,0,0,1
49005,Cache County,UT,0.3478,0.2816,0.2889,0.4779,0.538,3.3,0.7,6.5,1.6,24.1,2.4,5.8,11.0,8.7,25.1,8.5,17.3,69.5,27.15,8.65,12.149999999999999,28.85,71.65,29.1,4.0,0,0,1
49007,Carbon County,UT,0.6297,0.7051,0.7436,0.4932,0.3748,4.4,0.9,7.0,0.5,27.9,6.7,8.0,13.8,2.6,28.2,16.8,17.9,72.25,29.05,11.8,16.65,29.85,72.75,35.05,5.0,0,0,1
49009,Daggett County,UT,0.1849,0.2199,0.0506,0.182,0.5469,4.7,0.0,6.2,0.0,14.9,3.5,7.2,2.8,0.0,24.7,13.0,7.5,73.15,25.45,11.45,12.7,34.25,70.80000000000001,32.95,6.0,0,0,1
49011,Davis County,UT,0.0678,0.0325,0.2822,0.4948,0.1069,2.4,1.2,5.9,0.9,11.1,2.5,4.3,10.5,8.4,18.3,9.2,18.0,73.35,28.799999999999997,8.3,9.55,29.4,72.2,32.7,3.0,0,0,1
49013,Duchesne County,UT,0.5361,0.5778,0.4629,0.4445,0.5167,4.7,0.4,14.2,0.9,23.8,4.3,10.8,8.5,0.7,20.7,13.8,15.7,70.8,25.8,10.6,15.35,28.6,61.75,31.6,6.0,0,0,1
49015,Emery County,UT,0.2269,0.1645,0.6729,0.2914,0.2008,2.7,0.1,7.8,1.0,22.0,3.6,6.7,6.8,1.2,14.2,15.4,10.1,70.8,27.65,10.3,13.05,31.55,71.4,30.65,6.0,0,0,1
49017,Garfield County,UT,0.3423,0.4617,0.364,0.3446,0.251,2.5,0.0,14.5,0.6,22.7,4.4,4.1,7.4,1.5,22.7,14.8,11.7,73.75,25.549999999999997,10.25,11.6,33.0,68.6,28.75,6.0,0,0,1
49019,Grand County,UT,0.4582,0.433,0.3331,0.5218,0.5597,2.1,0.0,12.2,1.2,23.0,1.2,5.5,10.9,5.9,29.5,12.2,19.5,71.1,25.85,10.25,13.35,31.0,62.85,28.25,6.0,0,0,1
49021,Iron County,UT,0.4114,0.5017,0.2809,0.4496,0.384,3.4,0.7,10.0,1.4,25.9,3.3,7.0,9.7,10.9,26.8,11.1,15.8,71.55000000000001,27.35,9.55,13.95,30.700000000000003,68.0,36.099999999999994,5.0,0,0,1
49023,Juab County,UT,0.0659,0.0487,0.1887,0.2692,0.1823,3.9,0.5,7.5,0.3,14.9,1.9,6.4,5.7,1.7,13.0,12.4,9.5,69.2,26.4,8.95,12.7,30.5,71.35,32.75,3.0,0,0,1
49025,Kane County,UT,0.259,0.2265,0.5861,0.2399,0.2663,4.6,0.2,7.8,0.3,20.8,3.5,5.6,5.4,1.7,21.1,18.3,8.8,73.1,25.9,10.350000000000001,11.3,33.5,73.3,33.349999999999994,6.0,0,0,1
49027,Millard County,UT,0.4502,0.4241,0.8657,0.4763,0.1642,3.7,0.2,11.1,2.8,23.6,4.4,9.5,12.7,2.1,18.0,13.5,17.2,72.8,25.9,10.95,14.6,31.299999999999997,68.05,34.3,6.0,0,0,1
49029,Morgan County,UT,0.0,0.0019,0.0146,0.1409,0.0019,0.8,0.6,5.0,0.1,5.5,1.7,1.8,3.1,0.3,8.7,6.5,6.8,71.25,24.95,7.8,7.800000000000001,29.5,72.15,25.05,3.0,0,0,1
49031,Piute County,UT,0.5402,0.9478,0.3293,0.0544,0.1753,4.9,0.2,15.6,0.2,40.3,9.1,11.1,4.3,0.0,25.0,21.1,5.1,72.44999999999999,27.3,13.1,17.85,35.15,66.5,33.5,6.0,0,0,1
49033,Rich County,UT,0.2141,0.0811,0.8193,0.4117,0.1829,0.0,0.0,7.9,0.5,19.6,2.6,4.2,10.1,2.6,14.2,15.1,14.2,72.9,26.8,10.5,11.9,31.85,74.8,32.85,5.0,0,0,1
49035,Salt Lake County,UT,0.4512,0.3325,0.4044,0.6777,0.552,5.2,1.7,9.9,3.5,14.5,3.6,8.2,19.1,18.6,24.0,9.9,30.9,69.45,27.65,8.6,13.850000000000001,30.0,73.75,29.9,1.0,0,0,1
49037,San Juan County,UT,0.9567,0.8524,0.9688,0.8988,0.8794,8.8,0.1,19.0,3.1,32.3,12.1,12.2,6.3,0.1,18.4,22.0,56.2,72.6,26.7,14.55,25.9,31.75,61.25,34.3,6.0,0,0,1
49039,Sanpete County,UT,0.5116,0.6064,0.2743,0.4146,0.5507,2.8,0.9,10.8,1.9,26.3,4.6,10.2,9.5,2.9,22.1,11.7,14.4,69.6,26.75,10.350000000000001,15.85,29.35,65.80000000000001,29.7,6.0,0,0,1
49041,Sevier County,UT,0.2886,0.37,0.1931,0.2485,0.4162,4.1,0.5,9.4,0.4,20.3,4.9,8.0,5.6,2.3,19.7,14.7,9.0,72.2,27.95,9.8,12.55,32.3,73.05,36.5,6.0,0,0,1
49043,Summit County,UT,0.0509,0.0267,0.251,0.4556,0.091,1.8,0.7,6.9,1.9,8.3,2.3,4.0,11.0,17.0,16.1,5.9,16.1,74.2,23.049999999999997,7.949999999999999,7.75,29.849999999999998,76.6,19.55,5.0,0,0,1
49045,Tooele County,UT,0.1766,0.1206,0.3204,0.5269,0.238,3.8,0.8,7.5,0.9,10.6,3.9,7.4,13.7,4.5,17.5,11.1,19.9,70.1,27.55,9.15,12.55,29.450000000000003,69.05,37.45,2.0,0,0,1
49047,Uintah County,UT,0.5297,0.5644,0.4216,0.5294,0.5081,3.1,0.4,13.8,0.7,20.1,6.3,11.3,8.8,5.7,17.5,12.5,20.0,69.15,27.2,10.35,15.850000000000001,31.049999999999997,63.3,35.45,5.0,0,0,1
49049,Utah County,UT,0.2555,0.1798,0.1963,0.5183,0.5011,2.5,0.5,7.8,1.7,15.5,3.4,4.7,12.5,12.0,22.7,8.5,19.3,69.85,25.75,7.8500000000000005,10.5,28.15,69.25,30.65,3.0,0,0,1
49051,Wasatch County,UT,0.0748,0.0776,0.1508,0.4871,0.1114,2.4,0.2,7.4,2.1,9.9,2.4,4.5,13.7,4.9,20.3,7.9,17.6,73.15,22.6,7.9,8.75,29.5,72.6,24.200000000000003,5.0,0,0,1
49053,Washington County,UT,0.3875,0.3382,0.5762,0.4763,0.3309,3.0,0.5,12.2,1.2,17.4,3.1,5.6,11.1,6.2,25.2,12.5,17.2,70.8,26.1,9.75,11.7,32.05,72.5,33.6,4.0,0,0,1
49055,Wayne County,UT,0.1053,0.244,0.3166,0.0041,0.0589,1.7,0.0,10.7,0.0,23.6,0.6,6.9,1.8,0.2,19.3,11.6,2.8,73.0,26.450000000000003,11.5,13.5,33.8,70.65,34.25,6.0,0,0,1
49057,Weber County,UT,0.3471,0.2393,0.4944,0.6083,0.3891,4.5,1.0,8.5,1.8,14.4,3.1,7.8,18.8,9.8,23.0,11.5,25.0,73.15,28.1,8.95,13.8,32.05,74.7,34.75,3.0,0,0,1
50001,Addison County,VT,0.139,0.1518,0.0652,0.2323,0.4499,4.1,0.9,4.7,0.3,13.5,4.1,5.5,2.5,2.8,23.9,15.6,8.6,76.8,25.45,7.35,15.25,30.5,78.0,27.700000000000003,6.0,1,0,0
50003,Bennington County,VT,0.349,0.2736,0.433,0.1861,0.5861,8.5,1.0,4.6,0.2,18.6,4.2,5.9,2.4,3.6,29.3,17.5,7.6,75.45,30.35,8.65,15.25,30.0,76.15,30.65,5.0,1,0,0
50005,Caledonia County,VT,0.2844,0.2113,0.4473,0.1225,0.5367,7.5,0.7,4.5,0.4,20.1,2.6,6.3,1.9,2.4,27.3,17.1,6.5,75.05000000000001,27.5,8.9,15.25,31.549999999999997,73.7,31.200000000000003,6.0,1,0,0
50007,Chittenden County,VT,0.2205,0.1763,0.0245,0.3802,0.7722,6.9,2.5,3.3,1.2,16.1,3.9,4.7,2.5,14.7,27.9,11.2,13.0,75.05000000000001,27.1,6.4,15.25,27.0,74.6,23.15,4.0,1,0,0
50009,Essex County,VT,0.4155,0.6386,0.5752,0.0983,0.1852,4.9,0.0,5.3,0.4,26.9,5.4,11.1,1.5,0.6,27.7,22.9,6.0,75.30000000000001,27.6,10.55,15.25,33.3,73.0,34.150000000000006,6.0,1,0,0
50011,Franklin County,VT,0.1219,0.2444,0.0748,0.1654,0.1976,6.2,0.2,4.2,0.2,17.5,3.3,8.1,1.8,4.5,27.5,14.2,7.2,74.65,25.9,8.75,15.25,30.5,73.15,36.65,4.0,1,0,0
50013,Grand Isle County,VT,0.006,0.1203,0.0156,0.2485,0.0057,2.0,1.1,4.0,0.2,12.3,3.5,3.9,2.0,0.1,25.6,12.2,9.0,74.94999999999999,26.0,8.3,15.25,30.15,78.85,30.299999999999997,4.0,1,0,0
50015,Lamoille County,VT,0.1409,0.2685,0.034,0.1276,0.3678,5.1,1.0,6.3,0.2,16.1,3.9,5.8,2.0,2.8,28.4,12.7,6.6,71.65,28.05,7.550000000000001,15.25,27.35,79.9,29.049999999999997,6.0,1,0,0
50017,Orange County,VT,0.0939,0.1565,0.0967,0.0735,0.224,4.2,0.3,4.5,0.1,17.0,3.1,6.1,1.4,1.4,24.8,15.5,5.5,74.44999999999999,27.15,8.45,15.25,31.05,74.35,32.45,5.0,1,0,0
50019,Orleans County,VT,0.3548,0.4508,0.3038,0.1037,0.4664,6.3,0.7,3.5,0.2,20.2,6.1,8.5,1.7,1.8,27.2,17.4,6.1,76.94999999999999,25.65,9.399999999999999,15.25,31.5,77.1,33.1,6.0,1,0,0
50021,Rutland County,VT,0.3955,0.2879,0.1661,0.1094,0.9093,7.1,0.6,4.5,0.4,18.5,4.3,6.4,1.7,7.9,29.5,16.1,6.2,75.9,26.25,8.95,15.25,30.1,75.35,35.5,5.0,1,0,0
50023,Washington County,VT,0.161,0.1222,0.1098,0.1508,0.5791,7.7,0.9,2.9,0.2,16.3,3.0,4.9,2.0,4.8,25.4,14.0,7.0,73.1,28.3,8.0,15.25,30.5,76.15,27.1,5.0,1,0,0
50025,Windham County,VT,0.3185,0.3248,0.3159,0.2265,0.4878,6.1,1.1,4.1,0.1,21.5,4.4,5.8,2.6,4.9,30.6,17.0,8.4,73.0,27.1,8.5,15.25,30.0,79.25,25.95,5.0,1,0,0
50027,Windsor County,VT,0.1499,0.1817,0.0961,0.1409,0.4143,5.1,0.7,5.0,0.2,16.1,3.7,5.1,2.0,4.7,25.6,15.0,6.8,71.9,27.700000000000003,8.2,15.25,29.599999999999998,76.65,28.75,5.0,1,0,0
51001,Accomack County,VA,0.8597,0.7416,0.8982,0.791,0.7973,8.0,28.3,10.7,4.0,28.1,3.7,18.4,9.2,1.5,23.4,16.8,40.6,79.94999999999999,22.549999999999997,15.8,20.15,39.7,74.95,40.15,6.0,0,1,0
51003,Albemarle County,VA,0.2469,0.1295,0.245,0.5927,0.5059,4.7,8.8,5.8,1.7,11.2,3.1,6.2,5.9,14.6,23.2,9.3,24.1,78.7,21.35,9.45,8.5,35.0,81.0,28.6,4.0,0,1,0
51005,Alleghany County,VA,0.3102,0.3099,0.1864,0.2444,0.5918,6.7,5.2,7.4,0.1,21.4,3.7,11.8,1.6,6.6,18.3,17.5,8.9,78.4,25.6,13.05,13.8,38.150000000000006,76.85,39.05,6.0,0,1,0
51007,Amelia County,VA,0.3853,0.4808,0.2399,0.6287,0.2924,2.6,20.1,5.6,0.9,24.5,4.1,13.6,3.4,0.5,22.8,16.7,26.8,78.44999999999999,24.15,14.700000000000001,17.5,38.65,76.75,39.05,2.0,0,1,0
51009,Amherst County,VA,0.4022,0.4244,0.1632,0.6198,0.4973,5.4,18.2,7.7,0.3,22.3,4.5,12.3,2.7,0.7,19.3,15.8,25.9,78.45,24.05,13.45,15.25,36.25,76.9,39.45,3.0,0,1,0
51011,Appomattox County,VA,0.1441,0.2848,0.1419,0.5892,0.0557,3.4,18.0,8.3,0.0,22.5,3.5,10.1,2.2,1.7,17.3,14.2,23.8,78.6,24.25,13.25,15.350000000000001,38.45,75.75,38.849999999999994,3.0,0,1,0
51013,Arlington County,VA,0.1597,0.0423,0.0115,0.7894,0.7945,14.1,9.0,5.5,3.6,10.3,2.8,4.7,15.6,54.9,19.4,6.5,40.5,77.0,20.9,8.25,7.199999999999999,33.95,79.5,25.25,2.0,0,1,0
51015,Augusta County,VA,0.2129,0.1591,0.1626,0.3166,0.5266,4.5,4.4,6.8,0.8,15.3,3.0,10.1,3.4,4.3,18.7,14.2,10.9,78.4,25.45,11.75,12.0,36.75,72.94999999999999,40.8,4.0,0,1,0
51017,Bath County,VA,0.1674,0.3678,0.16,0.1409,0.1314,0.9,4.8,4.7,0.4,36.9,2.0,14.0,0.7,1.8,19.1,15.2,6.8,78.4,26.3,15.5,17.85,40.150000000000006,72.19999999999999,38.75,6.0,0,1,0
51019,Bedford County,VA,0.0853,0.0878,0.1215,0.4085,0.1721,3.6,6.2,6.1,0.4,15.8,2.9,7.6,2.6,3.5,17.6,13.1,14.1,77.7,24.15,11.8,10.75,37.4,74.05000000000001,36.8,3.0,0,1,0
51021,Bland County,VA,0.0974,0.0493,0.0458,0.1276,0.6195,3.5,3.9,4.8,0.0,14.8,3.3,8.0,0.8,0.5,11.5,17.5,6.6,77.15,24.35,12.15,12.350000000000001,37.55,74.1,36.35,6.0,0,1,0
51023,Botetourt County,VA,0.013,0.0375,0.0226,0.2294,0.0783,3.7,2.5,4.8,0.1,12.8,3.1,6.4,2.0,3.1,17.4,12.5,8.5,78.55,24.6,11.25,9.850000000000001,37.15,75.75,34.95,3.0,0,1,0
51025,Brunswick County,VA,0.8311,0.8101,0.308,0.9141,0.9281,7.6,54.1,7.9,0.2,27.2,5.2,23.5,2.6,1.0,25.2,18.0,59.0,79.7,21.200000000000003,16.65,24.65,37.45,77.25,43.55,6.0,0,1,0
51027,Buchanan County,VA,0.5975,0.8517,0.5049,0.015,0.4381,4.9,1.8,7.2,0.1,37.6,6.0,25.8,1.0,0.8,22.5,33.7,3.8,77.75,27.5,15.299999999999999,20.549999999999997,39.3,70.15,38.849999999999994,6.0,0,1,0
51029,Buckingham County,VA,0.6758,0.6974,0.2437,0.7725,0.7614,6.4,32.0,11.0,0.4,24.7,5.0,15.9,2.5,0.5,21.0,17.6,39.2,78.45,23.25,15.100000000000001,20.05,38.099999999999994,76.6,43.35,6.0,0,1,0
51031,Campbell County,VA,0.4152,0.3567,0.4458,0.5581,0.4365,5.2,14.0,6.5,1.6,21.8,4.9,9.5,3.1,3.6,20.0,14.5,22.0,78.69999999999999,23.75,12.75,14.350000000000001,37.35,73.65,35.6,3.0,0,1,0
51033,Caroline County,VA,0.399,0.3064,0.4209,0.7537,0.3901,5.0,24.2,6.7,1.0,15.4,4.6,10.6,5.9,0.8,21.1,12.9,37.5,78.15,23.15,13.0,16.15,36.45,77.65,41.599999999999994,6.0,0,1,0
51035,Carroll County,VA,0.2797,0.5861,0.3016,0.1225,0.1114,4.2,0.3,9.1,0.6,25.3,4.8,17.0,4.2,0.7,18.7,16.5,6.5,78.15,26.950000000000003,13.7,15.399999999999999,39.900000000000006,74.55000000000001,41.349999999999994,6.0,0,1,0
51036,Charles City County,VA,0.2685,0.3945,0.1934,0.8988,0.09,6.4,43.7,6.3,0.2,19.7,4.1,15.1,2.2,0.9,20.9,19.2,56.2,80.7,22.1,16.549999999999997,19.85,37.85,76.4,41.85,2.0,0,1,0
51037,Charlotte County,VA,0.7436,0.6172,0.86,0.6885,0.6344,8.0,26.0,8.9,0.1,29.9,3.6,15.5,2.6,0.9,21.3,22.0,31.7,79.55000000000001,24.9,16.3,21.95,38.599999999999994,73.45,42.55,6.0,0,1,0
51041,Chesterfield County,VA,0.2943,0.2421,0.6452,0.7929,0.111,3.1,23.2,7.3,2.9,11.5,4.7,7.4,9.9,8.7,21.8,12.5,40.9,78.55,21.5,11.600000000000001,12.2,36.95,81.75,36.25,2.0,0,1,0
51043,Clarke County,VA,0.0598,0.0926,0.098,0.4445,0.0916,2.0,4.6,6.0,0.7,9.1,3.5,6.3,6.6,3.1,20.2,13.6,15.7,78.6,24.200000000000003,10.649999999999999,9.45,37.55,78.25,32.7,2.0,0,1,0
51045,Craig County,VA,0.0589,0.0538,0.1059,0.0627,0.2864,4.7,0.0,2.9,0.0,14.0,1.9,12.1,0.9,0.2,13.4,11.7,5.3,77.8,25.35,12.25,12.0,38.05,75.80000000000001,36.35,3.0,0,1,0
51047,Culpeper County,VA,0.4327,0.357,0.5511,0.6923,0.3401,3.4,13.0,9.4,2.8,12.9,3.9,10.6,12.4,6.4,22.7,12.5,32.0,77.55,22.9,11.850000000000001,13.8,36.8,75.05,38.35,2.0,0,1,0
51049,Cumberland County,VA,0.4426,0.3532,0.5196,0.7391,0.371,6.9,30.0,8.6,0.1,15.1,3.2,13.9,1.2,0.8,21.8,15.0,36.3,78.9,23.6,14.100000000000001,16.6,36.849999999999994,78.94999999999999,39.45,6.0,0,1,0
51051,Dickenson County,VA,0.4629,0.5717,0.3058,0.0032,0.644,7.1,0.7,5.9,0.0,35.7,3.4,18.6,1.1,2.1,20.7,36.4,2.7,77.35,27.45,14.75,18.15,38.7,68.65,39.05,6.0,0,1,0
51053,Dinwiddie County,VA,0.3261,0.3656,0.1495,0.7502,0.3229,2.8,30.8,6.6,0.8,14.7,4.7,10.5,3.9,2.3,23.6,14.6,37.3,79.3,23.25,13.25,15.25,36.2,74.85,40.400000000000006,2.0,0,1,0
51057,Essex County,VA,0.8272,0.9593,0.6048,0.8438,0.4311,5.3,37.7,9.7,0.3,30.2,9.9,17.4,4.4,3.7,33.0,16.8,46.0,80.44999999999999,23.65,15.75,20.5,38.45,75.4,42.55,6.0,0,1,0
51059,Fairfax County,VA,0.2412,0.112,0.2574,0.8775,0.3621,4.6,9.7,7.5,5.8,9.9,4.1,6.5,16.5,23.6,17.8,7.6,51.4,77.15,18.6,10.1,9.3,35.95,81.4,23.9,2.0,0,1,0
51061,Fauquier County,VA,0.0732,0.0764,0.3802,0.5654,0.0286,3.1,6.6,7.7,2.3,9.8,2.3,7.8,9.9,4.1,16.7,9.6,22.4,78.05,22.6,10.55,10.15,36.45,79.45,32.55,2.0,0,1,0
51063,Floyd County,VA,0.0929,0.1546,0.0955,0.1696,0.1941,5.6,3.0,7.3,0.5,17.9,2.6,9.2,2.9,0.9,17.9,12.7,7.3,77.9,24.7,11.7,11.45,37.7,73.5,32.6,4.0,0,1,0
51065,Fluvanna County,VA,0.0582,0.0821,0.027,0.5915,0.1658,2.7,13.0,8.0,0.3,12.3,3.0,6.7,4.2,1.9,16.5,11.6,23.9,79.4,24.15,11.25,11.4,36.05,76.15,38.95,4.0,0,1,0
51067,Franklin County,VA,0.321,0.2275,0.1909,0.3847,0.7028,5.5,7.7,7.2,0.5,21.7,2.8,10.3,3.0,3.4,17.7,15.2,13.3,78.6,25.0,13.05,13.25,39.349999999999994,74.25,34.849999999999994,3.0,0,1,0
51069,Frederick County,VA,0.2545,0.2179,0.4715,0.5183,0.2135,3.6,4.2,8.0,2.3,12.2,4.2,11.3,10.1,6.3,17.2,11.6,19.3,77.75,22.8,10.7,11.7,35.5,78.9,37.4,4.0,0,1,0
51071,Giles County,VA,0.1037,0.1273,0.099,0.0821,0.3334,5.6,2.3,6.4,0.5,20.0,2.2,9.6,1.9,3.5,14.1,13.0,5.7,77.1,25.75,12.2,12.75,37.85,76.6,36.05,4.0,0,1,0
51073,Gloucester County,VA,0.0344,0.133,0.0732,0.4683,0.0089,2.4,8.2,5.0,0.1,11.2,3.4,10.1,4.1,0.9,19.9,17.2,16.8,78.44999999999999,24.85,11.350000000000001,10.85,36.25,75.55,35.599999999999994,2.0,0,1,0
51075,Goochland County,VA,0.0592,0.0041,0.0449,0.5667,0.4009,2.7,14.4,3.6,0.5,8.4,2.4,5.8,3.2,5.3,15.7,12.6,22.5,79.35,21.9,10.45,8.350000000000001,36.2,80.80000000000001,32.9,2.0,0,1,0
51077,Grayson County,VA,0.5851,0.6414,0.6755,0.3446,0.4648,5.0,5.1,10.2,1.1,33.1,4.3,17.0,3.9,0.5,17.9,20.2,11.7,77.94999999999999,25.75,15.3,19.45,39.7,72.30000000000001,41.150000000000006,6.0,0,1,0
51079,Greene County,VA,0.2199,0.1683,0.6096,0.5269,0.1365,2.1,6.4,6.7,1.1,16.2,3.8,10.7,6.6,3.4,15.1,12.3,19.9,77.6,24.3,11.55,12.9,36.25,76.9,37.65,4.0,0,1,0
51081,Greensville County,VA,0.8979,0.8883,0.3016,0.9405,0.9847,8.6,52.7,7.8,0.5,26.8,6.3,20.3,5.1,3.4,29.6,17.4,64.2,78.75,19.5,16.35,25.549999999999997,35.849999999999994,77.19999999999999,45.099999999999994,6.0,0,1,0
51083,Halifax County,VA,0.7684,0.6977,0.8365,0.7859,0.5749,6.4,34.7,8.4,0.2,27.3,3.7,17.8,2.4,1.2,24.8,20.1,40.2,78.94999999999999,23.4,16.8,22.35,39.0,75.75,40.400000000000006,6.0,0,1,0
51085,Hanover County,VA,0.0274,0.0185,0.0735,0.4932,0.0837,2.7,8.5,4.1,0.5,9.9,2.9,5.6,3.3,5.0,17.2,11.1,17.9,77.80000000000001,22.299999999999997,10.45,9.3,37.05,78.6,32.8,2.0,0,1,0
51087,Henrico County,VA,0.3414,0.266,0.4677,0.8661,0.2183,5.5,29.3,6.3,2.1,14.3,3.9,7.1,6.1,13.4,26.9,11.7,49.1,79.55,21.05,11.55,12.8,33.35,77.1,32.65,2.0,0,1,0
51089,Henry County,VA,0.7757,0.7553,0.7614,0.6828,0.6494,6.5,22.8,8.1,1.2,29.9,5.2,18.7,6.0,3.9,21.9,21.6,31.3,79.55,24.7,15.7,20.299999999999997,38.15,75.55,42.05,5.0,0,1,0
51091,Highland County,VA,0.1352,0.3901,0.1368,0.0821,0.0751,5.3,0.0,8.1,0.0,17.7,14.7,10.0,0.0,1.1,12.3,20.9,5.7,79.9,23.5,12.3,10.05,39.6,77.75,33.2,6.0,0,1,0
51093,Isle of Wight County,VA,0.2243,0.2733,0.2784,0.6726,0.1279,4.7,21.7,6.1,0.7,15.8,5.5,8.8,4.0,4.8,20.0,14.7,30.5,79.4,22.9,12.3,12.5,35.65,77.75,36.35,2.0,0,1,0
51095,James City County,VA,0.1763,0.078,0.5781,0.6249,0.1499,4.2,12.5,5.2,0.9,10.9,3.7,4.3,6.4,7.8,20.8,13.1,26.5,80.5,22.4,10.8,9.1,37.8,79.6,32.3,2.0,0,1,0
51097,King and Queen County,VA,0.1973,0.6382,0.0239,0.7136,0.0277,4.0,24.1,6.9,0.0,25.6,5.7,13.6,3.6,0.0,22.3,15.1,34.0,79.35,23.6,14.8,17.35,38.15,75.30000000000001,40.5,2.0,0,1,0
51099,King George County,VA,0.0528,0.09,0.1397,0.6647,0.0239,1.8,15.8,3.8,1.0,12.6,2.6,9.7,6.4,0.9,20.1,9.4,30.0,77.8,23.3,10.95,12.1,35.45,77.55,35.8,6.0,0,1,0
51101,King William County,VA,0.0334,0.1082,0.1874,0.5727,0.0022,3.2,14.9,5.8,0.4,13.1,4.0,6.5,2.9,0.7,19.4,12.7,22.8,77.6,24.299999999999997,11.25,12.05,35.349999999999994,74.75,34.599999999999994,2.0,0,1,0
51103,Lancaster County,VA,0.5075,0.7331,0.3907,0.7089,0.1565,4.0,27.2,7.0,0.6,23.4,9.3,13.6,2.3,2.2,23.5,19.8,33.5,80.85,22.299999999999997,14.850000000000001,15.4,40.3,75.7,35.8,6.0,0,1,0
51105,Lee County,VA,0.8788,0.9217,0.908,0.2062,0.8374,9.0,4.0,10.8,0.6,37.3,8.1,18.3,2.1,1.2,21.7,29.7,7.9,77.55000000000001,26.5,15.45,20.2,39.35,72.15,42.25,6.0,0,1,0
51107,Loudoun County,VA,0.1059,0.0197,0.3322,0.8524,0.1374,3.1,7.4,5.3,3.7,6.4,3.2,5.6,13.8,13.2,12.9,6.5,46.9,78.69999999999999,18.549999999999997,9.2,8.5,35.05,79.1,27.700000000000003,2.0,0,1,0
51109,Louisa County,VA,0.2542,0.5049,0.1406,0.5829,0.0885,3.5,13.5,7.1,0.5,16.8,6.4,11.4,3.6,2.8,22.6,16.5,23.5,78.44999999999999,23.7,12.5,13.5,37.7,75.1,36.400000000000006,6.0,0,1,0
51111,Lunenburg County,VA,0.9243,0.7661,0.9561,0.7983,0.93,7.7,32.7,10.9,1.9,25.6,4.0,21.3,6.1,0.7,24.4,21.2,41.6,78.75,23.5,16.799999999999997,22.2,38.15,73.05000000000001,45.95,6.0,0,1,0
51113,Madison County,VA,0.1594,0.3398,0.077,0.4518,0.125,2.9,7.9,5.6,0.1,19.9,3.7,13.0,3.4,1.1,21.7,15.5,15.9,78.35,24.299999999999997,11.95,12.2,37.55,76.80000000000001,37.75,6.0,0,1,0
51115,Mathews County,VA,0.1002,0.2205,0.307,0.4416,0.0127,0.6,9.0,8.4,0.4,12.2,8.2,5.7,3.1,0.5,14.5,21.2,15.6,79.85,24.6,12.649999999999999,11.25,39.05,77.3,35.2,2.0,0,1,0
51117,Mecklenburg County,VA,0.7308,0.5581,0.8088,0.7798,0.6812,7.5,33.2,7.4,0.5,28.1,3.6,13.5,3.1,1.6,22.6,19.7,39.6,80.15,23.7,16.1,18.95,38.599999999999994,73.35,41.35,6.0,0,1,0
51119,Middlesex County,VA,0.3042,0.3089,0.3115,0.5644,0.3026,2.8,14.4,6.4,0.6,16.4,4.6,10.6,3.1,0.3,21.1,17.1,22.3,80.9,23.4,13.65,12.45,39.099999999999994,82.75,38.05,6.0,0,1,0
51121,Montgomery County,VA,0.2873,0.3621,0.0029,0.4779,0.9017,5.5,4.0,5.3,0.5,30.0,3.3,5.0,3.5,17.7,26.8,10.3,17.3,75.94999999999999,25.1,10.3,12.3,34.349999999999994,77.7,29.7,4.0,0,1,0
51125,Nelson County,VA,0.2536,0.3672,0.1699,0.5202,0.2033,5.8,12.4,8.6,0.8,18.2,3.2,13.4,4.6,4.1,21.1,14.3,19.4,79.6,23.8,13.149999999999999,12.75,38.599999999999994,73.5,35.2,4.0,0,1,0
51127,New Kent County,VA,0.0025,0.0115,0.0111,0.574,0.0111,1.5,13.1,3.7,0.6,7.7,3.1,5.9,4.0,0.3,15.3,10.7,22.9,78.0,22.85,10.9,10.5,35.35,81.3,34.75,2.0,0,1,0
51131,Northampton County,VA,0.79,0.6857,0.6977,0.8272,0.7782,10.3,31.2,10.3,1.6,26.0,4.8,13.1,9.4,3.2,22.7,20.1,44.6,80.55,21.9,15.7,17.95,39.65,76.45,39.8,6.0,0,1,0
51133,Northumberland County,VA,0.1922,0.3805,0.0757,0.6901,0.0935,4.3,20.9,7.6,0.1,20.3,4.9,10.8,4.1,0.8,19.2,14.9,31.8,81.3,21.55,13.8,12.65,38.75,80.2,36.6,6.0,0,1,0
51135,Nottoway County,VA,0.8425,0.9303,0.5151,0.8438,0.6592,7.2,38.0,13.5,0.4,29.5,6.4,16.2,5.0,1.6,25.5,18.0,46.0,78.85,22.4,15.6,21.299999999999997,37.6,77.25,43.45,6.0,0,1,0
51137,Orange County,VA,0.2593,0.2459,0.2434,0.5797,0.3172,3.9,12.2,6.2,0.7,17.5,4.4,10.2,6.0,4.4,19.2,15.5,23.3,79.1,24.049999999999997,11.55,12.5,36.8,73.8,37.0,5.0,0,1,0
51139,Page County,VA,0.363,0.6602,0.3831,0.1753,0.1359,7.0,1.8,10.8,0.5,18.0,4.6,17.6,2.4,1.4,24.5,20.0,7.4,77.19999999999999,26.0,12.399999999999999,13.75,38.7,73.2,34.5,6.0,0,1,0
51141,Patrick County,VA,0.2558,0.2768,0.3557,0.3058,0.2956,4.2,5.6,6.2,0.5,22.9,2.3,16.4,3.3,0.9,16.8,20.4,10.5,77.8,24.95,13.899999999999999,15.15,38.349999999999994,76.3,39.849999999999994,6.0,0,1,0
51143,Pittsylvania County,VA,0.7054,0.6777,0.7973,0.6233,0.5126,5.2,19.5,6.7,0.6,27.4,5.4,15.8,2.9,1.7,22.3,20.1,26.4,79.35,23.85,15.25,18.8,39.55,79.69999999999999,41.6,5.0,0,1,0
51145,Powhatan County,VA,0.0022,0.0226,0.008,0.4248,0.0181,1.6,8.7,3.8,0.2,8.5,2.6,8.5,2.5,0.0,12.3,11.7,14.8,78.4,23.0,10.75,9.8,37.2,81.0,35.95,2.0,0,1,0
51147,Prince Edward County,VA,0.6106,0.5313,0.1801,0.776,0.8552,8.4,29.8,6.9,1.4,26.5,2.4,11.6,3.6,5.5,28.6,15.3,39.5,77.4,25.3,13.9,20.15,35.150000000000006,76.80000000000001,39.25,6.0,0,1,0
51149,Prince George County,VA,0.3805,0.4582,0.0681,0.8549,0.4158,3.0,30.2,4.0,0.4,18.4,7.5,10.6,9.7,4.7,23.3,12.7,47.4,76.95,22.0,11.9,16.6,32.599999999999994,75.55,39.05,2.0,0,1,0
51153,Prince William County,VA,0.4117,0.3213,0.5813,0.9195,0.2144,2.3,20.2,10.4,5.7,11.1,4.7,10.1,25.0,13.3,19.5,8.2,59.9,79.1,20.05,11.100000000000001,13.2,35.15,78.35,34.0,2.0,0,1,0
51155,Pulaski County,VA,0.2011,0.2304,0.1658,0.2854,0.3465,4.7,5.0,5.3,0.1,20.3,3.3,9.7,1.9,3.0,20.9,19.8,9.9,78.2,24.85,12.45,13.3,38.75,77.35,35.6,4.0,0,1,0
51157,Rappahannock County,VA,0.0573,0.4515,0.076,0.3824,0.0,1.6,4.4,11.1,0.4,16.5,6.5,9.4,4.3,0.0,18.6,13.7,13.2,78.9,24.1,12.399999999999999,11.3,38.7,73.95,35.2,2.0,0,1,0
51159,Richmond County,VA,0.5485,0.4566,0.2663,0.776,0.7289,6.3,27.2,6.2,1.0,22.4,4.0,24.9,7.5,4.2,19.1,16.4,39.5,77.4,22.299999999999997,13.899999999999999,18.85,36.7,75.65,37.25,6.0,0,1,0
51161,Roanoke County,VA,0.1333,0.0681,0.3134,0.4537,0.2339,4.5,6.1,4.6,0.8,13.4,2.6,6.7,3.5,11.9,20.6,12.4,16.0,79.2,25.3,10.75,10.3,35.7,75.94999999999999,34.4,3.0,0,1,0
51163,Rockbridge County,VA,0.125,0.1753,0.1947,0.265,0.153,4.4,3.6,6.2,0.1,19.3,3.9,9.4,2.1,2.8,16.2,17.8,9.4,78.25,24.450000000000003,12.05,11.25,38.6,77.05,34.15,6.0,0,1,0
51165,Rockingham County,VA,0.2526,0.2339,0.2733,0.3888,0.3808,4.5,2.2,8.8,1.9,15.9,2.8,12.8,7.8,3.3,17.7,12.6,13.4,77.44999999999999,24.5,11.2,12.4,36.95,73.35,33.3,4.0,0,1,0
51167,Russell County,VA,0.3468,0.6023,0.2339,0.0169,0.3242,6.6,1.9,6.0,0.0,30.4,5.9,17.1,0.7,0.9,17.7,31.7,3.9,77.15,27.3,13.75,16.65,39.25,69.05,39.45,6.0,0,1,0
51169,Scott County,VA,0.4712,0.4865,0.301,0.0169,0.7827,8.5,1.2,7.0,0.0,29.9,3.4,17.0,1.5,1.6,18.5,29.3,3.9,78.0,27.799999999999997,14.25,16.1,39.7,71.95,38.3,3.0,0,1,0
51171,Shenandoah County,VA,0.4298,0.469,0.7992,0.4146,0.1476,5.0,2.5,6.4,1.5,21.9,4.2,11.4,8.0,6.7,24.3,16.8,14.4,77.7,24.35,12.55,14.4,36.55,73.4,36.25,6.0,0,1,0
51173,Smyth County,VA,0.6841,0.5542,0.8931,0.1152,0.7671,8.0,1.7,7.0,0.7,31.3,3.3,15.3,2.3,3.4,21.3,22.5,6.3,77.65,26.85,13.600000000000001,16.25,37.85,75.1,38.05,6.0,0,1,0
51175,Southampton County,VA,0.4279,0.3942,0.287,0.7693,0.4184,5.0,30.0,6.0,0.1,14.2,5.5,13.2,2.2,0.2,21.7,18.0,39.0,79.55,22.35,14.0,15.5,37.2,78.35,38.15,6.0,0,1,0
51177,Spotsylvania County,VA,0.2654,0.3303,0.2994,0.7261,0.1336,3.1,16.4,7.5,1.6,12.9,5.6,9.0,11.3,7.1,20.9,10.7,35.2,77.55,22.95,11.85,13.2,35.3,79.4,40.15,2.0,0,1,0
51179,Stafford County,VA,0.2428,0.0904,0.4734,0.8212,0.2794,1.9,18.6,7.0,2.6,8.9,3.9,7.1,14.9,6.1,16.5,8.6,44.2,77.2,22.1,10.45,11.7,34.55,75.25,35.45,2.0,0,1,0
51181,Surry County,VA,0.448,0.5119,0.4031,0.8447,0.1995,5.2,41.7,6.9,0.2,21.7,6.0,12.4,2.8,0.6,20.3,17.2,46.1,80.44999999999999,22.1,14.850000000000001,16.55,38.0,78.5,39.7,2.0,0,1,0
51183,Sussex County,VA,0.7385,0.7012,0.2144,0.9201,0.8871,10.3,54.6,8.2,0.2,22.6,5.0,18.7,3.5,1.1,23.7,17.4,60.0,79.25,20.4,15.3,22.1,35.5,79.75,45.6,2.0,0,1,0
51185,Tazewell County,VA,0.5883,0.6417,0.5619,0.1409,0.665,7.6,3.5,6.3,0.1,29.8,5.7,13.6,1.2,1.8,21.2,19.1,6.8,78.4,27.75,14.15,16.700000000000003,38.65,73.1,40.45,5.0,0,1,0
51187,Warren County,VA,0.496,0.6061,0.2704,0.4683,0.4792,5.5,5.2,10.7,0.7,17.7,5.6,11.2,6.3,3.6,23.9,14.4,16.8,76.6,24.75,11.7,13.15,35.55,73.30000000000001,37.85,2.0,0,1,0
51191,Washington County,VA,0.2549,0.3124,0.3147,0.0579,0.3904,4.4,1.7,8.0,0.2,20.1,4.2,10.8,1.6,2.7,18.1,22.3,5.2,78.1,25.25,12.05,11.7,38.05,78.1,38.349999999999994,3.0,0,1,0
51193,Westmoreland County,VA,0.8193,0.9281,0.903,0.7537,0.2638,6.1,24.1,8.6,1.7,27.7,9.1,18.1,6.8,1.0,28.9,17.2,37.5,80.2,24.05,15.75,19.85,38.95,76.35,41.1,6.0,0,1,0
51195,Wise County,VA,0.8046,0.8756,0.5387,0.2587,0.8937,9.7,4.6,7.8,0.3,30.7,9.1,19.6,1.3,3.3,22.7,27.4,9.2,77.15,26.75,13.899999999999999,17.95,37.4,71.95,43.5,6.0,0,1,0
51197,Wythe County,VA,0.4139,0.3812,0.72,0.1339,0.3983,8.4,2.2,6.0,0.6,24.3,5.2,9.9,1.4,2.7,19.1,20.7,6.7,77.7,25.950000000000003,12.65,13.75,38.15,70.95,38.599999999999994,6.0,0,1,0
51199,York County,VA,0.1543,0.0633,0.5269,0.6911,0.1384,3.9,13.0,4.0,1.4,8.2,4.2,4.7,7.3,9.9,20.0,11.7,31.9,79.55,21.6,10.25,9.25,35.849999999999994,78.9,31.5,2.0,0,1,0
51510,Alexandria City,VA,0.3178,0.2345,0.0242,0.8651,0.7442,11.0,20.9,8.8,4.7,13.4,3.2,6.3,16.6,53.0,24.5,7.3,48.9,78.1,20.75,9.850000000000001,10.5,34.8,81.55,31.6,2.0,0,1,0
51520,Bristol City,VA,0.7696,0.8088,0.8381,0.3888,0.5902,10.3,6.3,13.7,0.3,31.0,4.1,13.8,2.6,8.5,25.1,21.6,13.4,78.05,26.35,13.3,16.15,37.75,77.0,39.25,3.0,0,1,0
51530,Buena Vista City,VA,0.4983,0.6332,0.3732,0.3961,0.4053,5.0,4.1,6.4,0.0,29.3,1.3,18.7,1.5,4.0,29.0,16.2,13.7,76.80000000000001,27.2,12.4,15.95,36.25,73.6,38.0,6.0,0,1,0
51540,Charlottesville City,VA,0.5727,0.6513,0.0334,0.72,0.8562,11.8,17.0,6.3,1.9,30.1,5.1,8.0,5.8,22.6,35.5,9.0,34.7,77.75,24.15,10.95,12.9,34.2,75.25,34.1,4.0,0,1,0
51550,Chesapeake City,VA,0.4149,0.3153,0.6125,0.8291,0.2475,4.4,28.6,6.7,1.5,13.2,5.0,6.7,7.0,7.9,25.7,11.7,44.8,80.0,21.75,12.2,13.7,33.4,80.0,39.85,1.0,0,1,0
51570,Colonial Heights City,VA,0.5651,0.4782,0.9443,0.678,0.1912,6.6,16.6,7.3,1.5,14.5,6.1,8.5,7.2,7.6,26.8,16.1,31.0,78.55,23.299999999999997,11.4,13.15,35.9,80.6,37.55,2.0,0,1,0
51580,Covington City,VA,0.3128,0.4073,0.468,0.5237,0.1352,8.5,13.2,8.4,0.3,25.7,2.6,11.4,2.4,1.0,20.8,13.1,19.7,77.69999999999999,26.25,15.0,20.25,38.05,73.8,40.7,6.0,0,1,0
51590,Danville City,VA,0.9796,0.9322,0.9765,0.9176,0.8979,13.9,49.9,9.1,1.4,38.7,5.8,15.6,4.9,13.1,33.7,19.2,59.5,80.65,22.6,18.25,28.25,37.400000000000006,76.45,42.0,5.0,0,1,0
51595,Emporia City,VA,0.9233,0.9071,0.994,0.9784,0.4228,16.0,60.3,4.7,1.1,35.8,7.0,23.1,4.7,3.1,37.1,23.1,76.5,81.25,21.6,18.3,29.450000000000003,36.400000000000006,76.95,44.65,6.0,0,1,0
51600,Fairfax City,VA,0.3551,0.1413,0.1117,0.8508,0.8113,6.2,5.9,6.3,5.7,14.5,3.7,7.8,18.1,22.0,19.5,7.2,46.7,78.19999999999999,19.6,10.649999999999999,10.5,35.349999999999994,76.95,31.700000000000003,2.0,0,1,0
51610,Falls Church City,VA,0.2189,0.055,0.4047,0.678,0.4486,5.7,4.6,0.9,2.2,3.9,6.0,2.6,11.3,44.3,15.2,7.9,31.0,78.85,20.6,8.35,5.800000000000001,34.65,81.69999999999999,28.85,2.0,0,1,0
51620,Franklin City,VA,0.7938,0.7241,0.7165,0.9303,0.6745,10.9,51.4,3.1,0.2,31.8,5.3,15.7,3.3,4.5,28.8,18.6,62.1,81.05,22.9,16.6,24.5,36.1,75.7,44.0,6.0,0,1,0
51630,Fredericksburg City,VA,0.7636,0.5851,0.3624,0.8101,0.9675,9.2,20.7,8.5,3.5,22.9,5.2,7.5,11.7,33.0,29.3,11.7,43.1,77.44999999999999,24.3,10.899999999999999,14.3,33.2,78.75,40.5,2.0,0,1,0
51640,Galax City,VA,0.9532,0.9249,0.9478,0.6561,0.8928,9.7,5.1,14.4,3.0,37.7,4.4,19.8,20.6,6.9,25.8,14.8,29.3,77.45,26.95,15.100000000000001,21.35,37.3,71.4,39.4,6.0,0,1,0
51650,Hampton City,VA,0.748,0.6277,0.58,0.937,0.7464,7.6,48.0,7.1,0.8,22.8,6.5,7.2,6.6,13.2,34.7,16.1,63.6,80.94999999999999,21.15,14.4,19.8,35.0,81.3,40.599999999999994,2.0,0,1,0
51660,Harrisonburg City,VA,0.8648,0.9666,0.1234,0.7378,0.9504,7.2,7.0,10.6,7.4,38.6,6.7,16.4,20.8,19.9,31.9,11.6,36.2,75.6,25.85,12.05,19.9,32.9,74.25,36.55,4.0,0,1,0
51670,Hopewell City,VA,0.8801,0.9138,0.8435,0.9074,0.6001,9.0,41.9,6.9,0.8,36.5,8.8,13.1,8.9,9.9,35.2,16.4,57.5,79.2,24.25,16.9,29.0,36.75,74.25,45.849999999999994,2.0,0,1,0
51678,Lexington City,VA,0.0474,0.0789,0.0,0.5119,0.5912,11.0,5.2,2.1,0.0,19.5,2.5,3.8,5.1,5.7,21.8,11.7,19.0,75.85,25.299999999999997,9.15,11.5,31.6,78.45,32.400000000000006,6.0,0,1,0
51680,Lynchburg City,VA,0.7066,0.6917,0.1429,0.7684,0.9122,10.6,27.4,6.9,0.6,27.2,5.4,9.7,4.7,19.0,30.1,12.8,38.9,77.85,24.5,11.75,16.7,33.2,74.2,38.4,3.0,0,1,0
51683,Manassas City,VA,0.4884,0.5173,0.3137,0.931,0.3093,3.7,13.0,19.7,13.3,10.5,3.3,14.2,38.8,16.1,23.3,8.6,62.2,75.85,19.9,11.9,16.200000000000003,35.2,78.95,35.55,2.0,0,1,0
51685,Manassas Park City,VA,0.6532,0.7588,0.3261,0.9593,0.4295,4.8,12.4,19.2,10.5,17.6,3.2,19.9,41.9,21.3,32.9,11.6,69.9,75.94999999999999,20.25,13.850000000000001,20.9,35.45,75.0,38.3,2.0,0,1,0
51690,Martinsville City,VA,0.9297,0.8661,0.9882,0.9065,0.6414,13.2,44.3,10.4,1.5,37.9,4.3,13.5,7.0,11.8,34.8,21.0,57.4,79.80000000000001,23.549999999999997,17.25,27.05,36.75,75.35,44.8,5.0,0,1,0
51700,Newport News City,VA,0.8406,0.6739,0.686,0.9154,0.9179,9.7,40.6,8.6,1.4,23.2,5.6,8.3,9.9,18.3,35.1,14.4,59.2,79.3,22.2,13.4,18.9,35.3,80.2,41.15,2.0,0,1,0
51710,Norfolk City,VA,0.8594,0.8451,0.4203,0.9084,0.9246,11.8,40.1,10.0,1.4,26.2,6.7,10.7,8.7,18.4,36.8,14.8,57.8,79.2,21.55,13.149999999999999,19.15,34.45,82.5,40.95,2.0,0,1,0
51720,Norton City,VA,0.769,0.8549,0.6328,0.0757,0.8307,8.1,2.0,10.5,0.1,39.5,7.3,9.8,0.0,14.5,24.2,29.7,5.6,77.25,27.450000000000003,14.0,19.0,37.3,74.85,40.75,6.0,0,1,0
51730,Petersburg City,VA,0.9733,0.9701,0.9389,0.9885,0.79,16.5,75.4,10.7,1.6,34.7,11.3,13.6,5.3,20.1,41.7,21.4,85.1,82.15,21.15,18.1,29.2,34.85,79.75,46.6,2.0,0,1,0
51735,Poquoson City,VA,0.0038,0.001,0.2386,0.3016,0.0048,1.7,1.8,2.3,0.3,8.5,1.4,3.8,3.4,3.1,16.2,12.9,10.4,78.05,23.8,9.9,8.35,36.1,75.1,33.05,2.0,0,1,0
51740,Portsmouth City,VA,0.8355,0.804,0.6039,0.937,0.7766,11.4,51.0,7.7,0.6,27.3,6.6,10.5,5.0,9.3,39.2,14.8,63.6,79.45,22.799999999999997,15.350000000000001,22.75,35.95,75.55,40.9,2.0,0,1,0
51750,Radford City,VA,0.3408,0.735,0.0032,0.4779,0.5243,4.6,8.8,5.5,0.3,42.3,7.2,6.7,3.2,21.5,32.1,11.5,17.3,75.65,28.95,11.45,18.7,33.0,75.2,37.45,4.0,0,1,0
51760,Richmond City,VA,0.8333,0.8575,0.3016,0.9109,0.8823,14.2,43.7,9.6,3.2,28.7,6.1,11.2,7.6,24.9,38.1,14.3,58.2,78.55000000000001,22.55,13.2,18.35,34.1,78.69999999999999,38.0,1.0,0,1,0
51770,Roanoke City,VA,0.8521,0.8718,0.6624,0.8088,0.7639,11.2,28.7,9.7,2.0,29.5,6.6,10.9,6.9,16.2,32.7,12.4,43.0,77.35,23.8,14.149999999999999,19.35,34.65,77.30000000000001,41.95,3.0,0,1,0
51775,Salem City,VA,0.3248,0.2253,0.083,0.4613,0.8046,5.8,7.8,6.1,0.6,18.6,3.5,6.1,3.8,12.4,24.1,11.4,16.5,77.85,25.299999999999997,11.2,12.0,36.25,78.4,35.7,3.0,0,1,0
51790,Staunton City,VA,0.6048,0.5262,0.468,0.5317,0.748,8.8,10.1,8.2,1.0,21.0,5.1,7.4,3.8,11.6,28.3,15.1,20.1,78.44999999999999,25.05,11.8,12.75,36.2,77.19999999999999,36.5,4.0,0,1,0
51800,Suffolk City,VA,0.4788,0.4715,0.4553,0.882,0.2806,6.0,41.0,6.1,0.7,15.8,6.3,8.8,4.8,8.4,27.0,12.6,52.3,80.19999999999999,21.4,12.899999999999999,16.0,37.150000000000006,81.1,42.25,2.0,0,1,0
51810,Virginia Beach City,VA,0.307,0.2743,0.3465,0.7843,0.2377,4.3,18.2,6.9,1.4,13.5,4.3,5.5,8.8,11.9,28.1,11.8,40.1,79.6,23.450000000000003,11.75,12.35,37.7,80.25,36.650000000000006,1.0,0,1,0
51820,Waynesboro City,VA,0.7601,0.7735,0.9042,0.6332,0.4069,7.8,9.5,9.7,1.8,26.6,4.7,11.8,9.3,11.5,34.1,16.8,27.2,77.65,24.6,12.3,15.399999999999999,36.0,74.25,38.6,4.0,0,1,0
51830,Williamsburg City,VA,0.3802,0.4846,0.0188,0.6962,0.6398,7.1,15.2,6.0,1.4,20.2,6.0,6.7,7.7,18.5,29.1,9.9,32.3,77.3,24.25,10.350000000000001,13.0,33.150000000000006,78.25,34.150000000000006,2.0,0,1,0
51840,Winchester City,VA,0.9033,0.8689,0.791,0.7366,0.9135,10.0,9.8,12.0,4.5,27.3,5.2,13.0,18.7,14.0,34.4,14.6,36.1,77.65,24.45,13.55,18.5,36.650000000000006,74.55,37.95,4.0,0,1,0
53001,Adams County,WA,0.98,0.9835,0.7467,0.9526,0.9621,7.4,0.2,16.4,14.4,33.1,6.3,29.0,64.5,4.7,27.2,10.9,68.1,67.19999999999999,22.3,13.2,15.25,32.75,65.9,37.95,5.0,0,0,1
53003,Asotin County,WA,0.4283,0.5743,0.5807,0.3535,0.1826,3.3,0.6,6.8,0.7,27.0,5.9,7.0,4.7,3.6,25.3,18.5,12.0,73.75,26.5,10.95,15.25,33.5,71.2,35.4,4.0,0,0,1
53005,Benton County,WA,0.6405,0.4232,0.8441,0.6993,0.6157,5.1,1.6,8.0,4.1,17.6,4.8,9.9,23.5,12.4,22.9,14.2,32.6,70.35,24.15,9.9,15.25,34.45,72.35,36.25,3.0,0,0,1
53007,Chelan County,WA,0.7999,0.5068,0.9542,0.7098,0.8129,5.3,0.4,10.9,7.2,17.7,3.4,14.6,28.6,9.6,23.2,17.9,33.6,69.65,25.05,9.7,15.25,32.7,69.15,29.25,4.0,0,0,1
53009,Clallam County,WA,0.5861,0.4753,0.6128,0.5161,0.6799,6.2,0.8,7.5,0.7,19.7,5.4,7.0,7.2,6.9,26.8,20.0,19.2,69.35,25.85,10.149999999999999,15.25,36.15,72.15,31.15,5.0,0,0,1
53011,Clark County,WA,0.4257,0.3264,0.5037,0.6013,0.448,4.8,1.9,6.4,2.8,14.5,5.2,7.0,10.7,11.5,25.3,12.6,24.6,67.85,27.2,9.0,15.25,31.4,74.9,35.15,2.0,0,0,1
53013,Columbia County,WA,0.3576,0.2549,0.9275,0.5005,0.1063,4.0,0.9,7.9,0.6,17.1,3.5,10.1,8.2,0.5,20.0,22.9,18.3,71.0,26.7,10.45,15.25,34.6,65.1,32.55,6.0,0,0,1
53015,Cowlitz County,WA,0.7124,0.5288,0.8514,0.504,0.7426,6.2,0.7,6.0,1.3,19.8,5.5,9.9,9.8,10.6,27.8,18.9,18.6,69.9,28.1,10.350000000000001,15.25,31.65,75.55000000000001,40.4,4.0,0,0,1
53017,Douglas County,WA,0.8116,0.4909,0.9911,0.7668,0.6939,4.5,0.4,12.0,9.0,15.5,4.3,18.2,33.3,5.4,19.4,18.5,38.8,69.75,22.9,10.25,15.25,31.55,66.9,35.95,4.0,0,0,1
53019,Ferry County,WA,0.7159,0.6443,0.5905,0.6481,0.749,6.2,0.2,5.1,0.5,31.3,7.6,8.6,1.8,1.4,24.2,26.1,28.5,70.0,26.3,12.75,15.25,35.95,62.150000000000006,40.1,6.0,0,0,1
53021,Franklin County,WA,0.9147,0.8909,0.8715,0.9243,0.7833,4.3,1.7,13.6,12.8,24.8,5.7,24.2,53.9,7.6,24.1,11.8,61.4,68.25,21.049999999999997,11.05,15.25,30.8,69.4,35.3,3.0,0,0,1
53023,Garfield County,WA,0.2456,0.1702,0.6007,0.328,0.2685,1.2,1.0,4.2,0.7,15.6,6.5,7.1,3.8,0.7,17.5,24.1,11.2,71.5,24.5,9.9,15.25,34.15,73.85,30.95,6.0,0,0,1
53025,Grant County,WA,0.931,0.8323,0.889,0.8657,0.9271,4.7,1.0,12.3,10.2,24.9,5.4,19.6,42.8,6.8,23.6,13.6,49.0,69.0,23.799999999999997,11.15,15.25,32.3,67.85,38.95,5.0,0,0,1
53027,Grays Harbor County,WA,0.8215,0.6694,0.8409,0.5654,0.8988,5.5,1.4,7.0,2.0,23.3,6.4,9.9,10.8,6.0,27.5,21.1,22.4,68.05000000000001,27.65,12.05,15.25,35.25,73.44999999999999,36.9,5.0,0,0,1
53029,Island County,WA,0.3032,0.2498,0.322,0.5679,0.3945,3.2,2.5,4.5,0.7,12.9,5.5,4.3,8.5,4.0,27.2,15.7,22.6,71.55000000000001,24.0,8.95,15.25,33.05,73.05000000000001,31.55,5.0,0,0,1
53031,Jefferson County,WA,0.3643,0.4063,0.2946,0.4085,0.3974,4.6,0.4,4.8,0.4,19.2,8.4,2.9,4.1,3.2,27.4,19.9,14.1,74.1,25.549999999999997,10.55,15.25,36.8,66.45,28.9,5.0,0,0,1
53033,King County,WA,0.3761,0.1938,0.0496,0.8199,0.8816,10.9,6.4,5.3,4.5,12.8,4.5,6.2,10.2,30.2,23.8,10.0,44.1,69.95,23.45,7.25,15.25,33.05,75.5,22.5,1.0,0,0,1
53035,Kitsap County,WA,0.3334,0.195,0.2514,0.6128,0.6236,4.3,2.5,5.1,0.8,13.4,4.7,4.8,8.5,9.8,24.6,14.7,25.4,70.85,25.5,9.05,15.25,31.700000000000003,71.85,31.9,3.0,0,0,1
53037,Kittitas County,WA,0.3366,0.5132,0.013,0.5202,0.6265,3.4,0.8,5.3,0.4,23.2,5.9,6.9,9.6,10.4,29.8,13.0,19.4,68.65,26.6,9.3,15.25,30.65,71.0,35.5,5.0,0,0,1
53039,Klickitat County,WA,0.6414,0.6389,0.7178,0.525,0.4995,5.2,0.8,7.4,3.8,23.8,6.9,10.6,12.6,1.2,23.0,16.1,19.8,68.9,24.85,10.2,15.25,32.4,70.9,32.8,6.0,0,0,1
53041,Lewis County,WA,0.7028,0.608,0.7887,0.5081,0.6739,4.6,0.5,6.4,1.4,21.3,6.3,10.5,11.2,5.8,26.4,19.5,18.8,66.65,27.2,10.85,15.25,35.4,65.4,38.9,5.0,0,0,1
53043,Lincoln County,WA,0.2113,0.1489,0.6131,0.3058,0.2132,2.8,0.3,3.7,0.4,19.2,5.3,7.6,3.9,1.3,16.0,21.4,10.5,72.45,24.1,10.0,15.25,34.9,69.30000000000001,37.7,6.0,0,0,1
53045,Mason County,WA,0.573,0.4776,0.7162,0.5679,0.525,3.9,1.0,6.5,2.5,19.2,6.2,9.5,11.1,1.2,23.2,19.1,22.6,70.0,26.15,10.7,15.25,35.05,70.85,35.849999999999994,5.0,0,0,1
53047,Okanogan County,WA,0.9453,0.8836,0.9889,0.7502,0.7595,4.1,1.3,12.8,6.1,30.3,5.8,14.0,21.8,2.0,24.6,16.5,37.3,70.45,25.25,11.850000000000001,15.25,33.15,71.5,32.650000000000006,6.0,0,0,1
53049,Pacific County,WA,0.7038,0.3923,0.9096,0.5371,0.8221,7.5,0.4,5.3,2.3,22.2,4.3,8.7,10.2,4.6,25.6,24.2,20.4,70.85,26.65,12.4,15.25,37.05,72.80000000000001,36.4,6.0,0,0,1
53051,Pend Oreille County,WA,0.4314,0.447,0.4235,0.4314,0.4279,3.1,0.2,6.5,0.0,21.7,6.1,6.6,4.7,2.7,23.6,21.5,15.1,70.0,25.8,11.3,15.25,34.8,71.55,38.75,6.0,0,0,1
53053,Pierce County,WA,0.5434,0.3452,0.4744,0.7391,0.735,5.0,6.8,6.0,2.4,14.8,5.0,7.6,11.9,12.6,26.8,13.3,36.3,69.95,26.6,10.25,15.25,33.9,74.55000000000001,36.849999999999994,2.0,0,0,1
53055,San Juan County,WA,0.1527,0.2424,0.092,0.3723,0.2179,4.6,0.4,7.5,0.6,17.4,3.2,4.2,6.8,2.1,26.3,11.7,12.7,69.75,24.0,8.95,15.25,33.7,72.9,24.75,6.0,0,0,1
53057,Skagit County,WA,0.5982,0.4642,0.7426,0.6402,0.5619,3.9,0.7,6.8,3.4,17.6,5.1,9.2,19.3,7.3,26.7,14.5,27.9,69.05,26.15,9.65,15.25,31.15,76.65,33.1,4.0,0,0,1
53059,Skamania County,WA,0.2345,0.2619,0.1432,0.5011,0.3252,4.6,0.1,5.2,0.4,16.7,5.2,6.6,8.6,1.6,23.3,12.8,18.4,71.15,26.2,9.7,15.25,32.85,69.25,32.55,2.0,0,0,1
53061,Snohomish County,WA,0.3557,0.2428,0.1919,0.7178,0.5832,4.6,3.4,6.2,3.7,12.2,4.4,7.2,11.1,15.5,24.3,11.7,34.5,71.30000000000001,25.1,8.7,15.25,33.599999999999994,74.30000000000001,30.35,2.0,0,0,1
53063,Spokane County,WA,0.5638,0.4181,0.419,0.4871,0.8457,7.3,1.8,5.2,1.0,20.2,5.8,5.9,6.5,16.4,28.5,15.5,17.6,72.0,26.8,9.649999999999999,15.25,32.6,76.65,34.75,3.0,0,0,1
53065,Stevens County,WA,0.4652,0.4613,0.5873,0.4248,0.4018,3.8,0.3,7.4,0.9,22.9,5.3,8.0,4.1,2.3,22.4,18.9,14.8,70.05000000000001,25.35,10.85,15.25,33.8,64.25,34.2,3.0,0,0,1
53067,Thurston County,WA,0.3939,0.3026,0.3443,0.6424,0.5024,4.6,3.0,5.0,1.5,16.0,5.5,5.7,9.9,10.3,26.4,14.4,28.0,67.95,27.6,9.600000000000001,15.25,34.1,75.1,31.15,3.0,0,0,1
53069,Wahkiakum County,WA,0.2039,0.3538,0.1514,0.4839,0.1301,3.4,1.0,4.3,0.0,25.5,3.2,7.9,7.4,1.0,27.9,20.5,17.5,71.55,27.0,12.2,15.25,37.65,70.85,39.25,6.0,0,0,1
53071,Walla Walla County,WA,0.8078,0.6755,0.7416,0.6634,0.8858,6.2,1.9,8.2,4.2,21.4,5.8,11.1,22.3,8.1,27.6,15.6,29.9,69.1,25.200000000000003,9.899999999999999,15.25,32.65,74.4,34.75,4.0,0,0,1
53073,Whatcom County,WA,0.5002,0.4203,0.1104,0.5778,0.8667,6.1,0.9,5.9,1.6,19.9,4.9,6.7,10.1,15.6,30.7,12.9,23.2,69.5,29.8,8.350000000000001,15.25,31.25,73.1,26.9,4.0,0,0,1
53075,Whitman County,WA,0.5186,0.6239,0.0099,0.5953,0.9154,9.0,1.9,4.5,1.3,36.1,6.7,4.2,6.7,24.7,37.0,12.2,24.2,68.55,27.8,8.65,15.25,29.0,72.75,30.7,5.0,0,0,1
53077,Yakima County,WA,0.9647,0.9698,0.8976,0.9154,0.8317,5.3,0.8,13.3,10.9,29.0,7.2,24.3,51.2,7.7,26.9,13.4,59.2,67.9,22.700000000000003,12.5,15.25,32.95,67.5,39.95,3.0,0,0,1
54001,Barbour County,WV,0.4563,0.6713,0.1782,0.2062,0.4855,6.9,1.4,5.5,0.5,32.3,10.1,12.1,1.2,1.8,20.1,15.2,7.9,79.25,32.7,15.35,19.049999999999997,40.5,73.69999999999999,43.55,6.0,0,1,0
54003,Berkeley County,WV,0.2704,0.3296,0.1756,0.4913,0.3159,5.5,6.6,6.2,0.6,18.4,4.6,9.4,5.2,3.2,22.2,13.7,17.8,79.25,29.7,12.75,15.4,37.7,79.44999999999999,38.400000000000006,3.0,0,1,0
54005,Boone County,WV,0.4003,0.5794,0.5641,0.0032,0.2603,8.1,0.3,5.8,0.3,26.0,9.8,15.6,0.3,1.0,16.2,24.0,2.7,79.25,31.95,15.2,18.0,40.95,70.95,46.45,4.0,0,1,0
54007,Braxton County,WV,0.6013,0.8158,0.2342,0.314,0.5768,8.2,1.0,9.7,0.0,34.4,14.4,17.4,1.1,0.9,17.3,18.5,10.8,79.69999999999999,31.299999999999997,16.75,20.85,40.35,75.6,41.4,6.0,0,1,0
54009,Brooke County,WV,0.378,0.2272,0.5616,0.0983,0.7124,7.0,1.5,5.4,0.8,20.9,5.7,7.5,1.0,6.1,16.1,18.5,6.0,79.8,29.8,13.6,13.3,39.2,80.1,40.15,4.0,0,1,0
54011,Cabell County,WV,0.7276,0.784,0.3863,0.3086,0.8635,10.3,4.3,7.5,0.3,31.9,6.1,10.2,1.5,10.6,27.8,18.9,10.6,79.95,32.9,14.05,16.7,38.3,74.75,44.900000000000006,3.0,0,1,0
54013,Calhoun County,WV,0.4696,0.7302,0.4028,0.021,0.3373,7.7,0.0,9.1,0.0,40.5,12.2,13.2,0.3,0.8,8.9,24.1,4.1,79.5,32.349999999999994,18.1,23.5,41.7,72.0,40.599999999999994,6.0,0,1,0
54015,Clay County,WV,0.538,0.6685,0.4734,0.0057,0.6052,7.9,0.1,5.0,0.0,34.6,11.2,16.7,0.1,0.4,17.0,23.2,3.0,79.2,32.65,16.5,21.15,41.15,71.9,41.75,4.0,0,1,0
54017,Doddridge County,WV,0.2625,0.4591,0.0366,0.1225,0.5275,2.6,1.7,8.2,0.0,25.5,4.3,18.0,1.6,0.5,10.9,18.5,6.5,78.4,29.85,14.799999999999999,17.5,40.1,76.4,41.0,5.0,0,1,0
54019,Fayette County,WV,0.7019,0.7922,0.5231,0.2109,0.7445,10.2,4.5,8.0,0.1,31.6,7.5,15.0,1.3,3.0,21.0,24.3,8.0,78.75,32.2,15.85,18.200000000000003,41.6,78.75,40.4,4.0,0,1,0
54021,Gilmer County,WV,0.4849,0.5297,0.1295,0.5542,0.6621,6.6,13.6,7.8,0.8,22.1,7.1,17.0,3.9,1.2,10.2,15.5,21.8,78.75,28.5,15.0,20.200000000000003,39.4,75.15,43.349999999999994,6.0,0,1,0
54023,Grant County,WV,0.2695,0.4368,0.3198,0.0299,0.2679,7.2,1.4,8.5,1.3,20.5,5.3,12.3,0.4,1.0,17.8,14.7,4.4,80.0,30.1,14.4,15.3,39.7,74.05,43.25,6.0,0,1,0
54025,Greenbrier County,WV,0.4537,0.5848,0.3468,0.2234,0.4477,6.7,2.1,7.1,0.1,31.2,4.3,11.9,2.0,3.1,22.3,19.5,8.3,79.9,30.5,15.100000000000001,18.0,39.400000000000006,72.65,40.3,6.0,0,1,0
54027,Hampshire County,WV,0.4699,0.7235,0.3,0.0821,0.3929,5.2,0.5,12.1,0.1,26.2,8.5,12.3,1.6,0.7,18.2,25.9,5.7,78.85,30.75,14.649999999999999,15.3,40.7,77.6,39.0,4.0,0,1,0
54029,Hancock County,WV,0.2969,0.5221,0.2622,0.1696,0.2109,6.7,2.1,9.2,0.0,21.7,8.5,9.5,1.6,3.5,18.4,18.6,7.3,80.6,30.6,14.55,15.4,39.05,71.95,43.95,4.0,0,1,0
54031,Hardy County,WV,0.3942,0.4874,0.3602,0.3086,0.3742,8.3,4.4,5.2,0.5,31.3,4.6,13.5,4.7,1.6,19.4,17.4,10.6,80.25,30.9,16.6,18.9,40.95,73.95,41.7,6.0,0,1,0
54033,Harrison County,WV,0.4703,0.476,0.2409,0.1508,0.7814,8.8,1.3,7.0,0.2,24.4,5.3,11.4,1.8,5.3,19.5,16.2,7.0,80.5,30.35,14.1,15.4,40.05,74.65,40.150000000000006,5.0,0,1,0
54035,Jackson County,WV,0.2934,0.3112,0.294,0.014,0.5558,9.3,0.2,5.8,0.1,29.7,3.6,9.6,1.1,1.4,18.2,21.1,3.7,80.15,31.45,15.3,16.1,40.900000000000006,73.9,42.65,6.0,0,1,0
54037,Jefferson County,WV,0.217,0.2164,0.0738,0.5011,0.4658,5.6,5.5,5.8,0.5,14.2,4.9,9.6,6.5,3.3,19.3,13.1,18.4,79.75,28.3,12.3,12.75,37.65,78.8,38.099999999999994,2.0,0,1,0
54039,Kanawha County,WV,0.5339,0.4696,0.4804,0.3824,0.6949,10.8,6.6,5.3,0.2,26.0,5.4,9.4,1.2,7.1,22.1,18.8,13.2,80.55000000000001,31.0,14.0,17.35,40.1,72.2,40.3,4.0,0,1,0
54041,Lewis County,WV,0.5568,0.5635,0.4356,0.1696,0.7617,10.3,0.1,6.1,0.1,28.3,8.7,12.2,1.4,4.7,16.8,17.8,7.3,78.95,31.85,15.149999999999999,17.65,39.6,74.05000000000001,40.099999999999994,6.0,0,1,0
54043,Lincoln County,WV,0.3983,0.5364,0.461,0.0083,0.3863,9.0,0.1,4.5,0.1,34.5,5.9,17.8,1.2,1.2,13.5,26.0,3.3,79.75,33.45,16.45,21.25,39.5,72.1,45.400000000000006,6.0,0,1,0
54045,Logan County,WV,0.6624,0.8069,0.5014,0.0337,0.7178,9.8,1.8,7.3,0.0,40.2,13.3,18.9,1.1,2.5,18.0,29.2,4.5,79.30000000000001,35.25,16.2,20.799999999999997,41.35,68.55,44.85,6.0,0,1,0
54047,McDowell County,WV,0.8721,0.9131,0.8237,0.5202,0.7601,9.9,14.1,7.2,0.6,45.7,15.1,22.5,2.0,1.3,22.1,30.0,19.4,78.45,31.85,19.5,29.4,40.95,70.25,46.150000000000006,6.0,0,1,0
54049,Marion County,WV,0.4394,0.4671,0.3777,0.2164,0.5632,8.0,2.9,7.2,0.2,25.6,6.4,8.6,1.4,2.9,18.7,19.2,8.1,79.9,30.85,13.649999999999999,14.9,39.150000000000006,77.65,42.55,5.0,0,1,0
54051,Marshall County,WV,0.2167,0.2552,0.4827,0.0675,0.2237,6.6,0.7,6.4,0.1,24.5,3.9,7.6,1.0,1.0,19.1,19.5,5.4,79.7,30.95,14.399999999999999,15.4,38.650000000000006,77.7,37.4,4.0,0,1,0
54053,Mason County,WV,0.2774,0.3137,0.1737,0.0229,0.6074,7.1,0.3,6.4,0.0,27.3,2.9,14.4,1.3,1.5,14.2,19.3,4.2,79.9,32.7,15.1,18.299999999999997,41.150000000000006,75.5,41.25,6.0,0,1,0
54055,Mercer County,WV,0.7343,0.5943,0.7856,0.314,0.8791,8.3,5.8,6.4,0.5,32.4,4.2,13.6,1.3,3.6,22.3,23.6,10.8,80.6,32.05,15.399999999999999,18.200000000000003,41.25,78.05,40.9,5.0,0,1,0
54057,Mineral County,WV,0.2135,0.1884,0.357,0.1654,0.3786,6.0,2.4,5.4,0.4,20.7,5.8,6.1,1.1,2.5,15.5,15.9,7.2,79.4,31.349999999999998,13.45,13.4,37.55,78.5,39.349999999999994,5.0,0,1,0
54059,Mingo County,WV,0.6761,0.8422,0.4687,0.0337,0.7092,11.8,2.5,7.1,0.0,41.0,11.2,23.4,0.3,3.8,19.3,33.0,4.5,79.44999999999999,35.0,18.1,25.85,42.099999999999994,72.9,43.25,6.0,0,1,0
54061,Monongalia County,WV,0.3325,0.525,0.0041,0.3748,0.8225,7.1,3.4,5.3,0.3,27.4,5.7,6.1,2.3,17.3,27.9,11.9,12.8,77.65,29.049999999999997,11.45,13.05,34.900000000000006,82.6,33.05,4.0,0,1,0
54063,Monroe County,WV,0.3901,0.5842,0.7276,0.0821,0.119,6.5,0.7,11.1,1.1,22.5,10.6,11.5,2.0,0.5,13.8,23.2,5.7,80.25,31.6,15.5,17.1,41.65,74.9,41.150000000000006,6.0,0,1,0
54065,Morgan County,WV,0.1759,0.4286,0.0808,0.1094,0.1779,4.3,0.2,7.3,0.2,20.3,5.1,11.8,1.9,0.2,19.8,16.3,6.2,79.80000000000001,30.3,14.5,14.95,40.3,72.9,39.0,3.0,0,1,0
54067,Nicholas County,WV,0.2794,0.4066,0.5638,0.0089,0.1903,6.6,0.1,5.4,0.1,25.6,6.6,10.9,1.0,1.1,15.2,20.8,3.4,79.05,31.950000000000003,14.7,16.9,40.3,76.55000000000001,40.45,6.0,0,1,0
54069,Ohio County,WV,0.4741,0.3983,0.4324,0.2485,0.7117,12.0,3.2,4.6,0.5,24.4,5.3,7.0,1.3,9.9,24.3,15.3,9.0,79.55,30.35,13.5,13.75,38.2,78.5,39.8,4.0,0,1,0
54071,Pendleton County,WV,0.2666,0.5829,0.2991,0.0757,0.1091,4.4,3.3,7.1,0.3,25.4,7.3,16.9,1.5,0.1,14.5,19.1,5.6,80.30000000000001,30.299999999999997,15.399999999999999,15.899999999999999,41.900000000000006,73.65,36.65,6.0,0,1,0
54073,Pleasants County,WV,0.4295,0.4893,0.3338,0.0379,0.6207,4.4,0.7,9.1,0.0,18.3,7.2,12.3,2.6,0.3,17.5,18.4,4.6,78.4,31.25,13.55,15.100000000000001,39.55,78.65,43.75,6.0,0,1,0
54075,Pocahontas County,WV,0.5546,0.6589,0.2001,0.0627,0.8466,7.2,0.5,5.4,0.0,31.4,8.0,16.8,0.7,15.2,18.0,24.0,5.3,79.05,30.8,16.45,19.35,41.55,72.85,40.6,6.0,0,1,0
54077,Preston County,WV,0.4591,0.518,0.1091,0.335,0.7429,6.4,6.0,6.6,0.2,22.0,7.2,13.2,2.3,1.1,18.7,17.9,11.4,78.25,31.1,13.95,16.5,39.45,76.25,37.5,4.0,0,1,0
54079,Putnam County,WV,0.077,0.084,0.1912,0.0757,0.209,4.9,0.8,5.3,0.2,18.4,3.8,6.4,1.3,3.3,15.3,11.8,5.6,81.0,30.85,12.7,12.25,39.8,74.25,38.05,3.0,0,1,0
54081,Raleigh County,WV,0.7887,0.7439,0.7722,0.3748,0.8447,9.3,7.1,4.8,0.1,32.3,7.1,14.7,1.6,3.5,23.3,24.4,12.8,80.6,31.400000000000002,15.95,19.9,40.9,74.6,43.1,4.0,0,1,0
54083,Randolph County,WV,0.5189,0.6475,0.0983,0.2399,0.7871,10.9,1.6,7.7,0.2,27.7,7.3,12.3,1.0,2.1,19.3,15.3,8.8,78.3,31.5,14.35,16.65,38.849999999999994,73.0,46.05,5.0,0,1,0
54085,Ritchie County,WV,0.2609,0.4419,0.5705,0.0083,0.1222,4.6,0.4,7.1,0.3,30.9,3.6,16.5,0.3,0.3,13.4,28.6,3.3,79.65,31.65,15.6,19.1,42.05,75.15,42.65,6.0,0,1,0
54087,Roane County,WV,0.6141,0.8953,0.5126,0.0379,0.3942,10.0,0.1,6.8,0.0,37.6,11.7,19.4,1.1,1.7,22.9,23.2,4.6,78.8,32.7,16.95,21.05,41.25,72.9,41.45,6.0,0,1,0
54089,Summers County,WV,0.6752,0.6236,0.4499,0.2294,0.9262,8.9,4.7,5.7,0.2,31.1,7.6,17.2,2.3,1.4,15.8,30.4,8.5,80.45,31.85,16.85,21.200000000000003,40.8,75.5,39.8,6.0,0,1,0
54091,Taylor County,WV,0.3538,0.5418,0.252,0.0337,0.4009,7.1,1.1,5.6,0.1,27.9,9.3,13.0,1.0,1.5,15.7,20.3,4.5,78.8,31.049999999999997,14.25,16.6,40.7,75.85,41.8,5.0,0,1,0
54093,Tucker County,WV,0.2615,0.3255,0.1721,0.0048,0.5399,9.8,0.1,5.2,0.0,21.0,6.6,11.1,0.1,2.0,14.1,22.0,2.9,80.35,30.75,14.399999999999999,14.5,40.95,75.15,39.15,6.0,0,1,0
54095,Tyler County,WV,0.1349,0.1826,0.3105,0.0115,0.2017,7.3,0.7,4.8,0.3,21.1,4.9,9.1,1.6,1.3,10.9,24.0,3.6,80.1,31.1,15.200000000000001,16.1,41.85,73.65,42.65,6.0,0,1,0
54097,Upshur County,WV,0.6045,0.7283,0.2762,0.1037,0.805,9.3,1.4,6.8,0.1,30.2,5.8,12.7,1.4,2.7,23.9,15.3,6.1,79.6,31.200000000000003,14.9,17.549999999999997,40.6,75.05,36.85,6.0,0,1,0
54099,Wayne County,WV,0.3694,0.573,0.3334,0.0169,0.343,8.6,0.9,7.8,0.1,29.7,5.0,15.8,0.7,1.5,17.0,23.3,3.9,80.0,32.3,15.0,17.6,39.8,75.2,42.6,3.0,0,1,0
54101,Webster County,WV,0.4916,0.7095,0.3261,0.1508,0.434,13.1,0.3,4.2,0.0,31.4,11.1,20.1,0.6,1.9,19.3,24.2,7.0,79.75,32.75,16.8,20.700000000000003,42.150000000000006,70.30000000000001,42.75,6.0,0,1,0
54103,Wetzel County,WV,0.3201,0.3799,0.2704,0.0264,0.5434,6.2,0.1,5.8,0.1,26.3,6.1,10.0,1.1,3.0,13.9,20.4,4.3,79.25,31.75,14.75,16.65,41.3,71.75,42.4,6.0,0,1,0
54105,Wirt County,WV,0.2552,0.3913,0.2774,0.0115,0.3163,9.1,1.2,3.7,0.0,34.4,2.6,14.2,0.0,1.3,20.6,24.4,3.6,79.55,31.6,15.700000000000001,17.6,41.1,74.95,42.599999999999994,4.0,0,1,0
54107,Wood County,WV,0.3869,0.4862,0.4658,0.0757,0.3907,8.4,1.2,6.7,0.3,25.8,5.3,9.1,1.4,5.0,21.4,17.9,5.6,80.75,32.95,14.8,16.0,39.4,78.0,43.45,4.0,0,1,0
54109,Wyoming County,WV,0.5173,0.7213,0.3942,0.0089,0.5084,10.4,0.5,6.5,0.3,36.4,6.4,23.6,0.9,1.3,17.2,33.6,3.4,79.05,32.650000000000006,16.5,21.35,42.05,68.69999999999999,44.35,6.0,0,1,0
55001,Adams County,WI,0.5259,0.5679,0.399,0.342,0.5962,5.1,2.4,5.8,0.6,23.6,5.0,11.6,4.5,2.1,25.7,21.1,11.6,77.3,23.8,13.95,15.25,35.8,76.45,40.3,6.0,0,0,0
55003,Ashland County,WI,0.4852,0.3252,0.3271,0.503,0.8031,6.1,1.5,6.5,0.3,25.7,4.4,4.9,3.3,5.2,22.2,16.9,18.5,76.25,26.0,12.350000000000001,15.0,31.55,76.69999999999999,41.3,6.0,0,0,0
55005,Barron County,WI,0.4009,0.3713,0.6198,0.2234,0.4216,5.2,1.7,7.4,0.7,21.8,3.2,9.4,3.0,4.5,23.6,14.0,8.3,76.4,24.65,11.5,12.9,32.65,79.15,38.3,5.0,0,0,0
55007,Bayfield County,WI,0.097,0.1199,0.1457,0.4604,0.1209,3.7,0.8,5.8,0.2,18.0,3.6,4.2,2.4,2.0,20.3,16.9,16.4,77.6,24.45,11.55,10.65,37.3,81.55,39.0,6.0,0,0,0
55009,Brown County,WI,0.3007,0.1492,0.4133,0.5444,0.5364,4.9,2.6,5.5,2.3,16.3,2.9,7.1,9.4,12.0,22.4,11.3,21.1,76.85,23.45,9.9,12.0,31.85,82.05,41.1,3.0,0,0,0
55011,Buffalo County,WI,0.0595,0.1524,0.224,0.0675,0.0525,3.7,0.3,5.2,0.5,14.5,2.3,8.1,2.6,4.3,23.5,14.2,5.4,76.69999999999999,24.4,11.100000000000001,11.75,33.25,79.75,39.5,6.0,0,0,0
55013,Burnett County,WI,0.1928,0.412,0.23,0.2879,0.0824,3.2,0.7,7.1,0.3,22.2,5.2,7.3,2.1,1.5,22.6,17.7,10.0,77.0,23.65,12.75,12.9,34.85,80.94999999999999,38.9,6.0,0,0,0
55015,Calumet County,WI,0.0115,0.0086,0.1009,0.3058,0.0391,3.8,1.0,2.9,0.9,11.4,2.3,5.2,4.7,4.7,17.6,9.5,10.5,76.25,23.85,9.4,9.75,31.1,78.6,33.05,4.0,0,0,0
55017,Chippewa County,WI,0.1056,0.1686,0.0675,0.1572,0.2704,4.2,1.5,5.5,0.6,18.2,3.0,7.3,1.9,4.1,22.1,11.2,7.1,74.5,24.700000000000003,10.55,11.45,32.25,78.25,41.55,4.0,0,0,0
55019,Clark County,WI,0.6347,0.6096,0.5584,0.2265,0.7929,9.4,0.2,20.9,2.4,22.4,3.4,17.8,5.5,3.7,19.3,11.8,8.4,73.0,23.15,11.35,15.899999999999999,33.1,76.05000000000001,38.0,6.0,0,0,0
55021,Columbia County,WI,0.0993,0.0668,0.1053,0.2399,0.3878,4.2,1.5,5.1,0.4,14.3,3.2,6.1,3.9,6.6,19.3,11.5,8.8,74.4,23.9,10.15,10.75,31.1,78.2,33.400000000000006,3.0,0,0,0
55023,Crawford County,WI,0.2905,0.2679,0.182,0.1409,0.6602,6.6,1.8,8.0,0.6,21.3,2.8,8.2,1.8,2.7,21.1,12.1,6.8,76.15,24.2,11.95,13.5,33.05,76.5,37.5,6.0,0,0,0
55025,Dane County,WI,0.1855,0.1053,0.0388,0.5616,0.65,7.5,5.0,3.7,1.3,15.5,2.3,4.0,6.8,26.1,26.2,8.6,22.2,73.55,24.25,8.149999999999999,9.4,28.15,79.75,32.9,3.0,0,0,0
55027,Dodge County,WI,0.1584,0.1613,0.0818,0.3248,0.4349,4.4,2.5,4.1,0.8,14.6,4.1,7.8,5.5,8.9,22.3,11.9,11.1,77.5,23.3,10.25,12.45,33.8,78.55,42.65,5.0,0,0,0
55029,Door County,WI,0.0525,0.1066,0.1499,0.1572,0.0808,3.1,0.4,4.0,0.8,14.6,3.7,4.2,3.7,5.1,23.2,12.3,7.1,78.35,22.049999999999997,10.8,9.100000000000001,34.15,79.9,36.7,6.0,0,0,0
55031,Douglas County,WI,0.2946,0.1654,0.3633,0.2692,0.6573,8.2,1.3,5.2,0.7,18.0,3.7,5.6,1.8,8.1,22.7,15.0,9.5,76.55,24.5,10.55,11.5,33.1,79.69999999999999,40.95,3.0,0,0,0
55033,Dunn County,WI,0.188,0.2195,0.0235,0.2234,0.6615,4.7,0.3,5.1,0.9,19.9,3.7,5.9,2.2,6.9,24.2,12.5,8.3,74.85,25.15,9.600000000000001,11.5,30.35,78.7,39.75,5.0,0,0,0
55035,Eau Claire County,WI,0.1616,0.1301,0.0487,0.3388,0.5896,5.7,1.1,6.1,0.8,17.3,3.2,3.9,2.8,9.3,21.8,12.9,11.5,74.85,26.1,9.15,10.75,30.55,80.8,30.7,4.0,0,0,0
55037,Florence County,WI,0.112,0.3458,0.1317,0.0379,0.0697,2.8,0.4,7.5,0.1,17.6,6.0,8.6,0.4,1.7,19.4,17.7,4.6,77.8,23.85,11.75,10.8,35.9,76.9,37.15,5.0,0,0,0
55039,Fond du Lac County,WI,0.1887,0.091,0.1766,0.3592,0.5597,5.7,1.6,4.2,1.0,14.5,3.3,7.5,5.8,10.6,20.3,13.0,12.2,76.80000000000001,25.0,10.4,11.8,33.15,77.5,43.8,4.0,0,0,0
55041,Forest County,WI,0.3799,0.4563,0.2208,0.552,0.3691,4.2,0.3,8.4,0.1,24.9,4.0,9.7,2.5,1.8,21.5,16.6,21.7,77.75,26.5,14.35,16.45,37.65,78.9,45.9,6.0,0,0,0
55043,Grant County,WI,0.2224,0.2685,0.0379,0.0983,0.6968,5.2,1.7,7.8,0.4,23.0,3.1,7.5,2.0,7.7,20.6,10.7,6.0,75.4,24.799999999999997,10.9,13.149999999999999,31.6,77.94999999999999,41.8,5.0,0,0,0
55045,Green County,WI,0.0684,0.048,0.2701,0.1276,0.1887,3.9,0.6,4.2,0.8,12.5,3.4,6.8,3.4,5.1,18.1,12.4,6.6,76.0,23.75,10.0,10.35,33.5,80.25,40.099999999999994,3.0,0,0,0
55047,Green Lake County,WI,0.4228,0.3261,0.6987,0.2399,0.4779,6.2,0.9,8.9,0.9,21.6,3.3,8.9,5.4,5.4,20.6,15.0,8.8,76.05,24.5,11.899999999999999,13.95,33.3,74.6,40.4,6.0,0,0,0
55049,Iowa County,WI,0.0051,0.0172,0.0493,0.1339,0.0328,3.2,0.8,3.1,0.2,13.4,2.4,4.5,2.1,3.9,18.5,11.8,6.7,75.75,24.25,9.95,10.15,32.5,77.2,38.45,3.0,0,0,0
55051,Iron County,WI,0.0926,0.2087,0.2049,0.0757,0.0834,4.2,0.1,6.2,0.4,19.8,3.9,3.8,1.6,3.1,22.8,16.6,5.6,77.25,22.9,12.2,11.4,34.0,78.5,34.650000000000006,6.0,0,0,0
55053,Jackson County,WI,0.5231,0.5126,0.2424,0.4146,0.7541,5.3,1.6,7.5,0.7,21.4,5.5,8.2,3.7,3.3,24.8,13.8,14.4,75.94999999999999,24.15,12.0,14.95,33.4,78.4,40.3,6.0,0,0,0
55055,Jefferson County,WI,0.1276,0.1107,0.0684,0.335,0.4283,4.4,0.9,4.5,1.1,12.8,3.4,7.3,7.5,6.3,21.7,11.7,11.4,75.2,23.25,9.8,10.899999999999999,30.4,77.5,40.8,5.0,0,0,0
55057,Juneau County,WI,0.4273,0.4489,0.2354,0.342,0.6166,3.4,2.5,6.8,0.5,23.8,4.2,10.6,3.3,3.6,22.3,16.9,11.6,75.75,24.95,12.55,14.95,34.15,75.35,41.900000000000006,6.0,0,0,0
55059,Kenosha County,WI,0.5215,0.4543,0.4718,0.6268,0.5546,4.9,6.4,6.4,1.8,18.1,5.4,8.7,14.0,11.4,25.9,13.0,26.6,75.9,24.4,10.7,13.15,31.2,78.75,40.1,4.0,0,0,0
55061,Kewaunee County,WI,0.0064,0.0118,0.1107,0.1225,0.022,3.9,0.5,4.2,0.6,11.9,2.0,5.9,3.4,2.7,16.4,12.2,6.5,77.05,23.450000000000003,10.649999999999999,10.95,33.099999999999994,77.7,41.2,3.0,0,0,0
55063,La Crosse County,WI,0.182,0.1514,0.0318,0.3388,0.6672,7.0,1.5,4.7,0.7,18.3,3.1,3.7,2.2,15.5,25.0,11.4,11.5,77.95,25.25,9.7,10.5,32.7,80.15,38.25,4.0,0,0,0
55065,Lafayette County,WI,0.1339,0.2383,0.3936,0.1508,0.0643,4.6,0.5,9.9,1.8,18.8,2.4,8.7,4.4,2.3,19.6,10.7,7.0,76.5,24.7,11.15,13.4,33.75,77.30000000000001,41.9,6.0,0,0,0
55067,Langlade County,WI,0.1607,0.258,0.2669,0.1572,0.1613,4.5,0.4,5.1,0.2,20.9,4.9,10.3,2.3,4.2,17.6,16.6,7.1,76.3,22.85,12.05,13.75,35.4,77.65,37.1,6.0,0,0,0
55069,Lincoln County,WI,0.1775,0.2485,0.1995,0.1037,0.2848,5.3,0.6,4.8,0.5,20.0,4.8,7.8,2.0,3.7,20.9,15.5,6.1,76.8,24.9,11.3,12.850000000000001,34.25,78.65,42.45,6.0,0,0,0
55071,Manitowoc County,WI,0.1346,0.0566,0.3993,0.3248,0.2854,5.9,1.0,4.6,1.4,17.1,2.0,7.4,4.7,7.1,17.9,12.4,11.1,76.45,22.35,10.7,12.05,32.45,76.0,39.0,5.0,0,0,0
55073,Marathon County,WI,0.1473,0.1161,0.3086,0.3697,0.2224,4.7,0.5,6.1,1.3,15.0,3.1,7.3,3.1,8.1,19.9,12.2,12.6,75.6,24.55,9.850000000000001,11.55,34.0,76.44999999999999,36.15,4.0,0,0,0
55075,Marinette County,WI,0.1088,0.118,0.1349,0.0735,0.3379,4.2,0.5,4.3,0.2,18.7,3.8,7.8,2.2,3.4,18.2,15.9,5.5,76.95,24.299999999999997,11.9,12.75,34.55,76.6,37.7,5.0,0,0,0
55077,Marquette County,WI,0.2227,0.2829,0.44,0.1861,0.1896,4.5,0.5,5.6,0.6,20.5,3.6,8.5,3.8,1.8,23.2,18.2,7.6,77.3,24.5,12.35,13.55,35.0,79.2,43.2,6.0,0,0,0
55078,Menominee County,WI,0.5743,0.5692,0.5997,0.9927,0.2749,5.2,0.2,23.8,0.0,26.8,10.7,4.5,8.4,0.1,13.8,15.9,89.1,76.9,23.700000000000003,16.75,28.049999999999997,32.05,74.4,45.4,5.0,0,0,0
55079,Milwaukee County,WI,0.8276,0.6942,0.7569,0.8743,0.839,12.6,25.7,7.3,3.3,27.3,4.7,10.5,16.1,20.4,33.0,12.4,50.7,78.1,23.65,12.75,19.35,31.7,82.65,38.7,1.0,0,0,0
55081,Monroe County,WI,0.4432,0.3315,0.3497,0.3166,0.7474,7.1,1.5,9.2,0.8,21.6,2.7,9.1,5.1,4.4,21.3,13.6,10.9,75.9,25.799999999999997,11.600000000000001,14.5,32.95,77.7,44.2,5.0,0,0,0
55083,Oconto County,WI,0.0204,0.0477,0.0525,0.0983,0.1005,3.3,0.2,4.1,0.1,15.4,2.0,7.6,2.1,1.7,18.5,14.3,6.0,77.35,24.15,11.15,12.1,34.25,77.8,42.35,3.0,0,0,0
55085,Oneida County,WI,0.036,0.0799,0.0713,0.1037,0.0974,3.7,0.4,5.0,0.2,17.9,2.2,4.6,1.7,3.4,21.0,14.8,6.1,77.65,24.8,11.55,10.35,33.85,78.25,35.05,6.0,0,0,0
55087,Outagamie County,WI,0.0671,0.0366,0.1094,0.3977,0.2412,4.2,1.3,4.6,1.0,12.3,3.1,5.8,4.7,9.3,18.4,10.6,13.8,77.85,24.0,9.600000000000001,10.5,32.75,80.75,36.5,4.0,0,0,0
55089,Ozaukee County,WI,0.0395,0.0305,0.0926,0.2816,0.1492,3.6,1.4,2.6,0.5,9.4,2.6,2.3,3.4,10.0,21.3,10.0,9.8,78.5,22.55,8.95,7.65,33.900000000000006,83.85,30.35,2.0,0,0,0
55091,Pepin County,WI,0.0442,0.0808,0.2603,0.0474,0.055,3.9,0.3,7.4,0.6,14.6,2.2,6.1,2.3,2.5,18.6,12.4,4.9,77.05,23.65,10.7,10.55,33.5,78.2,36.5,6.0,0,0,0
55093,Pierce County,WI,0.0216,0.0442,0.0051,0.1928,0.329,3.5,0.5,3.6,0.1,15.1,2.9,4.5,2.5,6.3,20.2,10.5,7.7,74.4,23.7,9.350000000000001,10.15,31.450000000000003,75.75,33.75,2.0,0,0,0
55095,Polk County,WI,0.0703,0.1648,0.1015,0.0932,0.1282,3.2,0.4,6.5,0.2,14.4,4.2,6.5,2.0,3.6,20.8,14.2,5.9,75.9,23.5,10.8,10.95,35.1,79.4,35.400000000000006,6.0,0,0,0
55097,Portage County,WI,0.1063,0.098,0.0347,0.2879,0.4613,4.7,0.9,5.1,0.8,17.4,3.3,5.3,3.6,7.4,20.5,10.8,10.0,76.75,24.85,9.149999999999999,11.55,32.1,80.1,35.8,5.0,0,0,0
55099,Price County,WI,0.2253,0.2138,0.2364,0.1276,0.4916,5.6,0.2,5.9,0.2,21.8,2.7,7.1,2.1,3.2,22.3,17.1,6.6,77.85,23.3,12.4,13.35,34.6,75.9,42.35,6.0,0,0,0
55101,Racine County,WI,0.4674,0.3163,0.6519,0.6656,0.4515,5.9,10.7,5.3,1.3,17.9,4.4,8.8,14.5,9.4,24.6,12.9,30.1,76.2,22.75,11.45,14.6,30.7,82.8,42.25,4.0,0,0,0
55103,Richland County,WI,0.3764,0.2892,0.4703,0.1508,0.6274,7.4,0.7,9.7,1.0,21.9,2.6,8.9,2.8,4.2,19.6,14.2,7.0,75.95,23.5,11.85,13.8,32.4,75.85,37.55,6.0,0,0,0
55105,Rock County,WI,0.2988,0.2176,0.5259,0.5119,0.3121,5.5,4.6,5.5,1.4,16.9,3.9,7.7,9.5,7.5,22.8,13.2,19.0,75.65,23.700000000000003,11.3,13.05,32.0,73.8,41.8,4.0,0,0,0
55107,Rusk County,WI,0.216,0.3627,0.329,0.0983,0.1756,3.9,0.7,6.9,0.2,22.2,4.7,8.9,2.1,1.9,20.5,16.7,6.0,77.75,23.85,12.75,14.15,33.85,77.9,41.0,6.0,0,0,0
55109,St. Croix County,WI,0.0086,0.0073,0.0668,0.1753,0.0474,2.9,0.7,3.6,0.4,9.9,2.2,3.8,2.6,6.8,18.1,9.8,7.4,75.05000000000001,22.950000000000003,8.85,8.95,30.45,80.35,35.9,2.0,0,0,0
55111,Sauk County,WI,0.2323,0.1877,0.3309,0.3217,0.3869,5.2,0.8,6.6,0.9,15.8,2.8,7.8,5.8,8.0,22.7,12.9,11.0,75.95,24.85,11.05,11.85,32.3,79.9,40.3,5.0,0,0,0
55113,Sawyer County,WI,0.3758,0.4731,0.3178,0.5829,0.237,4.3,0.6,7.3,0.3,22.3,6.5,7.2,2.8,1.7,22.0,15.4,23.5,77.94999999999999,23.95,12.8,14.5,33.95,77.35,34.25,6.0,0,0,0
55115,Shawano County,WI,0.1769,0.1639,0.1728,0.4146,0.3089,5.0,0.5,6.4,0.2,18.7,2.9,7.9,3.1,3.7,20.0,14.9,14.4,77.15,22.85,11.3,13.7,33.3,75.6,40.3,5.0,0,0,0
55117,Sheboygan County,WI,0.16,0.0465,0.2552,0.4871,0.4645,4.9,1.9,4.2,1.0,14.6,2.8,6.2,6.9,9.1,19.3,10.7,17.6,76.55000000000001,22.45,10.4,11.6,32.1,81.3,36.5,4.0,0,0,0
55119,Taylor County,WI,0.189,0.2612,0.3659,0.0579,0.2055,5.3,0.2,6.3,1.1,18.6,3.2,10.7,2.4,2.0,21.3,11.7,5.2,77.2,22.450000000000003,11.15,12.6,33.8,80.4,44.2,6.0,0,0,0
55121,Trempealeau County,WI,0.1989,0.1788,0.4213,0.3503,0.2074,4.8,0.4,7.8,2.1,16.2,2.6,8.3,9.2,3.7,20.4,10.5,11.9,76.1,23.85,11.05,12.95,32.55,76.65,41.2,6.0,0,0,0
55123,Vernon County,WI,0.4779,0.4353,0.5504,0.0544,0.6977,8.4,0.2,14.4,1.4,22.0,2.5,9.7,1.7,3.9,21.0,10.5,5.1,76.15,23.799999999999997,11.3,13.0,33.25,78.1,38.75,4.0,0,0,0
55125,Vilas County,WI,0.0729,0.2014,0.0913,0.4314,0.0398,4.4,0.5,7.1,0.1,17.1,4.6,4.6,2.6,1.7,20.8,15.8,15.1,77.2,23.9,11.350000000000001,11.45,36.15,79.4,38.349999999999994,6.0,0,0,0
55127,Walworth County,WI,0.2074,0.1995,0.1584,0.4407,0.3608,3.6,0.8,6.0,1.8,15.9,3.1,8.1,11.4,8.1,23.1,11.9,15.5,76.0,22.35,10.2,11.350000000000001,32.2,77.25,38.849999999999994,5.0,0,0,0
55129,Washburn County,WI,0.119,0.2762,0.1788,0.1339,0.085,3.6,0.2,6.5,0.3,20.8,4.1,6.7,1.9,1.5,22.5,16.2,6.7,77.6,22.85,12.05,12.25,36.0,75.4,35.35,6.0,0,0,0
55131,Washington County,WI,0.008,0.0194,0.0344,0.2294,0.0401,3.5,1.3,3.5,0.3,8.6,3.1,4.8,3.4,9.3,18.3,9.7,8.5,77.55000000000001,22.950000000000003,9.3,9.0,32.65,79.7,36.15,2.0,0,0,0
55133,Waukesha County,WI,0.0191,0.02,0.0541,0.3888,0.0853,3.3,1.6,3.1,0.7,8.1,2.6,3.2,5.1,13.4,19.9,9.6,13.4,77.95,20.799999999999997,9.35,7.8999999999999995,32.45,83.69999999999999,33.25,2.0,0,0,0
55135,Waupaca County,WI,0.1142,0.1037,0.2059,0.1276,0.2937,4.5,0.7,5.9,0.4,15.2,2.7,7.2,3.4,4.7,20.1,14.2,6.6,76.5,23.7,11.55,12.350000000000001,33.65,82.95,38.0,6.0,0,0,0
55137,Waushara County,WI,0.3917,0.3837,0.3583,0.3322,0.51,4.9,1.9,8.4,0.8,18.2,4.1,10.8,6.5,2.7,21.8,15.9,11.3,76.69999999999999,23.1,12.3,13.600000000000001,32.95,77.65,39.6,6.0,0,0,0
55139,Winnebago County,WI,0.1549,0.1094,0.0853,0.3847,0.5084,5.2,2.5,4.7,0.8,18.3,2.4,5.8,4.5,12.0,22.2,12.1,13.3,77.3,23.65,10.55,11.3,31.9,81.8,40.3,4.0,0,0,0
55141,Wood County,WI,0.1791,0.1651,0.3487,0.2399,0.2619,4.8,0.7,5.0,0.5,18.5,4.2,6.7,3.4,8.3,20.5,14.8,8.8,75.80000000000001,23.45,11.149999999999999,12.3,32.25,80.44999999999999,39.95,5.0,0,0,0
56001,Albany County,WY,0.2533,0.5651,0.0006,0.5119,0.5857,4.9,0.8,7.8,0.3,31.5,4.4,3.4,9.9,9.5,34.0,10.3,19.0,68.85,23.2,8.35,15.25,29.549999999999997,64.80000000000001,28.8,5.0,0,0,1
56003,Big Horn County,WY,0.531,0.5447,0.7926,0.4018,0.3064,3.0,0.4,14.1,1.5,20.2,6.0,11.9,9.7,0.8,16.1,16.8,13.9,66.65,22.3,11.2,15.25,32.4,60.95,33.849999999999994,6.0,0,0,1
56005,Campbell County,WY,0.2367,0.2345,0.3137,0.4018,0.2819,3.0,0.4,13.8,0.8,14.4,3.0,8.0,8.9,8.1,19.0,10.4,13.9,66.7,22.9,9.5,15.25,32.0,63.45,35.599999999999994,5.0,0,0,1
56007,Carbon County,WY,0.5377,0.51,0.4547,0.5892,0.5539,3.6,1.4,14.2,0.6,25.3,4.8,9.9,18.7,3.8,16.5,12.6,23.8,67.8,20.200000000000003,11.8,15.25,32.75,61.0,38.45,6.0,0,0,1
56009,Converse County,WY,0.2781,0.2778,0.3169,0.3503,0.37,4.5,0.2,10.1,0.9,18.1,4.3,7.7,8.5,6.2,19.0,15.6,11.9,69.19999999999999,21.5,10.4,15.25,31.799999999999997,65.3,37.099999999999994,6.0,0,0,1
56011,Crook County,WY,0.0722,0.0881,0.3678,0.1753,0.0767,1.5,0.0,6.9,1.0,10.7,1.0,5.9,2.8,0.9,21.7,11.6,7.4,69.9,20.950000000000003,9.95,15.25,32.35,67.85,32.35,6.0,0,0,1
56013,Fremont County,WY,0.7642,0.7582,0.4442,0.6793,0.8193,5.2,0.5,19.4,0.1,23.5,8.2,6.9,7.8,3.7,24.0,14.7,31.1,65.0,21.15,11.25,15.25,30.75,63.8,34.0,5.0,0,0,1
56015,Goshen County,WY,0.2918,0.2214,0.2485,0.4445,0.5348,4.7,0.5,8.7,0.3,16.9,2.6,6.7,11.2,4.2,22.8,17.4,15.7,69.8,21.65,11.0,15.25,32.1,68.0,37.15,6.0,0,0,1
56017,Hot Springs County,WY,0.1938,0.2628,0.2848,0.3118,0.1769,4.2,0.0,15.0,0.1,27.3,1.4,4.9,4.1,1.7,16.6,18.9,10.7,70.85,21.95,12.25,15.25,35.15,67.4,35.3,6.0,0,0,1
56019,Johnson County,WY,0.1709,0.2981,0.0461,0.328,0.2946,3.1,0.2,11.5,0.0,25.9,2.3,7.2,5.5,3.4,18.3,13.3,11.2,68.8,20.700000000000003,11.2,15.25,34.650000000000006,66.69999999999999,35.6,6.0,0,0,1
56021,Laramie County,WY,0.2514,0.2657,0.2129,0.5759,0.272,4.9,2.1,8.6,0.5,15.8,3.5,5.7,15.5,5.8,25.2,14.0,23.0,69.35,21.4,9.9,15.25,32.15,69.2,33.849999999999994,4.0,0,0,1
56023,Lincoln County,WY,0.118,0.1015,0.2864,0.2323,0.2036,3.1,0.1,12.3,1.1,12.2,2.6,5.9,5.0,1.0,14.4,12.3,8.6,67.85,20.549999999999997,10.15,15.25,31.25,66.65,35.099999999999994,6.0,0,0,1
56025,Natrona County,WY,0.3987,0.2991,0.5775,0.42,0.4601,4.2,0.4,11.1,0.5,16.7,3.5,5.9,9.1,10.5,23.2,15.2,14.6,69.6,23.549999999999997,10.35,15.25,30.3,69.8,36.5,4.0,0,0,1
56027,Niobrara County,WY,0.419,0.6955,0.1623,0.3118,0.2988,3.0,0.2,8.5,0.3,27.0,5.3,8.1,5.0,3.5,31.8,16.9,10.7,69.35,23.35,11.4,15.25,33.0,63.900000000000006,36.45,6.0,0,0,1
56029,Park County,WY,0.1072,0.216,0.0608,0.3446,0.1527,2.5,0.6,11.7,0.1,16.6,2.7,4.6,6.0,1.9,21.6,12.4,11.7,68.80000000000001,21.799999999999997,10.2,15.25,32.65,70.7,31.65,5.0,0,0,1
56031,Platte County,WY,0.3309,0.3611,0.4757,0.4222,0.2507,3.4,0.5,18.2,0.9,21.2,4.0,6.5,8.4,4.8,18.5,18.6,14.7,68.75,20.9,11.55,15.25,33.25,61.75,35.9,6.0,0,0,1
56033,Sheridan County,WY,0.2211,0.2625,0.0872,0.265,0.49,4.0,0.3,10.5,0.4,14.6,3.0,3.7,4.7,6.1,26.3,11.8,9.4,69.9,23.85,9.65,15.25,29.75,72.2,30.55,5.0,0,0,1
56035,Sublette County,WY,0.1225,0.1238,0.3828,0.265,0.1308,0.8,0.0,10.4,0.2,12.8,3.9,4.1,7.0,2.1,16.7,15.0,9.4,69.8,21.049999999999997,9.8,15.25,33.900000000000006,66.75,33.099999999999994,6.0,0,0,1
56037,Sweetwater County,WY,0.4722,0.3703,0.6309,0.5616,0.4458,2.0,1.2,12.2,1.0,18.0,5.7,7.0,16.2,5.6,18.2,16.0,22.2,68.25,23.8,10.55,15.25,30.9,64.9,36.15,5.0,0,0,1
56039,Teton County,WY,0.1693,0.1005,0.0468,0.5352,0.5861,1.9,0.6,11.9,2.6,10.5,2.1,4.0,15.2,6.6,18.4,5.7,20.3,68.05,18.2,7.85,15.25,28.5,70.1,23.75,5.0,0,0,1
56041,Uinta County,WY,0.2803,0.1136,0.391,0.3824,0.6526,3.7,0.2,10.8,0.7,15.2,3.4,5.6,9.9,6.7,12.6,16.6,13.2,66.44999999999999,21.15,10.15,15.25,31.35,68.95,34.25,5.0,0,0,1
56043,Washakie County,WY,0.2192,0.2415,0.1858,0.5011,0.2717,4.7,0.0,11.5,0.4,19.1,1.8,5.3,14.3,1.1,22.1,13.5,18.4,67.35,21.15,12.0,15.25,32.55,64.94999999999999,33.349999999999994,6.0,0,0,1
56045,Weston County,WY,0.3331,0.3404,0.055,0.4165,0.7283,3.4,0.1,17.8,0.1,19.8,3.6,8.9,3.5,2.8,16.2,13.8,14.5,66.85,20.1,11.149999999999999,15.25,33.3,64.9,35.6,6.0,0,0,1
